#{"t_start": 1776768895.51006, "env_id": "None"}
r,l,t
-155.0,56,8.746842
-103.0,104,12.111782
-145.0,146,15.025014
-164.0,165,16.575633
-128.0,29,17.427893
-283.0,184,18.225917
-323.0,224,21.817476
-286.0,187,23.444509
-158.0,159,25.251148
-307.0,308,29.251631
-240.0,141,30.618732
-177.0,78,31.727214
-166.0,167,31.835254
-138.0,39,32.287647
-110.0,111,32.760505
-154.0,155,34.526304
-384.0,385,34.993304
-44.0,45,35.138882
-97.0,98,37.639833
-85.0,86,38.313218
-287.0,288,39.687999
-124.0,125,43.754547
-256.0,157,43.841436
-197.0,98,44.616449
-113.0,14,44.948731
-124.0,25,46.767743
-117.0,118,46.835857
-62.0,63,48.439549
-190.0,191,48.808061
-148.0,49,57.845684
-349.0,250,60.275855
-295.0,296,62.961701
-103.0,104,69.091231
-146.0,147,73.593789
-131.0,32,73.977237
-129.0,130,77.848325
-228.0,229,78.53584
-210.0,111,98.397491
-112.0,13,102.892379
-280.0,181,104.962889
-115.0,16,108.599268
-101.0,102,108.942818
-115.0,16,114.411168
-129.0,130,122.707955
-158.0,159,124.195453
-151.0,152,126.713507
-174.0,75,131.363834
-134.0,35,136.845972
-344.0,245,143.357166
-293.0,194,146.527897
-158.0,59,152.624534
-133.0,134,174.456211
-196.0,97,180.978832
-175.0,176,199.327516
-169.0,170,212.833194
-212.0,213,219.07775
-318.0,319,228.472172
-131.0,132,228.472231
-143.0,44,229.22557
-157.0,158,231.499782
-125.0,126,266.038675
-244.0,145,282.194906
-192.0,193,299.880447
-600.0,600,326.3108
-600.0,600,341.462986
-600.0,600,422.118676
-600.0,600,452.408037
-101.0,2,453.165019
-600.0,600,454.767757
-600.0,600,489.419601
-600.0,600,506.078044
-600.0,600,523.974949
-600.0,600,550.513213
-600.0,600,565.611209
-600.0,600,646.392967
-546.0,447,657.001904
-664.0,565,664.97197
-600.0,600,679.840803
-600.0,600,731.532278
-600.0,600,749.80283
-331.0,232,752.998541
-152.0,53,770.280515
-600.0,600,777.027727
-219.0,120,777.410016
-173.0,74,781.273851
-126.0,27,787.657743
-481.0,382,791.433923
-600.0,600,792.600089
-100.0,1,792.980397
-132.0,33,793.793771
-224.0,125,824.395092
-405.0,406,834.00664
-212.0,113,836.777724
-85.0,86,856.834905
-229.0,130,882.602657
-600.0,600,884.085608
-316.0,317,889.884491
-107.0,108,897.401057
-279.0,280,898.527651
-270.0,171,900.785309
-154.0,55,903.444908
-299.0,300,904.497868
-156.0,57,918.645661
-149.0,50,922.120115
-202.0,103,928.637933
-97.0,98,937.704716
-133.0,34,941.529334
-164.0,65,943.338825
-68.0,69,948.105603
-144.0,145,958.744007
-585.0,486,970.007361
-72.0,73,970.007429
-148.0,49,976.990649
-295.0,296,994.957522
-170.0,71,1003.511002
-290.0,291,1007.248516
-198.0,199,1011.760462
-130.0,131,1019.077066
-220.0,221,1030.205923
-169.0,70,1045.11616
-118.0,119,1047.874084
-58.0,59,1052.367578
-324.0,325,1062.343067
-157.0,58,1069.283424
-157.0,58,1083.767188
-241.0,242,1084.868283
-107.0,8,1086.806531
-200.0,101,1089.738566
-160.0,161,1104.966207
-211.0,112,1110.892077
-390.0,291,1119.791712
-160.0,61,1127.640936
-532.0,433,1131.428924
-128.0,129,1137.676792
-155.0,56,1148.36103
-179.0,180,1151.742619
-199.0,100,1168.076102
-437.0,438,1169.569282
-248.0,249,1178.695274
-285.0,186,1188.20777
-211.0,212,1188.944582
-128.0,29,1189.33877
-175.0,176,1212.694272
-186.0,187,1219.91527
-143.0,144,1220.692507
-191.0,92,1222.599159
-118.0,19,1227.833862
-272.0,273,1237.602701
-158.0,159,1247.705601
-175.0,76,1248.080986
-197.0,98,1248.803852
-124.0,25,1257.097706
-239.0,240,1257.489769
-101.0,2,1257.843275
-316.0,217,1267.784443
-209.0,110,1289.241027
-203.0,104,1296.045799
-160.0,61,1312.144482
-179.0,180,1325.044369
-267.0,268,1337.38155
-266.0,267,1347.468052
-330.0,331,1351.371011
-145.0,146,1351.371084
-478.0,379,1364.368226
-185.0,86,1384.039089
-148.0,149,1394.291265
-48.0,49,1402.811457
-204.0,205,1403.195307
-239.0,240,1403.630116
-126.0,27,1404.82768
-254.0,155,1406.76682
-267.0,168,1415.470311
-138.0,39,1418.671145
-159.0,160,1425.470772
-178.0,79,1448.375044
-252.0,153,1461.255422
-259.0,160,1463.714012
-230.0,231,1492.272359
-600.0,600,1494.950198
-223.0,124,1495.350458
-100.0,1,1495.350513
-190.0,91,1498.023326
-129.0,30,1506.735996
-216.0,217,1507.482794
-143.0,44,1509.039488
-286.0,287,1515.412309
-157.0,58,1519.831877
-172.0,73,1534.226329
-164.0,65,1539.971572
-55.0,56,1555.077347
-116.0,117,1563.411785
-113.0,14,1568.703803
-285.0,186,1576.891269
-307.0,308,1576.891335
-220.0,221,1591.541723
-51.0,52,1596.474274
-375.0,276,1598.854543
-158.0,159,1599.223788
-133.0,34,1611.264371
-169.0,170,1618.288088
-157.0,158,1627.70672
-600.0,600,1640.699025
-135.0,136,1649.575798
-196.0,97,1654.393692
-296.0,197,1664.702378
-257.0,258,1672.825552
-241.0,242,1838.436848
-185.0,86,1838.436901
-212.0,213,1842.41186
-160.0,61,1847.472872
-187.0,188,1849.259169
-125.0,26,1851.909444
-239.0,140,1853.42893
-178.0,79,1878.170606
-112.0,13,1882.964261
-227.0,128,1885.240709
-118.0,119,1891.159239
-217.0,118,1895.143905
-220.0,221,1898.127656
-287.0,188,1907.351758
-152.0,153,1909.741686
-196.0,97,1918.937354
-200.0,101,1922.687254
-179.0,80,1924.882252
-149.0,150,1965.091317
-159.0,160,1966.550345
-225.0,126,1969.100881
-212.0,213,1976.690338
-134.0,35,1977.792837
-46.0,47,1986.323987
-293.0,294,1999.437525
-246.0,247,2009.824022
-192.0,93,2012.118444
-600.0,600,2014.121235
-260.0,261,2021.315825
-133.0,134,2026.361448
-293.0,194,2038.238224
-152.0,153,2042.900799
-116.0,117,2053.097268
-193.0,94,2055.780132
-117.0,118,2057.632835
-124.0,25,2062.3887
-271.0,172,2063.135068
-61.0,62,2085.969279
-36.0,37,2099.676155
-287.0,188,2107.558069
-133.0,134,2112.151805
-240.0,241,2132.361347
-194.0,95,2143.15318
-454.0,355,2143.888441
-263.0,264,2154.062511
-138.0,39,2157.801004
-134.0,135,2162.693726
-70.0,71,2170.682046
-216.0,117,2176.259678
-121.0,122,2208.387976
-267.0,168,2220.91663
-135.0,136,2227.523566
-342.0,343,2228.723912
-600.0,600,2250.375142
-267.0,268,2254.928079
-98.0,99,2258.447061
-219.0,120,2272.629483
-188.0,189,2279.880725
-138.0,139,2281.046952
-600.0,600,2282.690859
-83.0,84,2311.66313
-163.0,164,2312.449134
-242.0,143,2312.449207
-102.0,103,2350.401245
-213.0,214,2363.483087
-239.0,240,2363.48317
-353.0,354,2388.729672
-600.0,600,2396.970704
-106.0,107,2403.7489
-132.0,33,2416.069807
-173.0,74,2416.446503
-282.0,283,2419.123222
-386.0,287,2420.578497
-292.0,193,2423.223557
-212.0,113,2439.554076
-182.0,83,2447.696892
-182.0,83,2448.076442
-195.0,96,2456.984018
-149.0,50,2466.230173
-171.0,72,2474.849505
-230.0,231,2505.810067
-600.0,600,2506.965087
-302.0,203,2515.629169
-131.0,32,2519.241777
-140.0,41,2521.580506
-271.0,272,2525.809837
-142.0,43,2532.33459
-255.0,156,2533.850965
-127.0,28,2536.566397
-208.0,209,2545.161992
-181.0,82,2550.346576
-164.0,65,2556.816893
-171.0,72,2563.506859
-140.0,141,2574.983872
-600.0,600,2589.663181
-198.0,99,2594.208039
-260.0,161,2594.587441
-126.0,127,2598.327138
-121.0,22,2602.851818
-155.0,156,2603.961517
-243.0,144,2617.902504
-284.0,185,2644.305335
-110.0,111,2644.305398
-174.0,175,2655.230494
-142.0,143,2657.440485
-53.0,54,2664.620451
-208.0,209,2676.520702
-157.0,158,2676.878376
-232.0,233,2681.532166
-600.0,600,2682.638569
-135.0,36,2696.035971
-100.0,101,2702.301949
-151.0,152,2714.115547
-115.0,16,2720.108956
-242.0,143,2730.106731
-95.0,96,2737.813606
-251.0,252,2738.195572
-256.0,157,2739.768431
-316.0,217,2757.294281
-168.0,169,2758.802585
-297.0,298,2766.183661
-98.0,99,2766.927103
-132.0,133,2769.640742
-88.0,89,2771.127014
-97.0,98,2775.012358
-154.0,55,2790.362187
-167.0,68,2791.880885
-81.0,82,2797.903082
-185.0,186,2809.613636
-155.0,56,2819.043421
-138.0,139,2823.584433
-309.0,210,2836.299595
-106.0,107,2863.603166
-256.0,157,2868.504641
-310.0,211,2871.175112
-220.0,221,2873.392751
-154.0,155,2877.144106
-272.0,273,2877.501998
-184.0,85,2900.33079
-220.0,221,2919.095406
-132.0,133,2927.375901
-193.0,194,2936.316078
-176.0,177,2939.657221
-163.0,64,2960.165012
-254.0,255,2966.567572
-129.0,130,2967.707807
-267.0,268,2977.530522
-150.0,51,2979.380109
-600.0,600,2983.817294
-182.0,183,2995.547656
-374.0,275,3003.075509
-66.0,67,3008.685668
-115.0,116,3010.975647
-135.0,136,3017.325877
-138.0,39,3023.434938
-308.0,309,3054.906733
-92.0,93,3057.982383
-117.0,18,3061.671404
-127.0,128,3064.902354
-229.0,230,3064.902409
-261.0,262,3074.866674
-58.0,59,3079.658526
-99.0,100,3101.589693
-259.0,260,3107.081175
-188.0,89,3107.445382
-178.0,79,3108.576183
-406.0,307,3116.731584
-167.0,168,3126.629509
-56.0,57,3128.092114
-163.0,64,3130.957836
-205.0,206,3137.27609
-185.0,86,3140.258984
-110.0,111,3142.399835
-147.0,48,3154.937019
-183.0,84,3157.578393
-116.0,117,3173.926796
-309.0,210,3193.945443
-308.0,209,3205.083575
-297.0,198,3213.485964
-600.0,600,3217.76584
-196.0,197,3228.108236
-101.0,102,3232.187475
-155.0,56,3252.936954
-128.0,129,3253.312572
-268.0,269,3257.408492
-250.0,151,3269.754357
-212.0,113,3270.123029
-158.0,59,3274.938491
-331.0,332,3297.609618
-244.0,145,3311.130986
-112.0,113,3311.892725
-201.0,202,3328.187979
-253.0,154,3331.976926
-164.0,65,3336.123533
-322.0,323,3337.632743
-246.0,247,3361.298927
-600.0,600,3365.068158
-190.0,91,3365.780413
-140.0,41,3376.472997
-145.0,146,3382.41818
-126.0,127,3384.656183
-228.0,229,3396.20857
-261.0,162,3425.767918
-166.0,167,3426.915029
-88.0,89,3429.057755
-455.0,356,3429.441106
-120.0,21,3433.61482
-163.0,164,3437.292107
-159.0,60,3451.474863
-196.0,197,3455.099224
-340.0,341,3461.979209
-168.0,69,3462.344564
-128.0,29,3472.989385
-348.0,249,3476.451955
-210.0,111,3492.316621
-173.0,174,3493.040454
-53.0,54,3496.33478
-181.0,82,3503.239469
-135.0,136,3505.050864
-124.0,25,3512.473003
-143.0,144,3515.043037
-258.0,259,3522.002691
-103.0,104,3534.412839
-281.0,282,3537.043808
-113.0,14,3542.100118
-251.0,152,3548.011258
-150.0,151,3548.371025
-104.0,5,3549.833173
-129.0,130,3552.747159
-161.0,62,3557.07761
-80.0,81,3579.363735
-224.0,225,3596.992494
-60.0,61,3601.484883
-138.0,139,3603.299708
-249.0,250,3603.686612
-161.0,162,3607.385695
-258.0,259,3616.481392
-203.0,104,3639.269347
-134.0,135,3646.203678
-108.0,9,3649.545181
-167.0,168,3668.469641
-160.0,161,3675.228428
-340.0,341,3681.438831
-223.0,224,3685.562238
-84.0,85,3801.055995
-315.0,316,3820.080299
-72.0,73,3827.839646
-150.0,151,3838.118409
-262.0,163,3846.661168
-155.0,56,3848.575043
-268.0,269,3849.673649
-600.0,600,3863.059462
-188.0,89,3882.57822
-124.0,125,3884.49929
-134.0,35,3897.356591
-212.0,213,3898.847073
-141.0,142,3901.058221
-279.0,180,3913.20071
-87.0,88,3915.222138
-221.0,122,3944.136424
-222.0,123,3958.994877
-600.0,600,3961.949856
-108.0,9,3965.276829
-105.0,6,3967.546903
-124.0,25,3968.291563
-294.0,295,3972.328011
-114.0,15,3977.926247
-244.0,245,3988.270615
-144.0,145,3997.711677
-600.0,600,3998.061683
-287.0,288,4021.474168
-332.0,333,4024.106278
-263.0,164,4028.519579
-163.0,164,4057.48485
-249.0,250,4058.961377
-248.0,249,4068.788567
-227.0,228,4071.301498
-321.0,222,4078.896885
-196.0,197,4095.47917
-314.0,215,4099.451852
-125.0,126,4103.201128
-106.0,107,4110.066199
-342.0,243,4116.662733
-142.0,143,4120.73733
-71.0,72,4125.8444
-136.0,37,4130.267481
-196.0,197,4130.633878
-143.0,144,4131.36867
-83.0,84,4133.907954
-96.0,97,4145.412397
-137.0,138,4145.806457
-194.0,95,4165.94772
-137.0,138,4180.498518
-138.0,139,4196.404072
-200.0,201,4198.928174
-201.0,202,4203.996428
-234.0,235,4206.15472
-203.0,204,4208.001521
-207.0,208,4221.076784
-238.0,139,4231.102441
-127.0,128,4245.670363
-155.0,56,4251.473235
-138.0,39,4259.761068
-199.0,200,4269.108367
-168.0,169,4269.471828
-334.0,335,4287.657709
-214.0,115,4301.43218
-286.0,287,4308.447361
-123.0,124,4314.400618
-275.0,176,4315.557867
-153.0,54,4328.438478
-168.0,169,4331.348415
-123.0,124,4333.134572
-152.0,153,4357.573554
-175.0,176,4379.761506
-438.0,439,4381.281528
-209.0,210,4391.110673
-191.0,192,4403.177359
-600.0,600,4425.301207
-227.0,128,4426.75952
-373.0,274,4428.586301
-211.0,112,4432.293947
-316.0,317,4447.112988
-64.0,65,4450.468892
-271.0,272,4456.886911
-231.0,232,4465.969951
-151.0,152,4480.587403
-254.0,255,4496.096959
-205.0,106,4504.466074
-322.0,223,4509.539606
-173.0,174,4510.293725
-292.0,193,4520.510974
-36.0,37,4523.905278
-144.0,45,4526.077812
-119.0,20,4531.118822
-44.0,45,4542.453231
-234.0,135,4545.315475
-244.0,245,4546.042319
-326.0,327,4551.034811
-145.0,146,4557.606593
-153.0,154,4586.89997
-230.0,231,4634.851071
-248.0,249,4647.884175
-293.0,294,4651.748541
-505.0,506,4663.772329
-339.0,340,4665.294978
-338.0,339,4668.563994
-312.0,313,4699.859785
-66.0,67,4724.545172
-273.0,274,4734.15083
-600.0,600,4738.359181
-305.0,206,4740.593858
-257.0,258,4745.715926
-246.0,247,4758.792806
-189.0,90,4771.231182
-327.0,328,4783.672163
-90.0,91,4804.590854
-222.0,223,4822.26511
-241.0,242,4823.011539
-365.0,366,4859.308859
-309.0,210,4861.292508
-318.0,319,4863.131753
-600.0,600,4867.499425
-319.0,320,4876.727967
-182.0,183,4889.681328
-78.0,79,4896.325129
-137.0,138,4913.396636
-315.0,316,4920.774379
-238.0,239,4963.601547
-318.0,219,4976.035386
-434.0,435,4982.127436
-310.0,311,5002.454364
-425.0,426,5014.172459
-224.0,125,5021.089944
-160.0,161,5021.825742
-166.0,67,5026.786419
-402.0,303,5030.470554
-172.0,173,5044.13595
-390.0,391,5054.291443
-600.0,600,5077.318322
-177.0,178,5084.367164
-208.0,209,5087.951436
-239.0,240,5105.382938
-170.0,171,5114.146083
-136.0,137,5136.456813
-147.0,148,5136.822353
-464.0,365,5159.406508
-63.0,64,5159.745557
-136.0,137,5163.401614
-115.0,16,5165.561124
-433.0,434,5197.97952
-345.0,346,5200.556153
-230.0,131,5210.598518
-299.0,300,5213.237448
-137.0,138,5215.466412
-96.0,97,5233.351171
-600.0,600,5240.66701
-105.0,6,5242.999636
-220.0,121,5255.057198
-368.0,269,5257.183402
-285.0,186,5270.037337
-83.0,84,5275.472972
-210.0,211,5292.468166
-431.0,432,5295.457005
-231.0,232,5302.927962
-172.0,73,5303.345143
-205.0,206,5311.97071
-122.0,123,5316.947309
-149.0,50,5336.097532
-239.0,240,5347.288277
-120.0,121,5349.235778
-164.0,165,5366.421951
-234.0,235,5385.455803
-344.0,345,5389.677316
-211.0,112,5390.114077
-261.0,262,5392.80361
-96.0,97,5403.494809
-161.0,62,5409.390496
-66.0,67,5415.926792
-184.0,85,5425.492396
-166.0,67,5429.372092
-251.0,252,5432.788036
-316.0,317,5433.579875
-123.0,124,5437.503093
-190.0,91,5451.034105
-194.0,95,5469.503378
-207.0,108,5479.174751
-296.0,197,5485.307675
-135.0,136,5486.100378
-251.0,152,5487.998926
-196.0,97,5488.413388
-153.0,54,5490.328137
-163.0,64,5510.49491
-97.0,98,5516.630498
-555.0,456,5524.364304
-129.0,130,5535.268273
-122.0,123,5535.679317
-146.0,47,5542.694402
-181.0,82,5548.490329
-136.0,37,5562.906354
-200.0,201,5565.658998
-242.0,143,5566.051484
-102.0,103,5575.337031
-140.0,41,5578.793934
-37.0,38,5580.795157
-229.0,130,5586.212263
-151.0,152,5601.759583
-181.0,82,5610.601197
-126.0,127,5624.484813
-228.0,129,5630.67767
-68.0,69,5637.26602
-193.0,194,5753.770198
-153.0,154,5758.565299
-223.0,124,5762.308327
-600.0,600,5770.048539
-157.0,58,5775.704486
-111.0,12,5780.404281
-183.0,84,5790.454971
-164.0,65,5794.59845
-145.0,146,5799.213091
-159.0,60,5802.832747
-268.0,169,5814.30038
-174.0,75,5818.974638
-163.0,64,5827.314807
-135.0,36,5832.522711
-600.0,600,5833.660846
-213.0,114,5837.807246
-223.0,224,5847.368895
-294.0,295,5849.723527
-207.0,108,5855.400764
-173.0,74,5860.742886
-211.0,212,5879.644474
-95.0,96,5883.924973
-195.0,96,5892.089565
-188.0,89,5894.811414
-261.0,162,5899.814627
-225.0,226,5919.901623
-249.0,250,5922.67416
-191.0,192,5952.724223
-316.0,317,5970.180038
-236.0,237,5973.984904
-158.0,159,5982.550825
-106.0,7,5985.221179
-294.0,295,6003.546345
-237.0,138,6025.699023
-348.0,349,6026.438783
-298.0,299,6032.472791
-202.0,103,6042.403206
-386.0,387,6045.921924
-306.0,207,6048.074177
-257.0,258,6049.909497
-168.0,69,6052.50986
-153.0,54,6073.033498
-359.0,260,6083.286229
-103.0,104,6085.159769
-108.0,9,6088.547085
-133.0,34,6096.116937
-61.0,62,6096.46131
-270.0,171,6097.232062
-87.0,88,6129.429982
-276.0,277,6130.597277
-233.0,234,6131.016491
-91.0,92,6131.423248
-125.0,26,6139.39026
-112.0,13,6144.328104
-144.0,45,6148.131364
-146.0,47,6149.306787
-275.0,276,6152.611923
-278.0,279,6155.61106
-149.0,50,6163.041228
-193.0,94,6166.098437
-231.0,232,6176.213275
-72.0,73,6183.1941
-197.0,98,6185.142219
-163.0,64,6187.38156
-139.0,40,6198.43785
-273.0,274,6201.119854
-164.0,165,6211.739087
-158.0,159,6212.911764
-172.0,73,6212.911811
-182.0,83,6232.499016
-181.0,82,6243.971441
-124.0,125,6245.914339
-273.0,174,6253.488438
-105.0,6,6255.805728
-144.0,145,6266.707354
-140.0,41,6271.274847
-79.0,80,6274.246011
-318.0,319,6287.24513
-62.0,63,6290.646046
-312.0,313,6295.110291
-217.0,218,6315.145054
-279.0,280,6318.890805
-297.0,198,6320.772558
-123.0,24,6324.264872
-154.0,155,6330.108953
-138.0,39,6339.441722
-247.0,148,6343.759132
-227.0,128,6344.158928
-266.0,167,6354.465161
-90.0,91,6356.043476
-170.0,71,6366.70224
-264.0,165,6382.408477
-251.0,152,6388.360307
-157.0,58,6404.306214
-153.0,54,6408.844045
-157.0,158,6416.280228
-264.0,165,6417.41671
-199.0,200,6420.177258
-72.0,73,6444.194564
-291.0,292,6455.509677
-127.0,128,6466.320503
-246.0,247,6499.295402
-145.0,146,6500.483244
-215.0,216,6503.23712
-600.0,600,6503.991194
-284.0,285,6518.5934
-110.0,11,6522.964158
-60.0,61,6527.663397
-271.0,172,6533.145603
-133.0,34,6536.192172
-114.0,15,6538.964903
-224.0,125,6547.96348
-174.0,75,6565.483269
-220.0,121,6575.004013
-203.0,204,6580.148527
-209.0,210,6585.1684
-600.0,600,6598.13417
-134.0,135,6600.471344
-181.0,82,6606.565292
-45.0,46,6615.838486
-250.0,151,6624.158349
-222.0,123,6632.637906
-125.0,26,6634.157305
-214.0,115,6644.983934
-170.0,171,6646.157594
-233.0,134,6658.543885
-86.0,87,6666.301883
-348.0,349,6674.361153
-250.0,151,6674.361209
-127.0,28,6685.123506
-600.0,600,6688.188364
-121.0,122,6691.911935
-202.0,103,6705.423775
-155.0,156,6705.855152
-102.0,103,6713.3795
-248.0,149,6715.278856
-247.0,248,6728.914221
-226.0,127,6736.029482
-143.0,44,6745.528143
-107.0,108,6754.335229
-116.0,117,6759.698592
-213.0,214,6766.093053
-216.0,217,6774.092184
-100.0,101,6774.477494
-103.0,104,6785.067784
-119.0,120,6799.846873
-109.0,110,6801.394917
-53.0,54,6805.603398
-272.0,273,6808.997502
-202.0,103,6813.558832
-242.0,143,6820.502788
-126.0,27,6830.836097
-330.0,331,6831.636335
-187.0,88,6835.064914
-220.0,121,6876.736228
-211.0,212,6886.415308
-247.0,148,6891.380645
-346.0,247,6894.153259
-174.0,175,6898.420119
-170.0,71,6904.250353
-142.0,43,6908.101651
-181.0,82,6918.031271
-144.0,45,6921.577964
-386.0,387,6921.968537
-178.0,79,6951.331457
-122.0,23,6960.323904
-173.0,174,6960.704809
-392.0,393,6963.77998
-142.0,43,6980.08151
-263.0,164,6980.477524
-97.0,98,6998.036027
-363.0,264,6999.152807
-194.0,95,7016.798111
-265.0,266,7023.310969
-283.0,184,7030.74102
-600.0,600,7038.357728
-369.0,370,7049.288707
-245.0,146,7053.903979
-158.0,59,7060.631526
-198.0,99,7068.331361
-49.0,50,7068.331417
-247.0,248,7074.731625
-120.0,21,7076.167094
-140.0,41,7083.884307
-327.0,228,7086.103781
-119.0,20,7093.375685
-172.0,73,7103.823836
-213.0,214,7104.579928
-235.0,236,7106.53726
-226.0,127,7108.808561
-70.0,71,7120.580781
-156.0,57,7125.648695
-68.0,69,7130.913582
-250.0,151,7132.092875
-186.0,87,7158.87785
-78.0,79,7162.439924
-346.0,247,7178.055525
-464.0,365,7192.815094
-344.0,245,7202.394757
-271.0,272,7210.281249
-147.0,48,7211.047208
-150.0,151,7216.426369
-138.0,39,7225.151737
-360.0,261,7230.458109
-79.0,80,7232.725644
-239.0,240,7253.411448
-119.0,120,7256.51793
-105.0,106,7256.518003
-360.0,361,7258.09099
-119.0,120,7270.586105
-108.0,109,7274.038156
-161.0,62,7280.060525
-277.0,178,7297.670837
-178.0,79,7309.705455
-249.0,150,7314.544283
-126.0,127,7318.388773
-137.0,138,7325.960028
-204.0,205,7330.789979
-203.0,204,7333.399596
-56.0,57,7339.80768
-250.0,151,7354.578954
-193.0,94,7369.08796
-219.0,120,7371.397016
-221.0,122,7386.424398
-204.0,205,7387.549263
-162.0,163,7392.885497
-217.0,218,7397.402049
-600.0,600,7405.329632
-91.0,92,7406.458825
-175.0,176,7421.66754
-224.0,125,7433.727178
-183.0,84,7438.387069
-255.0,156,7446.638081
-210.0,111,7447.366544
-217.0,218,7451.961933
-169.0,170,7457.39135
-96.0,97,7458.584619
-47.0,48,7470.158012
-172.0,73,7474.203341
-211.0,112,7480.810154
-221.0,222,7481.542453
-100.0,101,7485.669153
-245.0,146,7489.140663
-131.0,32,7492.843499
-154.0,55,7506.27482
-230.0,131,7507.795491
-85.0,86,7513.858849
-210.0,111,7516.105302
-272.0,173,7535.253829
-192.0,93,7541.277457
-175.0,76,7544.700273
-348.0,249,7551.212789
-177.0,178,7555.951664
-115.0,16,7557.103391
-143.0,144,7568.224807
-172.0,73,7568.980048
-191.0,92,7570.174545
-212.0,213,7573.209773
-163.0,64,7580.463484
-172.0,73,7585.119394
-212.0,213,7588.368318
-242.0,143,7598.706222
-109.0,110,7614.107355
-172.0,73,7625.859302
-115.0,16,7631.933731
-127.0,28,7642.66542
-254.0,155,7643.058758
-172.0,173,7645.423874
-112.0,13,7647.748593
-254.0,255,7795.83283
-260.0,261,7799.134258
-143.0,144,7799.524486
-293.0,294,7809.607612
-132.0,33,7811.518123
-231.0,132,7823.430578
-281.0,282,7824.980637
-145.0,46,7828.765977
-88.0,89,7842.977318
-244.0,145,7850.387994
-197.0,198,7850.80245
-319.0,220,7861.651404
-265.0,166,7862.430181
-202.0,103,7864.395802
-142.0,43,7867.0216
-131.0,132,7873.949549
-45.0,46,7879.233571
-130.0,31,7891.110809
-231.0,132,7893.806574
-73.0,74,7895.374589
-142.0,143,7916.690888
-264.0,265,7929.53874
-144.0,45,7933.64611
-211.0,112,7937.505041
-267.0,168,7937.505093
-141.0,42,7949.674143
-259.0,260,7949.674196
-277.0,178,7958.314356
-249.0,250,7959.052268
-199.0,200,7969.437225
-181.0,82,7980.947789
-246.0,147,7993.470596
-148.0,149,7994.220984
-131.0,132,8009.416117
-213.0,214,8010.898277
-110.0,111,8011.675576
-165.0,66,8019.357523
-204.0,205,8036.556659
-194.0,95,8047.368265
-258.0,259,8048.503042
-155.0,56,8057.976955
-40.0,41,8073.477456
-106.0,7,8076.155725
-249.0,250,8076.155784
-300.0,301,8108.113298
-244.0,245,8112.659237
-99.0,100,8114.198786
-301.0,302,8124.51169
-211.0,212,8127.898075
-136.0,37,8142.005942
-257.0,258,8146.620523
-386.0,387,8159.106772
-136.0,137,8164.822502
-135.0,136,8176.114883
-302.0,203,8191.419999
-135.0,136,8193.604573
-314.0,315,8195.946468
-184.0,85,8197.122767
-171.0,72,8223.179511
-219.0,220,8229.914496
-352.0,353,8242.062497
-132.0,33,8242.454589
-117.0,18,8249.308683
-239.0,240,8250.128566
-121.0,22,8250.513725
-322.0,223,8260.834689
-179.0,180,8262.028869
-243.0,144,8278.097812
-275.0,276,8296.236716
-93.0,94,8297.755612
-159.0,160,8310.961586
-181.0,182,8318.673682
-322.0,323,8319.832515
-115.0,16,8324.695354
-206.0,107,8336.816975
-135.0,36,8350.67707
-220.0,221,8361.85842
-138.0,139,8363.83007
-146.0,147,8375.701192
-211.0,212,8378.404394
-315.0,316,8381.123923
-104.0,5,8382.942276
-201.0,202,8401.719006
-187.0,88,8411.843619
-151.0,52,8421.324354
-207.0,108,8424.034493
-277.0,178,8429.758948
-124.0,25,8430.913337
-278.0,179,8444.099192
-217.0,218,8447.178231
-267.0,268,8452.914641
-86.0,87,8477.428525
-600.0,600,8479.390864
-125.0,26,8489.334483
-160.0,161,8491.608868
-195.0,196,8506.084403
-61.0,62,8515.20364
-274.0,275,8517.142538
-173.0,74,8517.534939
-124.0,125,8525.214411
-183.0,84,8538.206344
-349.0,250,8542.695881
-127.0,28,8553.527304
-349.0,350,8558.158602
-132.0,133,8568.401154
-354.0,355,8588.547895
-201.0,202,8594.394924
-230.0,231,8613.720065
-154.0,155,8617.579628
-163.0,64,8619.171917
-133.0,134,8619.959658
-300.0,301,8630.736751
-135.0,136,8641.136475
-165.0,66,8645.265048
-197.0,98,8654.801854
-234.0,135,8665.092535
-334.0,335,8666.194698
-94.0,95,8666.579534
-335.0,336,8681.435006
-143.0,44,8681.435086
-114.0,115,8684.144062
-175.0,176,8685.638603
-130.0,131,8714.673391
-205.0,206,8721.956047
-129.0,130,8729.856774
-141.0,42,8730.643244
-228.0,229,8740.29654
-152.0,153,8741.040832
-148.0,49,8749.047403
-221.0,222,8749.417273
-183.0,184,8754.327448
-116.0,17,8755.46858
-184.0,85,8761.887741
-161.0,62,8763.774005
-118.0,119,8766.795332
-174.0,75,8783.563761
-175.0,76,8792.227416
-145.0,46,8801.007748
-97.0,98,8803.748562
-335.0,336,8807.471251
-147.0,148,8810.156067
-216.0,217,8824.575156
-149.0,50,8831.82823
-197.0,98,8841.241004
-119.0,120,8853.168037
-158.0,59,8855.370245
-271.0,272,8856.140096
-118.0,119,8856.470217
-211.0,112,8868.402165
-274.0,275,8868.74844
-113.0,14,8873.190431
-154.0,55,8887.449677
-131.0,132,8888.839318
-195.0,96,8889.502118
-206.0,107,8893.038357
-129.0,130,8900.367818
-145.0,146,8903.889195
-154.0,55,8908.09768
-324.0,325,8913.964472
-89.0,90,8918.849318
-161.0,62,8921.900489
-186.0,87,8934.058345
-219.0,120,8934.715136
-85.0,86,8937.833708
-189.0,190,8938.904943
-118.0,19,8941.292364
-115.0,16,8943.335012
-120.0,21,8950.492354
-294.0,195,8957.040509
-173.0,74,8959.394349
-252.0,153,8972.924283
-54.0,55,8977.671232
-202.0,103,8978.449558
-115.0,16,8978.850034
-143.0,44,8994.048533
-43.0,44,8995.138879
-229.0,230,8996.284624
-173.0,174,9002.146887
-241.0,142,9002.927411
-168.0,69,9004.038029
-152.0,53,9015.898421
-140.0,41,9019.283798
-191.0,92,9029.349782
-198.0,99,9039.01856
-164.0,65,9043.421345
-346.0,347,9048.29371
-239.0,240,9049.065571
-155.0,56,9050.159599
-123.0,24,9057.908443
-171.0,72,9065.723155
-234.0,235,9081.271545
-88.0,89,9081.271605
-63.0,64,9081.665144
-92.0,93,9084.688845
-223.0,224,9086.178317
-215.0,216,9096.25687
-272.0,173,9107.799975
-77.0,78,9110.41059
-139.0,40,9125.189064
-162.0,163,9126.315961
-123.0,124,9130.752945
-122.0,23,9133.809443
-170.0,171,9145.496526
-333.0,234,9173.329715
-150.0,151,9182.89905
-217.0,218,9189.4499
-388.0,289,9189.449961
-268.0,269,9196.936956
-176.0,177,9200.282992
-181.0,82,9204.434828
-247.0,248,9223.619754
-236.0,137,9234.09417
-124.0,125,9243.500466
-255.0,156,9262.500926
-226.0,227,9274.184333
-214.0,215,9280.586449
-368.0,369,9283.606413
-161.0,162,9294.965987
-160.0,161,9323.105567
-250.0,251,9337.713976
-145.0,46,9340.328704
-250.0,151,9340.328779
-142.0,43,9353.922049
-219.0,220,9356.862999
-458.0,459,9361.316914
-163.0,64,9364.394157
-396.0,397,9372.596944
-244.0,145,9408.26891
-301.0,202,9432.815688
-348.0,249,9433.932466
-287.0,188,9443.279529
-104.0,5,9445.051147
-180.0,81,9463.113324
-521.0,522,9476.978988
-600.0,600,9520.929854
-194.0,95,9556.891099
-537.0,538,9564.376305
-600.0,600,9590.520249
-121.0,22,9598.689612
-262.0,163,9617.366047
-173.0,74,9626.009254
-600.0,600,9633.861459
-566.0,467,9638.712169
-600.0,600,9658.981591
-600.0,600,9937.90088
-263.0,164,9945.569662
-126.0,127,9948.05119
-169.0,70,9951.880936
-600.0,600,9967.710619
-600.0,600,10052.831267
-600.0,600,10114.926555
-600.0,600,10127.6634
-357.0,258,10149.420828
-600.0,600,10159.565578
-600.0,600,10168.019986
-600.0,600,10170.596333
-600.0,600,10174.799709
-600.0,600,10191.156999
-303.0,204,10251.25758
-388.0,389,10273.827729
-317.0,318,10310.717729
-490.0,391,10314.776994
-600.0,600,10340.201567
-522.0,523,10345.819697
-600.0,600,10385.376765
-600.0,600,10396.428838
-348.0,249,10404.833725
-107.0,8,10407.794894
-406.0,407,10468.760468
-600.0,600,10477.809914
-600.0,600,10500.422679
-87.0,88,10501.954412
-600.0,600,10566.897697
-600.0,600,10572.520073
-600.0,600,10611.514868
-600.0,600,10622.273225
-600.0,600,10633.503648
-281.0,282,10677.735841
-546.0,547,10682.615023
-600.0,600,10724.402843
-600.0,600,10725.857305
-600.0,600,10790.201373
-566.0,567,10833.898786
-600.0,600,10835.371868
-600.0,600,10857.60854
-600.0,600,10902.857299
-600.0,600,10907.741452
-600.0,600,10950.636792
-600.0,600,10952.164341
-600.0,600,11017.749854
-117.0,18,11024.523612
-600.0,600,11061.388441
-600.0,600,11062.895833
-600.0,600,11084.898099
-600.0,600,11129.136277
-600.0,600,11133.989692
-600.0,600,11176.058131
-600.0,600,11177.520754
-600.0,600,11248.762886
-600.0,600,11284.802871
-600.0,600,11286.271962
-600.0,600,11309.396949
-600.0,600,11354.098524
-600.0,600,11358.832788
-600.0,600,11401.335008
-600.0,600,11402.809866
-600.0,600,11474.702846
-600.0,600,11510.212419
-600.0,600,11511.717878
-600.0,600,11533.381615
-600.0,600,11577.81942
-600.0,600,11582.703845
-600.0,600,11625.017531
-600.0,600,11626.584535
-600.0,600,11697.751425
-600.0,600,11734.028158
-600.0,600,11735.575641
-600.0,600,11757.278291
-600.0,600,11801.400965
-600.0,600,11806.218259
-600.0,600,12206.736053
-600.0,600,12208.096731
-600.0,600,12274.350715
-107.0,8,12277.159597
-600.0,600,12308.45036
-600.0,600,12309.914273
-600.0,600,12330.896252
-600.0,600,12372.765593
-600.0,600,12377.343305
-600.0,600,12417.227018
-600.0,600,12418.601367
-143.0,144,12423.547652
-300.0,301,12437.257588
-600.0,600,12489.21262
-600.0,600,12521.213095
-600.0,600,12522.619882
-226.0,127,12566.764486
-223.0,124,12567.148962
-600.0,600,12590.650088
-600.0,600,12630.604454
-600.0,600,12631.970031
-600.0,600,12636.833004
-448.0,449,12648.91857
-600.0,600,12650.379784
-124.0,25,12657.696348
-361.0,262,12659.115574
-205.0,206,12663.331869
-136.0,37,12670.65578
-112.0,113,12676.649926
-323.0,324,12681.267852
-155.0,156,12714.317003
-241.0,142,12721.23467
-270.0,271,12728.001612
-232.0,133,12728.695578
-221.0,222,12729.064057
-299.0,200,12734.367072
-421.0,322,12744.623058
-151.0,52,12747.115941
-163.0,64,12751.74994
-112.0,13,12756.356554
-214.0,115,12761.9795
-150.0,51,12762.746569
-241.0,242,12762.746651
-149.0,50,12764.854589
-209.0,210,12788.889783
-192.0,193,12796.335163
-194.0,95,12796.335222
-220.0,121,12799.117599
-221.0,222,12812.856027
-152.0,53,12817.785491
-172.0,173,12823.965313
-280.0,181,12828.933885
-149.0,50,12830.73842
-163.0,164,12847.387536
-164.0,65,12852.444721
-207.0,108,12856.797568
-337.0,238,12881.76805
-184.0,85,12883.215908
-150.0,151,12885.350696
-224.0,125,12892.584455
-47.0,48,12899.060648
-290.0,291,12900.900282
-221.0,222,12904.184926
-173.0,74,12909.938143
-148.0,49,12921.721347
-155.0,56,12941.980008
-265.0,266,12952.863236
-197.0,198,12964.261997
-600.0,600,12977.794505
-233.0,234,12983.952644
-170.0,71,13003.259523
-182.0,183,13008.339837
-181.0,82,13013.373485
-359.0,360,13015.54864
-194.0,195,13023.461459
-184.0,85,13033.885296
-150.0,51,13041.829674
-130.0,31,13052.915598
-231.0,132,13055.915131
-262.0,263,13059.132678
-539.0,440,13059.909082
-136.0,137,13064.998592
-177.0,78,13081.112773
-78.0,79,13088.23291
-289.0,190,13102.368724
-107.0,108,13103.824956
-160.0,61,13124.336754
-600.0,600,13126.564443
-228.0,129,13127.662874
-197.0,198,13130.500226
-127.0,128,13134.286893
-120.0,21,13137.90649
-250.0,251,13145.916048
-370.0,371,13146.595513
-274.0,175,13166.688523
-224.0,125,13172.497664
-143.0,144,13197.730484
-225.0,226,13205.12602
-130.0,31,13216.058036
-271.0,172,13227.986768
-174.0,175,13234.873619
-278.0,279,13237.81332
-297.0,298,13241.158495
-125.0,126,13242.954863
-177.0,78,13256.35468
-135.0,136,13290.114707
-124.0,125,13301.427902
-180.0,181,13308.178991
-259.0,260,13309.932952
-256.0,257,13327.634839
-266.0,267,13334.084153
-600.0,600,13341.982384
-209.0,110,13349.638463
-170.0,171,13351.771422
-168.0,69,13352.555737
-600.0,600,13362.474128
-61.0,62,13371.697728
-221.0,122,13377.71778
-228.0,229,13383.397841
-146.0,47,13394.407824
-256.0,157,13398.092174
-104.0,105,13409.341307
-198.0,199,13422.874319
-217.0,118,13425.636832
-84.0,85,13428.509803
-454.0,355,13435.207598
-214.0,215,13439.150229
-263.0,264,13446.811003
-112.0,113,13449.701937
-154.0,155,13450.073443
-168.0,69,13450.463469
-145.0,46,13463.362649
-147.0,48,13467.8287
-114.0,15,13468.963745
-113.0,114,13476.477077
-265.0,166,13488.20863
-182.0,83,13498.746176
-274.0,175,13512.748512
-166.0,167,13527.551873
-233.0,234,13533.703853
-263.0,264,13533.703907
-162.0,163,13534.401442
-134.0,35,13539.665917
-108.0,9,13542.832104
-186.0,87,13543.18602
-359.0,360,13551.331444
-192.0,193,13556.569981
-165.0,66,13556.924883
-167.0,168,13558.018198
-124.0,25,13566.84664
-124.0,125,13578.552393
-109.0,110,13582.084871
-197.0,98,13586.01741
-91.0,92,13589.265743
-106.0,107,13604.827889
-135.0,136,13605.191653
-238.0,239,13627.11552
-136.0,137,13630.28977
-126.0,127,13630.655154
-280.0,281,13632.835925
-169.0,170,13638.703959
-172.0,73,13656.368301
-243.0,244,13675.574609
-314.0,215,13681.057449
-111.0,112,13696.100222
-312.0,213,13702.74735
-199.0,200,13703.818005
-114.0,15,13708.000552
-219.0,220,13716.251816
-336.0,337,13723.962123
-299.0,300,13736.635383
-269.0,170,13740.450718
-125.0,26,13749.755613
-214.0,215,13751.254574
-246.0,147,13760.41254
-168.0,169,13764.009173
-316.0,217,13773.120806
-72.0,73,13786.212622
-131.0,132,13798.799792
-247.0,248,13804.763625
-249.0,250,13813.271082
-132.0,133,13820.518766
-199.0,100,13821.997241
-201.0,102,13835.355814
-143.0,44,13836.469204
-207.0,208,13838.204748
-246.0,247,13838.600415
-141.0,42,13850.675304
-295.0,196,13883.632094
-222.0,223,13884.74443
-239.0,140,13888.338895
-264.0,165,13897.513902
-174.0,175,13898.976608
-150.0,151,13904.553634
-183.0,84,13913.829029
-177.0,78,13932.115709
-207.0,108,13936.032708
-148.0,149,13937.798499
-116.0,17,13938.189565
-600.0,600,14065.858502
-285.0,186,14079.636425
-406.0,407,14081.690455
-191.0,92,14085.101989
-158.0,59,14086.464713
-236.0,237,14086.810497
-139.0,40,14093.503955
-247.0,148,14102.742919
-168.0,69,14105.997064
-253.0,254,14117.926372
-199.0,100,14121.788798
-204.0,205,14124.556371
-58.0,59,14126.608502
-162.0,63,14146.533757
-124.0,25,14155.317226
-219.0,220,14164.382894
-201.0,202,14164.73358
-277.0,178,14165.477773
-136.0,37,14177.259251
-289.0,190,14184.854726
-296.0,297,14189.849258
-74.0,75,14191.285706
-207.0,108,14193.722287
-221.0,222,14204.947801
-157.0,58,14210.19184
-250.0,151,14218.671506
-203.0,104,14227.818255
-162.0,163,14242.568198
-101.0,102,14246.520789
-209.0,110,14267.141108
-120.0,121,14287.133
-263.0,264,14288.977454
-116.0,117,14289.694574
-362.0,363,14307.706305
-77.0,78,14317.379058
-115.0,16,14323.208319
-600.0,600,14336.19659
-148.0,149,14340.559896
-207.0,208,14343.125278
-154.0,55,14356.314463
-535.0,436,14362.392744
-177.0,78,14368.848619
-72.0,73,14382.550353
-275.0,176,14386.960392
-49.0,50,14400.758663
-125.0,126,14407.98508
-198.0,99,14422.976094
-600.0,600,14435.996647
-371.0,372,14442.534053
-198.0,99,14443.976148
-218.0,219,14448.289495
-191.0,192,14470.399961
-130.0,131,14470.400019
-188.0,89,14480.504254
-114.0,115,14484.189209
-162.0,63,14493.26161
-136.0,37,14493.985261
-162.0,163,14495.079735
-111.0,12,14498.282535
-116.0,17,14501.221847
-117.0,18,14504.8843
-167.0,168,14504.884357
-600.0,600,14506.001525
-242.0,143,14522.068267
-252.0,153,14548.756784
-177.0,78,14550.653392
-249.0,150,14560.388584
-600.0,600,14560.77044
-178.0,179,14569.574241
-125.0,26,14569.917271
-113.0,14,14575.019226
-194.0,195,14575.377444
-369.0,270,14581.730609
-238.0,239,14587.369413
-253.0,154,14603.780988
-91.0,92,14614.51744
-281.0,182,14615.605876
-173.0,74,14630.090955
-261.0,162,14632.630091
-196.0,197,14639.807885
-172.0,173,14649.085406
-142.0,143,14666.60201
-210.0,111,14679.415666
-236.0,137,14681.622982
-310.0,311,14686.241288
-164.0,65,14689.898822
-236.0,137,14698.259295
-196.0,197,14700.872145
-109.0,10,14704.389467
-256.0,257,14706.603762
-148.0,49,14716.115882
-77.0,78,14718.400538
-81.0,82,14733.980595
-108.0,109,14745.884359
-146.0,47,14751.026918
-210.0,211,14755.67427
-149.0,50,14773.200598
-600.0,600,14775.059962
-281.0,282,14787.418442
-298.0,299,14788.809119
-142.0,43,14790.328607
-132.0,33,14799.244711
-284.0,185,14816.853425
-285.0,286,14818.397997
-180.0,81,14828.487014
-324.0,325,14834.495173
-189.0,190,14856.754999
-73.0,74,14860.773614
-345.0,346,14869.457448
-374.0,275,14871.599412
-233.0,234,14874.070016
-204.0,205,14891.571442
-214.0,115,14901.908417
-112.0,13,14906.634349
-257.0,258,14909.230386
-259.0,260,14921.273166
-205.0,206,14930.598717
-279.0,180,14938.600054
-125.0,26,14940.032488
-136.0,137,14940.800396
-111.0,112,14949.283708
-349.0,250,14961.162407
-161.0,62,14962.215224
-269.0,270,14966.087964
-161.0,62,14971.330678
-168.0,169,14982.173505
-121.0,122,14982.531662
-161.0,162,14999.17026
-109.0,110,15002.152465
-103.0,4,15003.735974
-271.0,272,15004.892735
-117.0,18,15010.541183
-163.0,164,15020.366681
-135.0,36,15022.833809
-134.0,135,15030.895152
-149.0,50,15038.732269
-166.0,67,15047.500165
-210.0,211,15048.227051
-277.0,278,15066.711578
-196.0,197,15070.328387
-176.0,77,15074.969867
-288.0,289,15086.814557
-106.0,7,15089.445951
-140.0,41,15104.073221
-219.0,220,15110.209395
-118.0,119,15113.112254
-330.0,331,15124.041071
-164.0,165,15126.227344
-255.0,256,15131.060249
-246.0,247,15137.251805
-168.0,69,15149.25615
-206.0,107,15149.256212
-61.0,62,15153.686426
-146.0,47,15154.378187
-104.0,5,15155.468076
-83.0,84,15157.003935
-232.0,233,15159.508541
-141.0,142,15164.942854
-113.0,14,15170.151137
-288.0,189,15173.037673
-151.0,52,15173.392641
-192.0,93,15190.734949
-50.0,51,15191.824802
-183.0,184,15215.938361
-134.0,135,15218.887409
-195.0,196,15220.352591
-274.0,175,15222.92697
-111.0,12,15227.19714
-204.0,105,15229.7634
-112.0,13,15234.427624
-128.0,129,15237.305114
-331.0,232,15239.532159
-148.0,49,15251.966469
-304.0,305,15282.645759
-214.0,215,15297.6195
-194.0,195,15322.849309
-274.0,275,15339.633614
-171.0,172,15346.298114
-335.0,336,15349.721057
-138.0,39,15360.878153
-340.0,341,15361.995527
-132.0,33,15373.114467
-260.0,161,15382.8321
-73.0,74,15410.202377
-314.0,315,15414.6612
-600.0,600,15436.141999
-262.0,263,15437.255386
-600.0,600,15439.173962
-185.0,186,15442.045307
-219.0,220,15443.556217
-127.0,28,15449.460883
-125.0,26,15453.103414
-114.0,15,15455.040329
-221.0,122,15455.407472
-279.0,180,15481.048008
-187.0,88,15487.75313
-241.0,242,15525.99246
-268.0,269,15534.855428
-229.0,230,15539.414737
-159.0,160,15539.807544
-288.0,289,15548.156926
-182.0,83,15565.395922
-218.0,219,15568.051818
-600.0,600,15571.073584
-329.0,330,15574.302885
-187.0,88,15580.537868
-139.0,40,15585.795171
-166.0,167,15587.639083
-192.0,193,15609.776066
-238.0,139,15618.386382
-229.0,130,15634.519153
-155.0,56,15639.056961
-150.0,151,15640.560197
-317.0,318,15655.746486
-219.0,220,15660.489208
-156.0,157,15666.88325
-297.0,298,15673.819458
-223.0,124,15685.571522
-242.0,143,15686.631861
-145.0,46,15690.732296
-149.0,150,15693.671602
-123.0,124,15712.029184
-168.0,69,15715.694502
-196.0,197,15731.916833
-106.0,107,15732.284989
-238.0,139,15735.995241
-130.0,31,15743.687921
-65.0,66,15756.079057
-126.0,127,15758.252579
-188.0,89,15776.228391
-251.0,252,15778.443282
-218.0,119,15779.537364
-159.0,60,15780.304266
-104.0,5,15781.430065
-368.0,369,15790.116235
-204.0,205,15790.510368
-600.0,600,15792.727109
-52.0,53,15797.859676
-124.0,25,15799.65897
-118.0,19,15804.912559
-86.0,87,15808.156161
-125.0,126,15826.217882
-303.0,204,15830.584157
-137.0,138,15849.737137
-232.0,233,15866.216877
-121.0,122,15870.699414
-215.0,216,15871.426726
-139.0,140,16032.662869
-159.0,60,16038.931856
-335.0,236,16041.507908
-289.0,290,16046.596315
-138.0,139,16051.228289
-131.0,132,16069.868891
-253.0,154,16077.144402
-109.0,110,16081.1728
-215.0,116,16093.101086
-135.0,136,16095.660152
-508.0,409,16107.06005
-210.0,211,16108.548401
-119.0,120,16139.059703
-187.0,88,16139.059757
-274.0,175,16144.534694
-307.0,308,16150.341902
-144.0,45,16166.818901
-175.0,76,16166.818955
-178.0,79,16167.928805
-208.0,209,16169.12145
-260.0,261,16172.057706
-290.0,291,16175.670432
-184.0,85,16198.448142
-122.0,123,16213.02419
-156.0,57,16218.820457
-258.0,159,16223.966382
-321.0,322,16225.042083
-263.0,264,16239.827359
-306.0,207,16241.337858
-159.0,60,16245.634394
-208.0,209,16247.095589
-174.0,75,16268.290208
-261.0,262,16269.787642
-135.0,36,16282.93505
-230.0,131,16293.03564
-142.0,143,16298.830017
-126.0,127,16314.640492
-213.0,214,16317.626808
-319.0,320,16341.660395
-133.0,134,16342.397126
-122.0,123,16344.276613
-188.0,189,16352.328645
-503.0,404,16366.174323
-178.0,179,16383.174442
-144.0,145,16397.059536
-251.0,152,16397.799707
-229.0,130,16413.550529
-89.0,90,16416.174229
-204.0,205,16416.540426
-302.0,303,16425.575751
-210.0,211,16429.124969
-600.0,600,16431.650335
-214.0,115,16439.837007
-181.0,82,16455.405906
-124.0,25,16464.410018
-153.0,154,16472.401477
-172.0,173,16476.378027
-172.0,173,16478.908183
-209.0,210,16505.079074
-115.0,116,16506.152681
-206.0,207,16506.516091
-185.0,86,16509.774678
-152.0,53,16525.469218
-344.0,245,16528.040987
-378.0,379,16534.184125
-137.0,38,16539.203001
-169.0,70,16553.122517
-231.0,232,16559.590137
-159.0,60,16560.717859
-165.0,166,16565.76971
-275.0,276,16571.629334
-180.0,181,16574.988616
-197.0,198,16576.410182
-37.0,38,16579.721122
-123.0,24,16588.292591
-112.0,113,16600.335222
-134.0,135,16601.811331
-233.0,234,16618.534164
-133.0,134,16623.363569
-173.0,174,16623.729312
-171.0,72,16626.692778
-133.0,34,16631.146716
-277.0,178,16640.906819
-135.0,36,16644.286218
-56.0,57,16644.686927
-256.0,157,16645.393684
-93.0,94,16657.511397
-192.0,93,16660.418643
-143.0,44,16661.151081
-158.0,59,16665.616135
-289.0,290,16676.860999
-133.0,134,16693.337734
-199.0,100,16697.796657
-281.0,282,16704.707092
-187.0,188,16709.388238
-175.0,76,16721.100047
-305.0,206,16740.911271
-136.0,137,16747.873825
-129.0,130,16752.298341
-285.0,286,16764.998532
-294.0,295,16765.353164
-125.0,126,16767.25183
-226.0,227,16792.664404
-195.0,96,16802.846926
-136.0,37,16806.712312
-162.0,63,16826.875132
-118.0,19,16834.133745
-261.0,262,16838.689762
-273.0,274,16850.573485
-115.0,116,16878.249172
-303.0,204,16884.383536
-124.0,25,16887.778247
-600.0,600,16900.690963
-75.0,76,16913.121617
-138.0,39,16915.473895
-271.0,172,16915.84076
-124.0,25,16925.402362
-101.0,102,16926.522638
-241.0,242,16930.759191
-465.0,466,16941.320445
-152.0,53,16945.527563
-86.0,87,16946.311997
-88.0,89,16949.417737
-164.0,65,16970.7189
-583.0,584,16972.69628
-131.0,132,16980.443063
-118.0,19,16987.556375
-271.0,172,16991.383903
-600.0,600,16992.141552
-172.0,73,17019.133182
-230.0,131,17021.491382
-193.0,194,17021.874423
-223.0,224,17029.407501
-157.0,158,17029.780587
-107.0,108,17031.60588
-154.0,55,17042.159953
-132.0,33,17054.439378
-281.0,182,17055.178305
-105.0,106,17068.393121
-262.0,163,17079.219099
-71.0,72,17080.664423
-140.0,41,17083.151764
-411.0,412,17093.849154
-204.0,205,17096.393438
-154.0,55,17100.338661
-135.0,36,17106.991291
-212.0,213,17109.309628
-222.0,223,17111.113727
-194.0,95,17113.683792
-73.0,74,17136.113695
-230.0,231,17139.117712
-210.0,111,17140.93562
-121.0,122,17140.935669
-95.0,96,17142.049503
-172.0,173,17146.025232
-83.0,84,17166.516818
-165.0,166,17171.195755
-100.0,101,17177.346977
-182.0,183,17179.946029
-228.0,129,17185.751716
-64.0,65,17200.605289
-201.0,202,17214.419099
-195.0,196,17216.193007
-146.0,147,17219.075114
-116.0,17,17225.235855
-100.0,1,17225.590959
-236.0,237,17225.959681
-175.0,76,17227.778085
-87.0,88,17246.144902
-155.0,56,17247.962938
-216.0,217,17249.080196
-65.0,66,17249.453793
-294.0,195,17255.600024
-211.0,212,17255.972835
-168.0,69,17280.650193
-197.0,98,17281.398631
-91.0,92,17282.079225
-304.0,205,17289.833149
-159.0,160,17306.60753
-226.0,227,17307.2907
-152.0,153,17310.224773
-183.0,184,17313.870553
-149.0,150,17335.402618
-283.0,184,17346.963031
-209.0,110,17349.556918
-202.0,203,17353.272068
-128.0,129,17353.622621
-212.0,213,17366.346195
-82.0,83,17379.830362
-186.0,187,17381.361942
-251.0,252,17397.713117
-198.0,99,17415.975597
-143.0,144,17418.908624
-189.0,190,17422.441874
-239.0,240,17422.827763
-230.0,231,17430.956152
-215.0,216,17432.068276
-263.0,164,17440.610441
-119.0,120,17440.95567
-113.0,14,17446.016699
-105.0,106,17453.879739
-138.0,39,17467.789366
-267.0,168,17478.935316
-111.0,112,17486.10836
-182.0,183,17487.950979
-131.0,32,17490.383183
-293.0,194,17492.242551
-161.0,162,17498.711441
-257.0,258,17523.500603
-160.0,161,17525.687764
-178.0,79,17527.141074
-309.0,310,17543.259627
-181.0,182,17553.188764
-110.0,111,17565.227069
-209.0,210,17565.58275
-237.0,238,17572.036843
-248.0,249,17583.278869
-209.0,210,17605.291085
-168.0,169,17606.764874
-150.0,151,17623.205935
-274.0,275,17625.294716
-171.0,172,17630.742246
-90.0,91,17640.419629
-204.0,105,17644.126144
-289.0,290,17662.971326
-249.0,250,17666.359209
-179.0,80,17669.869389
-133.0,134,17674.296051
-248.0,149,17695.964466
-339.0,340,17704.777875
-130.0,131,17705.419616
-248.0,249,17709.801122
-229.0,130,17711.944222
-121.0,22,17718.654859
-136.0,37,17721.14697
-195.0,196,17728.933331
-147.0,148,17741.733131
-342.0,343,17744.786847
-56.0,57,17746.338683
-137.0,138,17747.371871
-253.0,254,17754.516312
-143.0,44,17755.466824
-130.0,31,17765.199207
-173.0,174,17775.330797
-333.0,234,17778.294611
-222.0,223,17788.701128
-137.0,138,17790.295048
-259.0,160,17798.325209
-200.0,101,17807.863382
-146.0,47,17823.00364
-112.0,13,17941.144137
-369.0,270,17944.824223
-121.0,22,17947.764003
-113.0,14,17948.955707
-259.0,260,17950.982174
-251.0,152,17952.269095
-164.0,165,17954.718809
-112.0,13,17958.735506
-210.0,211,17959.046773
-48.0,49,17962.852677
-70.0,71,17973.031738
-109.0,110,17982.913747
-291.0,292,18003.711013
-163.0,164,18009.943078
-198.0,199,18014.422405
-193.0,194,18033.932207
-164.0,165,18034.900597
-118.0,19,18040.89472
-119.0,120,18047.895252
-145.0,46,18055.471018
-184.0,185,18062.131903
-336.0,337,18064.93772
-600.0,600,18068.458681
-357.0,358,18075.202717
-137.0,38,18076.751032
-217.0,218,18082.879166
-178.0,79,18092.849689
-190.0,191,18093.792247
-162.0,163,18098.789391
-141.0,142,18106.380866
-202.0,103,18115.303913
-142.0,143,18120.136675
-196.0,97,18129.488412
-178.0,79,18140.3742
-255.0,156,18142.317835
-286.0,287,18145.721473
-171.0,172,18148.18408
-349.0,250,18155.25382
-161.0,162,18157.457541
-200.0,101,18177.537656
-182.0,183,18177.884432
-107.0,108,18182.369501
-84.0,85,18182.369552
-109.0,10,18185.514583
-227.0,228,18201.638312
-88.0,89,18206.138458
-192.0,93,18207.091015
-213.0,214,18208.014268
-208.0,209,18208.32154
-147.0,48,18223.217225
-166.0,167,18237.97673
-181.0,182,18239.566054
-224.0,125,18245.168327
-149.0,150,18254.789338
-185.0,186,18265.133676
-106.0,107,18278.652791
-410.0,411,18286.962208
-105.0,106,18288.254515
-138.0,39,18291.127242
-114.0,15,18293.000227
-179.0,180,18294.569819
-337.0,338,18307.980175
-286.0,287,18313.82494
-155.0,156,18314.78923
-125.0,26,18316.31538
-105.0,106,18320.492229
-86.0,87,18322.037077
-178.0,79,18340.191146
-168.0,69,18341.395693
-154.0,55,18358.378127
-157.0,158,18362.20489
-224.0,225,18362.84628
-270.0,171,18367.415402
-123.0,24,18374.788297
-419.0,320,18390.763781
-219.0,220,18408.837607
-151.0,152,18410.370424
-263.0,164,18413.519878
-137.0,138,18417.79363
-190.0,191,18418.10922
-88.0,89,18418.421245
-319.0,320,18421.290056
-120.0,21,18424.706016
-600.0,600,18426.908664
-146.0,47,18428.185549
-134.0,35,18432.271475
-83.0,84,18435.019476
-129.0,30,18437.531791
-194.0,95,18448.159654
-133.0,134,18452.120915
-153.0,54,18454.271239
-195.0,96,18465.045282
-157.0,58,18472.587163
-227.0,128,18487.989328
-198.0,199,18488.915741
-308.0,209,18489.859512
-199.0,200,18494.586665
-146.0,147,18498.051848
-152.0,53,18505.542842
-144.0,45,18512.128823
-417.0,318,18517.17726
-127.0,128,18528.004548
-188.0,189,18531.399654
-171.0,72,18539.479671
-167.0,168,18542.350584
-365.0,266,18547.893508
-36.0,37,18550.982701
-147.0,148,18558.258533
-171.0,172,18559.230049
-110.0,111,18566.142313
-81.0,82,18568.04644
-142.0,143,18572.769566
-100.0,1,18573.084664
-283.0,284,18583.256445
-71.0,72,18590.43849
-174.0,75,18596.402105
-222.0,123,18604.784763
-157.0,158,18608.944922
-228.0,229,18623.115157
-228.0,229,18630.297277
-135.0,136,18633.392584
-165.0,166,18635.621543
-153.0,54,18652.581115
-138.0,139,18652.581163
-112.0,113,18658.563547
-71.0,72,18675.190557
-150.0,151,18677.734578
-210.0,111,18687.49506
-151.0,52,18694.132607
-194.0,195,18694.748112
-186.0,87,18702.589684
-148.0,149,18705.392465
-326.0,327,18707.650183
-181.0,82,18728.305614
-600.0,600,18736.457204
-248.0,149,18740.934189
-121.0,22,18743.41255
-123.0,124,18744.332448
-116.0,17,18749.586186
-241.0,142,18752.129568
-168.0,69,18762.65502
-255.0,256,18767.98565
-179.0,80,18775.044132
-286.0,287,18785.181505
-600.0,600,18785.516657
-157.0,58,18793.203643
-158.0,159,18793.523375
-270.0,271,18813.363069
-195.0,196,18813.66363
-174.0,175,18817.36934
-220.0,121,18822.713024
-176.0,177,18823.369158
-109.0,10,18826.535802
-60.0,61,18832.468922
-108.0,9,18835.295704
-169.0,70,18848.369028
-206.0,207,18849.917207
-188.0,189,18852.317981
-222.0,223,18862.485535
-269.0,170,18866.485117
-176.0,177,18890.266529
-237.0,138,18892.771804
-264.0,265,18899.942118
-259.0,260,18903.728258
-158.0,59,18908.691385
-188.0,189,18911.230336
-259.0,160,18912.56785
-227.0,228,18919.489756
-124.0,25,18920.422225
-91.0,92,18932.62396
-109.0,110,18943.438136
-300.0,301,18960.961205
-206.0,207,18965.116769
-273.0,174,18966.102006
-230.0,231,18992.210953
-246.0,147,19007.548421
-238.0,239,19018.779922
-284.0,185,19023.633233
-294.0,295,19025.876028
-114.0,15,19028.38381
-242.0,143,19037.537055
-161.0,62,19038.495169
-461.0,462,19038.495215
-110.0,11,19041.919049
-270.0,271,19051.581836
-159.0,60,19056.350813
-165.0,66,19059.240683
-217.0,218,19076.032039
-178.0,79,19083.894818
-195.0,96,19086.402563
-289.0,190,19087.972991
-196.0,197,19103.57593
-251.0,252,19104.79732
-159.0,60,19105.124119
-164.0,65,19108.249677
-600.0,600,19109.209681
-113.0,14,19109.530435
-69.0,70,19131.247633
-283.0,184,19133.784418
-269.0,270,19136.280751
-113.0,114,19140.599415
-235.0,136,19151.956177
-296.0,197,19165.203151
-260.0,261,19165.537782
-120.0,121,19174.276385
-250.0,151,19178.860746
-188.0,89,19180.435824
-108.0,9,19183.316945
-143.0,144,19186.081247
-168.0,169,19187.047506
-266.0,267,19192.327463
-134.0,35,19194.150636
-215.0,116,19202.278052
-183.0,84,19205.10037
-166.0,67,19207.001925
-203.0,104,19226.981154
-230.0,131,19228.300567
-121.0,122,19230.811636
-225.0,226,19236.685388
-313.0,214,19241.63078
-128.0,129,19247.503484
-104.0,105,19259.572464
-195.0,96,19271.353017
-145.0,146,19273.572311
-240.0,241,19280.495462
-265.0,166,19282.37217
-305.0,306,19298.121298
-198.0,199,19298.765371
-177.0,178,19303.237977
-277.0,178,19330.113357
-206.0,207,19337.104956
-142.0,143,19344.553818
-156.0,57,19348.375399
-269.0,170,19357.597023
-118.0,19,19363.657297
-268.0,269,19368.099214
-168.0,169,19402.39391
-469.0,370,19416.437789
-553.0,454,19425.416585
-170.0,71,19439.076232
-314.0,315,19445.125923
-600.0,600,19450.576265
-192.0,93,19455.136081
-295.0,296,19458.252309
-113.0,14,19459.522747
-67.0,68,19472.065828
-119.0,120,19477.021112
-117.0,18,19477.635629
-194.0,95,19489.396997
-382.0,383,19490.014485
-167.0,68,19499.231603
-313.0,314,19502.001299
-144.0,45,19503.597231
-201.0,102,19509.216195
-66.0,67,19648.468569
-600.0,600,19655.534668
-185.0,86,19658.229913
-265.0,266,19668.905223
-268.0,169,19670.101688
-323.0,324,19674.021482
-193.0,94,19686.411222
-205.0,106,19687.293853
-214.0,215,19695.567789
-160.0,161,19696.803483
-119.0,20,19701.588418
-223.0,124,19711.452225
-256.0,257,19715.156172
-161.0,62,19715.461779
-114.0,15,19719.647865
-211.0,212,19732.888854
-264.0,165,19737.24684
-123.0,24,19744.442604
-353.0,254,19746.891073
-56.0,57,19750.210799
-325.0,226,19754.836866
-184.0,185,19757.634439
-127.0,128,19758.513811
-159.0,60,19773.199337
-195.0,96,19776.276433
-153.0,154,19797.088123
-281.0,182,19799.785779
-306.0,307,19804.608206
-258.0,159,19806.765828
-212.0,113,19810.32483
-147.0,48,19814.235278
-345.0,346,19820.166457
-144.0,45,19827.658619
-106.0,107,19836.655563
-95.0,96,19848.918874
-241.0,142,19852.829093
-282.0,283,19858.252786
-333.0,334,19858.252833
-271.0,272,19878.913694
-99.0,100,19879.232399
-119.0,120,19889.107151
-104.0,105,19890.051338
-293.0,294,19895.240697
-233.0,234,19898.295224
-163.0,64,19898.295273
-117.0,18,19903.671051
-139.0,40,19910.270402
-204.0,105,19910.878798
-173.0,74,19917.464419
-268.0,269,19917.780629
-70.0,71,19925.21141
-225.0,226,19926.777182
-162.0,163,19938.740337
-181.0,82,19942.78454
-136.0,37,19950.250283
-212.0,113,19961.574705
-142.0,43,19974.786002
-100.0,101,19981.181355
-303.0,304,19983.013279
-205.0,206,19988.628305
-126.0,27,19991.431608
-213.0,114,20009.960166
-326.0,327,20010.908117
-327.0,328,20018.883592
-231.0,132,20021.978682
-294.0,295,20033.542281
-148.0,49,20036.94681
-235.0,136,20051.745792
-122.0,23,20058.740875
-277.0,278,20076.991206
-290.0,291,20078.240858
-240.0,141,20080.409615
-89.0,90,20086.585511
-229.0,230,20089.637734
-146.0,47,20091.502379
-188.0,189,20091.828587
-600.0,600,20095.534603
-311.0,312,20106.640089
-156.0,57,20106.93384
-201.0,102,20109.339187
-125.0,26,20114.505898
-118.0,119,20122.770467
-211.0,112,20125.517386
-137.0,38,20137.055326
-112.0,113,20157.297925
-325.0,226,20164.434656
-361.0,262,20171.94204
-302.0,303,20173.19705
-140.0,41,20177.148417
-252.0,253,20184.444736
-254.0,255,20192.721583
-137.0,138,20199.776941
-324.0,325,20209.087649
-204.0,105,20209.41058
-182.0,83,20210.024838
-236.0,137,20214.008758
-101.0,2,20214.644489
-141.0,42,20222.407005
-285.0,286,20225.214582
-105.0,106,20225.528903
-156.0,57,20227.688142
-241.0,142,20252.425174
-199.0,100,20255.522157
-278.0,279,20258.644182
-148.0,149,20260.216409
-202.0,203,20262.112923
-276.0,177,20276.586808
-180.0,181,20283.057019
-202.0,203,20287.768635
-96.0,97,20292.161792
-108.0,109,20292.491865
-119.0,20,20298.414688
-174.0,75,20315.758366
-104.0,105,20315.758425
-291.0,192,20319.889614
-213.0,214,20322.109089
-250.0,251,20330.518615
-217.0,218,20344.47269
-201.0,102,20347.573206
-298.0,199,20349.714468
-179.0,180,20376.11877
-193.0,194,20382.691361
-231.0,232,20388.318042
-140.0,141,20388.626359
-226.0,227,20401.411179
-113.0,14,20405.821516
-204.0,105,20408.989069
-198.0,199,20412.120386
-136.0,37,20420.486671
-233.0,134,20424.56395
-145.0,46,20426.443894
-255.0,256,20427.68044
-231.0,132,20429.831449
-142.0,43,20433.891955
-538.0,439,20435.482935
-156.0,157,20437.336831
-114.0,15,20440.138738
-247.0,148,20451.689001
-127.0,128,20463.885463
-206.0,107,20466.683047
-153.0,154,20473.831291
-254.0,155,20485.074659
-78.0,79,20491.457855
-167.0,168,20492.108417
-226.0,227,20498.033212
-203.0,204,20527.655074
-250.0,151,20539.328044
-173.0,174,20539.652408
-262.0,163,20542.503362
-120.0,21,20545.899277
-134.0,35,20553.36805
-273.0,274,20559.591529
-221.0,222,20567.374162
-224.0,125,20578.619721
-211.0,112,20588.301381
-95.0,96,20597.45295
-170.0,171,20599.31531
-183.0,84,20604.976859
-254.0,255,20607.522908
-115.0,16,20612.618855
-176.0,177,20615.146658
-600.0,600,20617.038204
-113.0,114,20624.026318
-165.0,66,20625.544941
-600.0,600,20638.584261
-162.0,63,20644.753448
-149.0,150,20645.687997
-173.0,74,20646.633809
-110.0,11,20648.215165
-127.0,28,20654.301679
-168.0,169,20667.257985
-188.0,89,20674.590554
-323.0,224,20682.099302
-187.0,88,20682.099352
-289.0,290,20687.740348
-240.0,141,20692.414726
-101.0,2,20693.03178
-122.0,23,20694.881263
-97.0,98,20697.962466
-191.0,92,20703.279334
-208.0,209,20703.912554
-296.0,297,20709.21246
-127.0,28,20712.57307
-129.0,130,20722.556661
-85.0,86,20730.155014
-231.0,132,20734.147614
-184.0,85,20748.958642
-75.0,76,20757.765819
-214.0,115,20766.010305
-189.0,190,20771.918924
-171.0,72,20788.385042
-256.0,157,20798.163158
-138.0,39,20800.770351
-126.0,27,20809.1638
-136.0,37,20809.782169
-127.0,128,20811.985482
-510.0,411,20826.4893
-567.0,468,20828.345144
-140.0,41,20841.166306
-300.0,301,20852.035775
-184.0,85,20852.995134
-600.0,600,20882.352988
-234.0,235,20882.662342
-266.0,267,20893.261163
-136.0,37,20893.881202
-600.0,600,20896.703395
-248.0,149,20898.567239
-332.0,333,20916.174259
-190.0,91,20921.819005
-117.0,118,20933.6882
-184.0,185,20951.847897
-330.0,331,20956.560921
-600.0,600,21029.102464
-600.0,600,21070.780296
-600.0,600,21086.784607
-600.0,600,21104.115806
-600.0,600,21109.691084
-600.0,600,21121.641035
-600.0,600,21139.973009
-600.0,600,21144.700434
-600.0,600,21560.149432
-600.0,600,21600.421323
-600.0,600,21616.041238
-600.0,600,21633.352116
-600.0,600,21638.928823
-600.0,600,21650.666158
-600.0,600,21668.46717
-600.0,600,21673.142255
-600.0,600,21744.410123
-600.0,600,21785.831029
-600.0,600,21801.71587
-600.0,600,21818.85756
-600.0,600,21824.43425
-600.0,600,21836.100508
-600.0,600,21853.916878
-600.0,600,21858.621779
-600.0,600,21929.372864
-600.0,600,21969.845602
-600.0,600,21985.440988
-600.0,600,22002.472182
-600.0,600,22007.914613
-600.0,600,22019.442568
-600.0,600,22037.27617
-600.0,600,22041.928941
-600.0,600,22113.023722
-600.0,600,22153.871383
-600.0,600,22170.021012
-600.0,600,22187.719273
-73.0,74,22193.380772
-600.0,600,22193.38082
-600.0,600,22205.407084
-600.0,600,22223.651824
-600.0,600,22228.437929
-143.0,144,22238.785065
-600.0,600,22301.32023
-600.0,600,22343.267263
-600.0,600,22376.79985
-600.0,600,22382.381759
-600.0,600,22394.210595
-347.0,348,22410.543188
-600.0,600,22412.426749
-600.0,600,22417.127773
-600.0,600,22427.350098
-219.0,220,22445.315834
-348.0,349,22524.211044
-600.0,600,22528.784314
-600.0,600,22567.240327
-600.0,600,22578.89628
-600.0,600,22594.630391
-600.0,600,22596.469061
-600.0,600,22611.308609
-600.0,600,22629.195027
-600.0,600,22708.585237
-600.0,600,22713.269808
-505.0,506,22750.297716
-600.0,600,22751.620515
-600.0,600,22763.704473
-654.0,555,22767.814563
-480.0,481,22777.882154
-144.0,45,22781.954072
-338.0,239,22787.715617
-189.0,90,22792.078118
-600.0,600,22796.972104
-177.0,178,22807.495726
-332.0,333,22812.12518
-157.0,158,22841.247153
-244.0,145,22842.176541
-299.0,200,22844.302692
-319.0,320,22850.530834
-148.0,49,22857.585383
-181.0,182,22864.445426
-80.0,81,22866.641655
-268.0,269,22871.578493
-147.0,48,22872.515033
-218.0,219,22880.714751
-228.0,129,22891.318697
-170.0,71,22894.178633
-477.0,378,22896.450077
-125.0,26,22899.639907
-111.0,112,22899.959405
-186.0,87,22900.290274
-136.0,37,22911.472718
-194.0,95,22929.160702
-205.0,206,22931.356507
-110.0,111,22934.736126
-144.0,45,22943.234427
-300.0,201,22957.235571
-176.0,77,22959.166996
-152.0,53,22960.125973
-392.0,393,22968.111453
-203.0,204,22975.81452
-312.0,313,22979.663302
-139.0,40,22992.265857
-307.0,308,22993.55914
-113.0,114,22996.456578
-130.0,31,23003.470534
-149.0,150,23007.019586
-56.0,57,23010.479438
-190.0,191,23036.744433
-224.0,225,23039.906848
-204.0,205,23075.900849
-132.0,133,23079.094946
-375.0,276,23235.76697
-198.0,199,23253.953524
-182.0,83,23256.152133
-129.0,30,23263.261778
-210.0,111,23270.010349
-600.0,600,23272.59182
-173.0,174,23281.187252
-172.0,73,23285.864357
-600.0,600,23298.137375
-133.0,134,23314.593899
-217.0,218,23324.32103
-164.0,165,23333.096126
-662.0,563,23335.616481
-132.0,133,23340.027017
-159.0,60,23343.072263
-600.0,600,23343.678841
-191.0,192,23346.127628
-152.0,53,23349.581058
-142.0,43,23356.641644
-280.0,281,23358.228538
-178.0,79,23364.989111
-193.0,94,23365.308656
-67.0,68,23371.421863
-145.0,146,23405.148006
-225.0,126,23405.476676
-275.0,276,23432.112948
-293.0,294,23440.539895
-241.0,242,23443.150642
-220.0,121,23444.154787
-127.0,28,23452.28603
-314.0,315,23458.166871
-283.0,284,23463.074456
-215.0,216,23475.403924
-219.0,120,23483.254432
-159.0,160,23484.231505
-104.0,5,23484.881256
-182.0,83,23490.081009
-194.0,195,23504.17369
-600.0,600,23507.482933
-172.0,73,23508.828785
-199.0,200,23522.921563
-220.0,221,23523.879036
-261.0,162,23527.640853
-131.0,32,23532.914698
-136.0,137,23533.898815
-158.0,159,23535.146135
-115.0,116,23543.975679
-144.0,145,23549.985747
-100.0,101,23555.582009
-236.0,137,23570.58183
-113.0,14,23575.106019
-117.0,18,23580.912838
-189.0,90,23584.091055
-131.0,132,23585.754238
-116.0,17,23589.611422
-260.0,261,23591.235663
-131.0,132,23591.861191
-152.0,53,23602.872947
-242.0,243,23612.337944
-262.0,263,23616.438754
-263.0,264,23617.701767
-208.0,109,23624.290389
-220.0,121,23629.693987
-270.0,171,23635.415266
-154.0,155,23641.082754
-131.0,32,23645.495682
-244.0,145,23648.649959
-137.0,138,23655.941058
-189.0,90,23658.225929
-108.0,109,23658.874379
-68.0,69,23667.605986
-177.0,178,23674.383713
-103.0,104,23674.383759
-158.0,59,23677.297645
-148.0,49,23683.544085
-93.0,94,23689.307871
-256.0,157,23699.131969
-184.0,85,23704.591946
-201.0,202,23720.933342
-152.0,53,23721.560193
-103.0,4,23722.878018
-158.0,159,23725.443166
-324.0,225,23746.568019
-194.0,95,23753.325216
-135.0,136,23764.761446
-224.0,125,23765.745003
-259.0,260,23767.070657
-268.0,269,23775.608635
-111.0,12,23779.388033
-206.0,107,23780.967682
-70.0,71,23789.493499
-302.0,303,23796.209958
-113.0,114,23800.946025
-129.0,30,23805.785653
-600.0,600,23808.367719
-143.0,44,23820.061312
-135.0,136,23822.9731
-141.0,42,23836.501829
-182.0,183,23839.688389
-104.0,105,23842.246803
-79.0,80,23845.720051
-146.0,147,23848.262535
-311.0,312,23853.49263
-210.0,211,23857.386842
-57.0,58,23864.279925
-159.0,60,23872.378988
-338.0,339,23873.971177
-190.0,91,23885.925489
-159.0,160,23887.267991
-174.0,75,23887.898607
-270.0,271,23927.576916
-134.0,135,23928.225729
-255.0,156,23936.095136
-297.0,298,23941.949414
-333.0,334,23944.7463
-232.0,233,23946.930421
-167.0,68,23968.534725
-236.0,137,23971.412802
-216.0,117,23973.022349
-406.0,307,23984.385381
-377.0,378,23991.250578
-154.0,155,23993.798727
-169.0,70,23995.050901
-235.0,236,24001.857755
-177.0,78,24018.398299
-119.0,120,24029.497731
-295.0,196,24033.751952
-302.0,303,24038.141706
-229.0,230,24041.626793
-289.0,190,24062.396442
-363.0,264,24068.165153
-245.0,246,24073.284912
-141.0,142,24078.804192
-185.0,86,24095.683224
-117.0,118,24111.009703
-278.0,279,24126.80827
-210.0,211,24129.734192
-165.0,166,24131.679275
-290.0,291,24134.325217
-182.0,83,24137.624976
-125.0,26,24145.917454
-166.0,67,24148.435626
-181.0,82,24156.141669
-140.0,141,24176.755879
-116.0,117,24183.07414
-166.0,167,24187.504682
-302.0,303,24192.281008
-221.0,122,24194.796185
-155.0,156,24197.948225
-80.0,81,24202.464576
-600.0,600,24209.787402
-128.0,29,24211.655574
-53.0,54,24211.982383
-600.0,600,24220.514818
-161.0,62,24231.210474
-154.0,155,24232.178147
-175.0,76,24233.781057
-116.0,17,24236.643322
-275.0,176,24253.856179
-69.0,70,24259.085671
-241.0,242,24264.456881
-227.0,228,24264.786446
-183.0,184,24270.36417
-220.0,221,24290.398901
-187.0,188,24291.683813
-192.0,193,24294.804936
-127.0,128,24304.949974
-217.0,118,24307.480804
-145.0,46,24309.357733
-177.0,78,24316.303843
-166.0,167,24316.961297
-155.0,56,24334.343398
-201.0,102,24340.050641
-152.0,53,24351.246121
-132.0,133,24359.715727
-217.0,218,24360.06086
-129.0,30,24369.544446
-111.0,12,24373.33006
-181.0,82,24377.461231
-163.0,64,24379.987885
-380.0,381,24379.987944
-135.0,136,24383.491897
-245.0,246,24387.903909
-159.0,60,24392.270632
-132.0,33,24402.602574
-175.0,76,24407.313416
-108.0,9,24410.163396
-217.0,118,24417.205827
-125.0,26,24418.491595
-234.0,135,24420.099786
-379.0,380,24425.944904
-148.0,49,24433.017594
-600.0,600,24444.526342
-236.0,237,24455.362308
-153.0,154,24475.18664
-274.0,275,24475.502247
-250.0,251,24482.873717
-302.0,203,24498.030491
-172.0,173,24499.969153
-369.0,270,24506.667046
-129.0,30,24507.637247
-176.0,177,24512.063869
-88.0,89,24528.36792
-181.0,82,24532.814538
-224.0,125,24547.591788
-228.0,229,24548.553942
-130.0,131,24553.95882
-357.0,258,24558.131243
-240.0,241,24560.053004
-111.0,112,24564.284136
-108.0,109,24582.604057
-177.0,78,24585.156012
-152.0,153,24603.222481
-600.0,600,24610.953509
-209.0,110,24617.95961
-130.0,131,24627.248675
-252.0,253,24629.847589
-68.0,69,24633.05485
-313.0,314,24633.708263
-238.0,239,24634.931505
-156.0,157,24653.02571
-236.0,137,24676.629024
-174.0,175,24682.311326
-238.0,239,24705.135547
-175.0,176,24708.566187
-236.0,237,24709.497267
-247.0,248,24711.062668
-399.0,300,24712.606081
-230.0,131,24717.94568
-138.0,139,24752.221925
-600.0,600,24754.432059
-182.0,183,24762.798867
-110.0,11,24766.303803
-191.0,192,24770.09267
-225.0,226,24783.962766
-235.0,236,24792.60903
-262.0,263,24794.191107
-155.0,56,24801.885519
-311.0,212,24821.757895
-185.0,186,24952.724602
-119.0,120,24954.25193
-348.0,249,24954.885977
-124.0,125,24964.534535
-250.0,251,24968.775465
-269.0,170,24970.885332
-165.0,66,24972.671422
-165.0,66,24988.875828
-597.0,598,24993.610533
-150.0,151,25000.483188
-85.0,86,25015.632002
-173.0,74,25016.56824
-221.0,222,25023.144487
-124.0,25,25023.474997
-176.0,177,25025.717564
-113.0,14,25027.609678
-272.0,273,25029.83605
-145.0,46,25031.118237
-229.0,230,25035.766961
-136.0,37,25037.310254
-229.0,230,25044.096836
-152.0,53,25047.581189
-151.0,52,25051.856085
-192.0,93,25056.483226
-144.0,45,25058.033513
-63.0,64,25067.411711
-226.0,227,25071.143724
-165.0,166,25075.169093
-122.0,23,25082.503588
-151.0,152,25084.67544
-85.0,86,25084.982403
-108.0,109,25085.922351
-187.0,188,25088.400693
-150.0,51,25098.56371
-44.0,45,25102.66469
-222.0,123,25106.228173
-158.0,159,25106.546192
-126.0,27,25107.179498
-124.0,25,25110.608137
-302.0,203,25134.879195
-206.0,107,25139.57176
-139.0,140,25150.959054
-232.0,233,25158.348234
-174.0,75,25163.54911
-57.0,58,25169.579067
-280.0,281,25173.454093
-235.0,236,25181.164498
-294.0,295,25204.349071
-120.0,121,25208.533747
-174.0,175,25229.967552
-154.0,155,25231.284071
-232.0,233,25233.593939
-307.0,308,25262.931427
-193.0,94,25263.921908
-107.0,8,25266.512451
-130.0,131,25273.531694
-600.0,600,25277.666709
-167.0,68,25288.225641
-133.0,34,25288.556497
-264.0,265,25294.080277
-300.0,201,25294.741133
-298.0,299,25300.860837
-127.0,128,25304.097177
-113.0,14,25305.382193
-120.0,21,25310.83307
-163.0,64,25315.31943
-162.0,163,25325.968909
-600.0,600,25327.905514
-104.0,105,25327.905565
-82.0,83,25341.600531
-150.0,51,25343.797024
-159.0,160,25356.072356
-214.0,215,25356.705146
-226.0,227,25360.785232
-172.0,73,25364.59364
-148.0,49,25371.775997
-95.0,96,25374.379843
-158.0,159,25378.19552
-173.0,174,25381.079258
-221.0,222,25381.42186
-183.0,84,25391.481893
-161.0,162,25408.23693
-206.0,107,25412.069806
-221.0,122,25419.846141
-145.0,46,25422.713437
-133.0,34,25422.713485
-112.0,13,25423.976575
-216.0,217,25429.736626
-118.0,19,25430.054488
-156.0,157,25430.68945
-151.0,52,25439.222841
-316.0,217,25440.46401
-168.0,169,25444.907432
-174.0,75,25453.72397
-87.0,88,25457.44268
-275.0,276,25461.531518
-180.0,81,25464.709221
-135.0,136,25465.651468
-158.0,59,25476.056712
-107.0,8,25478.599278
-141.0,42,25478.934746
-167.0,68,25486.124969
-209.0,110,25488.37188
-151.0,152,25492.740898
-222.0,123,25500.321475
-227.0,128,25519.426049
-181.0,82,25526.551299
-233.0,134,25530.944798
-309.0,310,25538.764386
-211.0,212,25546.325597
-51.0,52,25547.881235
-371.0,372,25548.820427
-184.0,185,25551.964049
-155.0,56,25565.387447
-166.0,67,25569.817441
-271.0,272,25572.690378
-128.0,29,25574.586907
-218.0,119,25576.46901
-135.0,36,25581.29382
-210.0,111,25581.293864
-207.0,208,25592.444438
-230.0,231,25592.757451
-199.0,200,25614.642443
-227.0,128,25614.642493
-103.0,104,25625.217189
-155.0,156,25630.352167
-103.0,4,25631.638253
-187.0,188,25631.959486
-164.0,65,25635.488869
-116.0,17,25637.109428
-129.0,30,25645.074668
-90.0,91,25654.366443
-124.0,125,25654.686989
-144.0,45,25669.59041
-296.0,297,25671.211124
-242.0,143,25678.358455
-194.0,95,25685.537792
-326.0,327,25697.901179
-176.0,177,25702.766445
-313.0,214,25706.743796
-140.0,41,25711.229627
-134.0,135,25715.105658
-127.0,28,25720.279711
-156.0,57,25721.263097
-131.0,132,25728.421321
-182.0,183,25729.078388
-170.0,71,25729.760345
-101.0,2,25730.443995
-136.0,37,25740.394157
-94.0,95,25745.828519
-94.0,95,25751.960231
-168.0,69,25752.606029
-95.0,96,25760.03261
-110.0,11,25763.5897
-600.0,600,25774.38933
-105.0,106,25774.723493
-173.0,74,25776.652628
-121.0,122,25813.322
-223.0,124,25816.205883
-210.0,211,25819.752123
-279.0,180,25821.362122
-280.0,281,25836.163705
-396.0,397,25848.084651
-186.0,87,25849.370201
-239.0,140,25861.358799
-174.0,175,25869.677001
-167.0,68,25871.287876
-600.0,600,25871.944873
-93.0,94,25878.316494
-184.0,85,25899.133972
-59.0,60,25918.296296
-258.0,259,25919.254379
-206.0,207,25935.823329
-207.0,208,25944.77354
-278.0,279,25950.579952
-118.0,19,25956.694204
-146.0,47,25959.947541
-600.0,600,25967.04746
-321.0,322,25974.389509
-226.0,127,25997.528225
-71.0,72,25997.528281
-248.0,249,25998.163461
-386.0,287,26011.204078
-600.0,600,26012.19133
-212.0,213,26028.183598
-292.0,293,26029.755353
-159.0,60,26030.388373
-205.0,106,26031.349819
-249.0,250,26047.132056
-152.0,53,26047.445529
-130.0,131,26054.153015
-143.0,44,26061.540951
-130.0,131,26070.255804
-248.0,149,26077.567542
-255.0,156,26097.102582
-410.0,311,26097.102633
-213.0,114,26098.069238
-214.0,215,26100.287032
-78.0,79,26122.361391
-152.0,153,26126.535498
-177.0,178,26127.167909
-112.0,113,26134.181814
-170.0,71,26145.385466
-286.0,287,26146.347058
-131.0,32,26155.582194
-204.0,105,26160.347136
-324.0,225,26172.606529
-236.0,237,26173.250676
-165.0,166,26180.623148
-76.0,77,26185.092087
-202.0,103,26188.690534
-600.0,600,26190.605253
-202.0,203,26199.353004
-155.0,56,26206.171141
-223.0,124,26212.487774
-215.0,116,26217.341108
-132.0,133,26232.531964
-130.0,131,26240.950949
-305.0,306,26243.842024
-326.0,227,26244.837451
-113.0,14,26249.325534
-151.0,152,26254.744448
-163.0,64,26264.283326
-363.0,264,26269.131679
-50.0,51,26271.079071
-213.0,214,26301.269043
-277.0,278,26301.59753
-216.0,117,26301.944685
-188.0,189,26310.135893
-139.0,40,26314.737647
-248.0,149,26319.367653
-171.0,72,26325.420385
-149.0,50,26326.389533
-215.0,216,26338.893141
-162.0,63,26339.531244
-316.0,317,26343.089316
-129.0,30,26348.584363
-217.0,118,26352.717254
-128.0,129,26367.965382
-195.0,96,26370.572114
-218.0,119,26381.422648
-198.0,199,26389.412781
-600.0,600,26410.374052
-224.0,125,26410.705514
-234.0,135,26411.342931
-175.0,76,26413.881466
-210.0,211,26416.459901
-229.0,130,26423.291226
-234.0,235,26428.465926
-187.0,88,26439.835699
-177.0,78,26441.758377
-67.0,68,26450.324803
-145.0,46,26454.509718
-160.0,161,26462.206504
-141.0,142,26468.914436
-154.0,55,26472.106705
-185.0,86,26489.790771
-600.0,600,26494.685782
-260.0,261,26497.897792
-119.0,20,26504.247755
-299.0,300,26507.160114
-214.0,215,26510.726077
-297.0,198,26514.029451
-157.0,58,26525.964878
-112.0,113,26531.081477
-225.0,226,26692.965951
-136.0,137,26696.251666
-252.0,253,26698.050908
-223.0,124,26701.323201
-135.0,136,26701.937542
-143.0,144,26718.279022
-71.0,72,26723.571967
-188.0,89,26728.216443
-154.0,55,26745.012824
-337.0,238,26752.237924
-111.0,112,26752.848523
-150.0,51,26760.759951
-212.0,213,26763.010262
-111.0,12,26764.610004
-252.0,253,26770.178774
-266.0,267,26777.913787
-197.0,198,26784.785558
-185.0,86,26791.361506
-112.0,13,26795.460882
-167.0,68,26799.211804
-113.0,14,26799.836556
-274.0,175,26806.698301
-151.0,52,26816.281197
-600.0,600,26825.395367
-304.0,205,26834.700333
-272.0,273,26838.496192
-174.0,75,26840.054463
-108.0,9,26842.866621
-261.0,262,26845.378365
-113.0,14,26847.360703
-84.0,85,26865.118659
-288.0,289,26875.836119
-109.0,110,26879.909296
-256.0,257,26887.704094
-204.0,205,26899.403572
-172.0,73,26903.334865
-219.0,120,26903.334913
-157.0,58,26906.497594
-119.0,20,26909.705844
-139.0,140,26920.382744
-333.0,334,26931.03365
-231.0,132,26941.070423
-304.0,305,26943.517858
-122.0,123,26948.206809
-234.0,135,26948.829517
-161.0,62,26960.411233
-183.0,184,26978.118689
-119.0,120,26986.633928
-600.0,600,26988.512368
-165.0,166,26995.643985
-232.0,133,27002.343176
-177.0,78,27002.66923
-331.0,332,27007.722255
-195.0,196,27009.858991
-289.0,290,27021.806843
-222.0,123,27024.815669
-120.0,121,27047.403476
-153.0,154,27050.647887
-238.0,139,27050.991783
-277.0,178,27051.31698
-175.0,176,27057.050456
-353.0,254,27067.606544
-116.0,17,27072.917035
-134.0,35,27083.635152
-108.0,9,27086.465389
-226.0,127,27090.202673
-108.0,109,27090.834038
-131.0,132,27092.115981
-231.0,232,27094.005536
-253.0,154,27095.26694
-120.0,21,27096.855518
-123.0,24,27098.434813
-112.0,13,27100.953834
-127.0,28,27100.953884
-266.0,267,27108.093075
-167.0,68,27119.486264
-237.0,138,27129.596628
-253.0,254,27129.596681
-135.0,36,27130.86123
-95.0,96,27130.86128
-200.0,101,27132.481653
-192.0,93,27159.79528
-108.0,109,27163.65276
-183.0,184,27165.527592
-226.0,227,27166.161637
-119.0,20,27166.161687
-192.0,193,27189.813747
-270.0,271,27216.355274
-280.0,281,27221.292553
-248.0,249,27245.821201
-173.0,174,27246.157928
-132.0,133,27259.437479
-221.0,122,27260.736607
-170.0,71,27269.157265
-147.0,48,27284.776949
-600.0,600,27284.776993
-76.0,77,27285.761531
-394.0,395,27290.631157
-146.0,147,27293.544283
-128.0,29,27295.167944
-123.0,124,27299.67125
-170.0,71,27307.787112
-214.0,115,27336.888783
-147.0,148,27341.397985
-215.0,116,27345.237953
-255.0,156,27345.552841
-140.0,41,27358.57401
-600.0,600,27358.908908
-600.0,600,27359.569681
-235.0,236,27361.095032
-133.0,34,27369.962587
-103.0,104,27374.244235
-263.0,264,27375.146855
-128.0,129,27386.06465
-204.0,105,27391.49268
-85.0,86,27402.350824
-143.0,144,27403.596026
-144.0,145,27406.422716
-248.0,149,27416.835025
-86.0,87,27429.841184
-450.0,351,27447.915528
-206.0,207,27457.019261
-170.0,171,27457.639366
-264.0,265,27457.955487
-105.0,106,27463.113853
-201.0,202,27469.807868
-64.0,65,27477.826058
-318.0,319,27486.207808
-239.0,240,27491.758139
-248.0,149,27493.956654
-193.0,94,27498.872156
-192.0,93,27506.55051
-109.0,110,27520.280479
-338.0,239,27531.486296
-256.0,257,27536.406415
-151.0,152,27541.042528
-202.0,203,27554.530044
-311.0,312,27559.372101
-181.0,182,27562.793926
-180.0,181,27576.128321
-268.0,269,27582.026019
-182.0,183,27597.660182
-129.0,130,27599.821158
-247.0,148,27600.451037
-234.0,135,27604.843908
-156.0,57,27618.596403
-270.0,271,27620.83109
-289.0,290,27621.81237
-245.0,146,27622.159624
-206.0,107,27633.633196
-144.0,45,27635.83468
-218.0,119,27642.433341
-195.0,196,27643.675658
-246.0,147,27644.00084
-190.0,91,27649.337275
-112.0,113,27657.501793
-219.0,220,27688.170054
-144.0,145,27689.764338
-151.0,152,27690.737808
-151.0,152,27706.095218
-168.0,69,27710.277306
-248.0,249,27715.000614
-206.0,207,27715.32461
-260.0,261,27716.632767
-125.0,126,27729.974441
-488.0,389,27767.883127
-380.0,281,27780.235312
-286.0,187,27789.439046
-270.0,271,27796.330612
-300.0,301,27801.63625
-121.0,22,27808.706245
-105.0,106,27813.801379
-145.0,146,27814.113638
-167.0,68,27817.939704
-325.0,326,27820.165571
-333.0,334,27821.419116
-76.0,77,27842.21924
-89.0,90,27848.515663
-215.0,116,27850.750956
-138.0,139,27865.23164
-153.0,154,27897.368833
-600.0,600,27905.250249
-369.0,370,27906.524596
-210.0,211,27909.03097
-139.0,140,27909.666098
-421.0,322,27910.628703
-218.0,219,27919.940071
-153.0,54,27936.76814
-133.0,134,27939.285065
-105.0,106,27942.094647
-134.0,135,27952.630584
-195.0,196,27970.648767
-214.0,215,27973.433913
-244.0,245,27981.466652
-137.0,38,27993.310478
-600.0,600,28001.962023
-219.0,220,28005.07955
-216.0,217,28006.632246
-138.0,39,28013.978682
-310.0,211,28018.000407
-296.0,197,28032.026486
-318.0,319,28041.411169
-165.0,166,28045.1979
-145.0,46,28055.778171
-184.0,185,28064.626513
-148.0,149,28064.977206
-77.0,78,28069.776085
-209.0,210,28071.082644
-282.0,183,28071.716844
-128.0,129,28072.669789
-159.0,60,28074.846351
-128.0,129,28113.828443
-253.0,154,28114.152039
-140.0,41,28127.224979
-193.0,194,28131.740342
-215.0,216,28143.865809
-284.0,285,28155.713022
-600.0,600,28163.000413
-148.0,149,28174.756132
-150.0,51,28190.865883
-198.0,199,28194.997737
-262.0,263,28197.575628
-229.0,130,28204.277042
-155.0,156,28205.227516
-299.0,200,28207.483473
-168.0,69,28216.958498
-139.0,40,28216.958544
-133.0,34,28227.770935
-165.0,66,28228.407345
-140.0,41,28240.955606
-146.0,47,28243.503385
-137.0,138,28249.247979
-183.0,184,28249.568191
-600.0,600,28262.315579
-242.0,143,28262.654279
-600.0,600,28262.966086
-192.0,93,28374.443923
-115.0,116,28383.900765
-214.0,115,28389.035625
-86.0,87,28392.996424
-247.0,148,28399.406495
-218.0,119,28403.108783
-76.0,77,28407.51707
-151.0,52,28409.093755
-224.0,125,28412.876308
-177.0,178,28422.073424
-148.0,49,28428.37149
-70.0,71,28429.908081
-208.0,109,28433.714789
-183.0,84,28456.480923
-216.0,217,28457.114355
-139.0,140,28478.164315
-329.0,230,28482.032162
-251.0,252,28483.001807
-680.0,581,28484.874457
-195.0,96,28487.748337
-123.0,24,28492.506006
-226.0,227,28494.111941
-138.0,39,28495.395923
-124.0,125,28496.376134
-260.0,261,28511.109651
-212.0,113,28517.879727
-182.0,83,28522.626316
-122.0,23,28529.917693
-114.0,15,28534.615875
-187.0,188,28537.85472
-113.0,14,28539.173397
-180.0,81,28543.515913
-190.0,191,28548.256158
-198.0,199,28557.246572
-206.0,207,28561.134929
-182.0,83,28565.598841
-194.0,195,28573.293422
-272.0,273,28579.376988
-164.0,165,28610.454171
-232.0,233,28612.745042
-209.0,210,28616.012999
-214.0,215,28630.675519
-196.0,197,28643.324277
-219.0,220,28644.619821
-269.0,270,28653.052844
-200.0,201,28675.611425
-308.0,209,28680.473649
-205.0,206,28682.797832
-203.0,104,28686.731444
-175.0,176,28687.693658
-183.0,84,28702.935294
-175.0,76,28711.390602
-254.0,255,28725.948895
-164.0,165,28736.299724
-284.0,285,28736.945256
-600.0,600,28737.604754
-131.0,32,28746.664653
-131.0,132,28753.981601
-182.0,183,28762.021913
-194.0,95,28785.145276
-147.0,148,28794.635899
-245.0,246,28816.298445
-453.0,354,28840.173009
-257.0,258,28845.278425
-600.0,600,28874.086917
-600.0,600,28881.151554
-600.0,600,28930.362539
-369.0,370,28934.780995
-600.0,600,28977.301884
-600.0,600,28986.932426
-600.0,600,29032.47016
-600.0,600,29037.578252
-600.0,600,29066.560808
-600.0,600,29073.637076
-106.0,107,29100.894501
-600.0,600,29122.986062
-600.0,600,29127.547437
-600.0,600,29170.238092
-600.0,600,29179.884612
-600.0,600,29225.873244
-600.0,600,29231.021687
-600.0,600,29267.045005
-600.0,600,29294.611681
-600.0,600,29316.822022
-600.0,600,29321.242362
-600.0,600,29363.43731
-600.0,600,29372.80006
-600.0,600,29417.50712
-600.0,600,29422.628413
-600.0,600,29457.943308
-600.0,600,29484.491981
-600.0,600,29506.189672
-600.0,600,29510.645054
-600.0,600,29552.946596
-600.0,600,29562.548499
-600.0,600,29607.98402
-600.0,600,29613.097209
-600.0,600,29648.894022
-600.0,600,29676.047772
-600.0,600,29698.07909
-600.0,600,29702.61011
-600.0,600,29744.989682
-600.0,600,29754.645071
-600.0,600,29800.212499
-600.0,600,29805.303772
-600.0,600,29841.154603
-600.0,600,29868.348167
-111.0,12,29872.181169
-600.0,600,29890.428129
-600.0,600,29894.783469
-600.0,600,29936.017796
-600.0,600,29945.418132
-600.0,600,30322.649649
-600.0,600,30327.496704
-600.0,600,30361.343058
-600.0,600,30390.716723
-600.0,600,30408.227622
-600.0,600,30412.637271
-600.0,600,30453.885576
-600.0,600,30463.314991
-600.0,600,30507.902493
-600.0,600,30512.856651
-600.0,600,30547.814896
-600.0,600,30578.08309
-600.0,600,30595.64151
-600.0,600,30600.057307
-600.0,600,30641.359567
-600.0,600,30650.629009
-600.0,600,30694.661421
-600.0,600,30699.59734
-600.0,600,30734.393214
-600.0,600,30764.436709
-600.0,600,30782.190127
-600.0,600,30786.557772
-600.0,600,30827.454617
-600.0,600,30836.738503
-600.0,600,30880.934113
-600.0,600,30885.918757
-600.0,600,30920.769303
-600.0,600,30950.951001
-600.0,600,30968.599832
-600.0,600,30972.962835
-600.0,600,31014.126441
-600.0,600,31023.345807
-600.0,600,31067.164318
-600.0,600,31072.227516
-600.0,600,31107.102291
-600.0,600,31137.132724
-102.0,3,31138.061388
-600.0,600,31154.891025
-600.0,600,31159.355799
-600.0,600,31200.786
-600.0,600,31210.132856
-600.0,600,31254.772949
-600.0,600,31259.826185
-600.0,600,31294.817096
-600.0,600,31326.05337
-600.0,600,31342.8501
-600.0,600,31347.206455
-600.0,600,31388.37219
-600.0,600,31397.691306
-600.0,600,31441.893806
-600.0,600,31446.851254
-600.0,600,31481.917652
-600.0,600,31512.774572
-600.0,600,31529.517789
-600.0,600,31533.820876
-600.0,600,31574.363163
-600.0,600,31583.599764
-600.0,600,31627.43756
-600.0,600,31632.382173
-600.0,600,31667.041462
-600.0,600,31697.957207
-634.0,535,31698.890744
-600.0,600,31714.717256
-600.0,600,31760.032617
-600.0,600,31769.439951
-600.0,600,31813.930867
-600.0,600,31819.009109
-407.0,408,31842.469408
-600.0,600,31854.542091
-600.0,600,32226.762072
-600.0,600,32227.676907
-478.0,479,32260.324347
-600.0,600,32288.514407
-234.0,235,32333.047113
-600.0,600,32341.777063
-600.0,600,32346.635555
-443.0,444,32364.666513
-600.0,600,32369.228195
-600.0,600,32380.690448
-327.0,328,32389.255249
-70.0,71,32410.67948
-600.0,600,32410.987997
-395.0,296,32454.883766
-405.0,406,32457.060032
-290.0,291,32469.770907
-114.0,115,32492.54736
-504.0,505,32523.783613
-600.0,600,32525.331532
-600.0,600,32530.300536
-300.0,301,32547.554096
-600.0,600,32594.305247
-600.0,600,32594.612744
-477.0,478,32615.597631
-488.0,489,32672.311614
-600.0,600,32675.116829
-308.0,309,32688.590502
-600.0,600,32708.193851
-600.0,600,32713.198813
-439.0,440,32728.905089
-600.0,600,32730.408094
-474.0,475,32760.68945
-350.0,351,32783.03389
-182.0,183,32784.938671
-254.0,255,32786.475114
-338.0,339,32792.902053
-233.0,134,32802.029515
-496.0,497,32825.245173
-190.0,91,32830.119335
-244.0,145,32837.481599
-198.0,199,32847.701966
-310.0,211,32849.868774
-455.0,456,32870.645371
-312.0,313,32879.811424
-167.0,168,32882.377424
-554.0,555,32884.269053
-293.0,194,32885.526557
-169.0,70,32892.721486
-186.0,187,32895.790922
-147.0,48,32907.813696
-180.0,81,32909.74203
-206.0,207,32912.59084
-89.0,90,32913.864638
-127.0,28,32916.755626
-113.0,114,32918.340142
-145.0,146,32942.210218
-231.0,232,32953.306821
-139.0,40,32954.937781
-155.0,156,32966.351709
-258.0,159,32968.90712
-201.0,202,32976.811203
-77.0,78,32978.05588
-134.0,135,32997.659855
-267.0,268,32998.934137
-78.0,79,33003.099637
-217.0,118,33006.305371
-62.0,63,33019.093269
-140.0,141,33021.65255
-100.0,1,33021.981724
-201.0,202,33030.649074
-203.0,104,33036.400631
-228.0,129,33038.95353
-600.0,600,33039.944435
-142.0,143,33051.684579
-187.0,88,33066.349155
-125.0,126,33075.658938
-199.0,200,33084.680364
-146.0,147,33085.621334
-120.0,21,33091.315444
-198.0,99,33097.279572
-215.0,216,33098.211615
-600.0,600,33099.445681
-132.0,33,33108.630921
-227.0,128,33115.754314
-207.0,208,33116.707483
-74.0,75,33122.926513
-94.0,95,33126.915797
-148.0,49,33130.965323
-149.0,50,33142.471592
-135.0,36,33153.805236
-146.0,147,33154.440079
-133.0,134,33158.483001
-119.0,20,33164.722063
-256.0,257,33165.969856
-251.0,252,33170.008485
-167.0,168,33175.248117
-69.0,70,33175.55622
-121.0,22,33182.462542
-52.0,53,33191.882194
-134.0,135,33207.109634
-600.0,600,33207.109687
-110.0,11,33210.592684
-281.0,282,33219.482049
-127.0,28,33219.482101
-198.0,199,33232.687474
-219.0,220,33235.201626
-154.0,55,33236.814046
-161.0,62,33239.132597
-279.0,180,33239.476591
-166.0,167,33244.88356
-229.0,130,33248.352
-84.0,85,33265.955168
-210.0,111,33279.934125
-127.0,128,33279.934178
-119.0,120,33286.258018
-105.0,6,33288.188675
-178.0,179,33293.493701
-195.0,196,33297.227276
-111.0,112,33315.080377
-362.0,263,33315.699649
-176.0,77,33321.339454
-97.0,98,33324.181379
-114.0,15,33326.102811
-142.0,43,33328.609035
-184.0,185,33338.03045
-235.0,236,33340.302711
-600.0,600,33343.605584
-161.0,62,33348.351915
-155.0,156,33373.424292
-182.0,183,33373.424365
-181.0,82,33374.050787
-128.0,29,33382.497695
-273.0,174,33392.742844
-188.0,189,33399.706086
-300.0,201,33406.682654
-290.0,291,33417.65997
-93.0,94,33422.434811
-177.0,178,33429.434869
-195.0,96,33430.065655
-48.0,49,33437.989677
-131.0,132,33459.589352
-267.0,268,33467.355184
-149.0,150,33477.165868
-600.0,600,33477.506722
-205.0,206,33495.66178
-164.0,65,33497.96013
-188.0,189,33498.306792
-292.0,293,33499.903547
-143.0,44,33514.021523
-190.0,91,33524.973944
-148.0,49,33529.808864
-199.0,100,33530.454203
-120.0,21,33531.746405
-116.0,17,33537.185212
-130.0,131,33540.060407
-118.0,19,33546.112503
-281.0,282,33557.546493
-600.0,600,33564.922399
-94.0,95,33567.532595
-148.0,149,33577.366604
-152.0,53,33581.8068
-122.0,123,33585.294907
-112.0,13,33585.933394
-465.0,366,33594.517131
-151.0,52,33602.616353
-173.0,174,33613.03315
-261.0,262,33614.006476
-135.0,136,33628.778549
-108.0,109,33629.426248
-163.0,64,33634.631498
-221.0,222,33648.417096
-158.0,59,33648.417156
-600.0,600,33651.651311
-233.0,234,33677.168556
-347.0,348,33678.430094
-200.0,201,33692.479452
-260.0,261,33695.881083
-152.0,153,33696.489653
-284.0,185,33709.500174
-105.0,106,33710.119051
-124.0,25,33718.014219
-354.0,255,33728.562017
-316.0,317,33734.438473
-282.0,183,33735.697894
-129.0,30,33737.899303
-170.0,171,33749.717665
-148.0,49,33751.317993
-194.0,195,33753.880533
-165.0,66,33871.925633
-237.0,138,33874.704522
-174.0,75,33885.901048
-149.0,50,33887.112087
-164.0,165,33898.560377
-138.0,139,33917.241679
-174.0,175,33920.718294
-373.0,374,33926.172626
-130.0,131,33926.535902
-239.0,240,33938.963648
-305.0,206,33951.524241
-201.0,102,33953.080946
-241.0,142,33962.176187
-220.0,121,33964.74811
-132.0,133,33980.837101
-164.0,65,33985.215943
-185.0,86,33989.327638
-120.0,121,33989.64883
-288.0,289,33989.648882
-147.0,48,34004.921071
-600.0,600,34010.93551
-208.0,209,34018.965936
-150.0,151,34028.410829
-111.0,12,34032.211234
-442.0,343,34034.380378
-141.0,142,34034.380441
-143.0,144,34034.700355
-187.0,188,34044.366554
-139.0,40,34057.016851
-179.0,80,34057.346596
-270.0,171,34058.585392
-108.0,9,34060.120784
-143.0,144,34079.382862
-146.0,147,34080.320433
-222.0,223,34080.62323
-110.0,111,34091.684337
-143.0,44,34094.553298
-70.0,71,34102.672955
-262.0,263,34117.019271
-284.0,185,34117.980685
-322.0,323,34120.199204
-188.0,89,34122.369216
-221.0,222,34128.028686
-121.0,22,34135.064143
-187.0,188,34138.574634
-153.0,54,34139.542965
-180.0,81,34142.78205
-98.0,99,34149.419779
-286.0,187,34150.634153
-164.0,65,34160.133171
-58.0,59,34161.395838
-212.0,213,34187.417849
-119.0,120,34188.366583
-179.0,180,34195.36468
-326.0,327,34205.983788
-146.0,47,34221.059794
-89.0,90,34224.26164
-201.0,202,34225.545158
-141.0,142,34232.902531
-382.0,283,34239.203344
-137.0,38,34251.305965
-225.0,126,34264.465771
-436.0,337,34267.346358
-204.0,205,34290.958676
-191.0,192,34294.160404
-191.0,92,34296.90187
-239.0,240,34297.87752
-62.0,63,34318.107545
-600.0,600,34326.541823
-144.0,145,34341.097662
-241.0,242,34342.391557
-100.0,101,34350.829007
-131.0,32,34352.749407
-222.0,223,34363.203052
-133.0,134,34370.003825
-45.0,46,34378.076897
-600.0,600,34381.333026
-155.0,56,34388.172483
-188.0,189,34402.457047
-448.0,349,34409.914799
-196.0,97,34419.565257
-224.0,125,34421.840278
-218.0,219,34423.80764
-231.0,232,34426.079497
-134.0,35,34435.034783
-188.0,89,34438.56646
-114.0,15,34439.843755
-600.0,600,34445.004386
-282.0,183,34461.226882
-112.0,113,34474.716176
-155.0,156,34476.00553
-213.0,114,34476.323063
-206.0,207,34488.26531
-228.0,129,34502.661204
-89.0,90,34503.60956
-59.0,60,34522.760708
-268.0,169,34530.406001
-234.0,235,34551.198994
-207.0,208,34554.724472
-600.0,600,34570.625345
-132.0,133,34572.874684
-137.0,38,34584.952479
-274.0,275,34590.307148
-222.0,223,34593.782662
-169.0,170,34608.741284
-600.0,600,34611.321902
-292.0,193,34612.579988
-138.0,139,34614.817984
-128.0,29,34618.036532
-94.0,95,34624.110998
-600.0,600,34636.534261
-117.0,18,34642.203173
-98.0,99,34649.594716
-247.0,148,34659.729568
-112.0,13,34663.822023
-331.0,232,34664.130925
-197.0,198,34674.330877
-189.0,90,34678.121178
-305.0,306,34682.248264
-132.0,33,34688.506785
-100.0,1,34688.821762
-147.0,148,34689.135379
-100.0,1,34689.45032
-105.0,6,34690.71572
-202.0,103,34706.812695
-151.0,152,34711.841607
-76.0,77,34713.742212
-107.0,8,34716.240597
-139.0,140,34734.976213
-167.0,168,34735.29801
-131.0,132,34748.711466
-273.0,174,34767.39315
-337.0,338,34771.513866
-122.0,123,34774.727612
-273.0,174,34790.65803
-659.0,560,34792.900666
-146.0,147,34795.809214
-141.0,42,34804.047702
-295.0,296,34810.757883
-248.0,149,34814.927691
-600.0,600,34814.927738
-174.0,75,34816.836271
-145.0,46,34818.740071
-138.0,39,34828.907165
-177.0,178,34831.081043
-210.0,211,34838.267226
-90.0,91,34843.309197
-94.0,95,34844.564594
-283.0,184,34853.744878
-136.0,37,34856.253142
-196.0,97,34861.678921
-143.0,144,34863.884932
-64.0,65,34874.266508
-159.0,160,34888.559634
-265.0,266,34894.179976
-268.0,169,34896.438548
-149.0,150,34903.393675
-229.0,130,34904.655049
-124.0,25,34911.228943
-134.0,135,34916.49384
-192.0,193,34922.128481
-155.0,56,34928.769409
-82.0,83,34930.637711
-236.0,137,34931.589594
-150.0,51,34932.549733
-432.0,333,34933.500723
-119.0,120,34934.116484
-149.0,50,34947.839978
-176.0,77,34956.97573
-154.0,55,34964.749072
-115.0,116,34966.342107
-116.0,17,34970.04107
-155.0,156,34970.343868
-143.0,144,34973.112487
-259.0,260,34974.962602
-173.0,174,34987.691841
-88.0,89,34994.188342
-164.0,65,34995.460271
-216.0,217,34998.868727
-121.0,122,35008.118341
-118.0,119,35010.280822
-195.0,196,35017.968582
-97.0,98,35024.498188
-179.0,180,35026.434775
-222.0,123,35033.647847
-163.0,64,35046.234551
-202.0,103,35049.932333
-219.0,220,35056.177464
-184.0,85,35059.965121
-207.0,208,35075.008237
-179.0,80,35075.008291
-178.0,179,35080.368627
-120.0,121,35084.142086
-276.0,277,35085.076336
-116.0,117,35096.661836
-181.0,82,35106.152139
-125.0,126,35114.63313
-157.0,58,35114.94308
-132.0,133,35116.847786
-126.0,27,35125.357448
-134.0,135,35126.63484
-165.0,166,35137.306086
-262.0,263,35138.888253
-79.0,80,35150.625643
-127.0,28,35159.587356
-211.0,112,35162.108146
-183.0,184,35172.898918
-129.0,130,35178.535335
-303.0,204,35179.484968
-241.0,242,35182.584672
-146.0,147,35185.392064
-600.0,600,35196.332859
-224.0,125,35198.866782
-100.0,101,35213.888897
-122.0,123,35223.387215
-260.0,161,35228.273869
-132.0,133,35237.277277
-216.0,217,35240.146733
-154.0,155,35246.785988
-107.0,108,35247.423214
-227.0,228,35250.293799
-122.0,123,35261.558484
-184.0,85,35263.686508
-331.0,332,35265.172353
-132.0,133,35269.431424
-229.0,130,35286.699908
-270.0,171,35292.923656
-112.0,113,35304.473758
-191.0,92,35315.760126
-276.0,177,35320.605676
-211.0,212,35327.961793
-214.0,115,35329.533637
-92.0,93,35334.322787
-171.0,72,35338.738828
-58.0,59,35346.782395
-136.0,37,35350.654252
-184.0,85,35356.683767
-476.0,377,35365.988024
-108.0,9,35368.877525
-74.0,75,35370.744934
-178.0,79,35375.800294
-275.0,176,35376.754783
-183.0,84,35395.353507
-422.0,423,35397.27564
-211.0,212,35401.668732
-149.0,150,35404.207915
-214.0,115,35413.160343
-205.0,106,35429.109951
-199.0,200,35439.339391
-600.0,600,35439.668482
-224.0,225,35442.189963
-134.0,135,35444.69099
-197.0,198,35575.74914
-182.0,183,35579.731068
-219.0,120,35590.740028
-276.0,177,35603.324812
-105.0,106,35608.773877
-299.0,200,35610.999071
-285.0,286,35627.858494
-159.0,60,35630.105603
-198.0,199,35642.419436
-122.0,23,35649.731312
-245.0,146,35649.731362
-171.0,72,35652.910449
-338.0,339,35657.642018
-244.0,245,35668.335463
-131.0,132,35669.585761
-172.0,73,35672.721003
-600.0,600,35695.384309
-136.0,137,35696.036487
-189.0,90,35700.969337
-295.0,296,35702.212487
-170.0,171,35703.452538
-122.0,23,35708.062533
-115.0,16,35708.375152
-131.0,32,35712.13201
-143.0,144,35713.375001
-178.0,179,35713.702477
-149.0,150,35716.65
-78.0,79,35720.663463
-169.0,70,35730.197409
-119.0,120,35745.727948
-117.0,118,35750.505439
-115.0,16,35750.849304
-113.0,114,35756.607613
-127.0,28,35759.459971
-182.0,183,35771.609873
-48.0,49,35775.169387
-112.0,13,35775.820882
-191.0,92,35786.099324
-214.0,115,35787.73164
-314.0,315,35795.037117
-240.0,241,35807.198579
-321.0,322,35819.081394
-131.0,132,35837.360555
-142.0,143,35853.106553
-215.0,216,35855.340812
-219.0,220,35858.209974
-294.0,295,35869.84094
-207.0,108,35872.107803
-112.0,13,35874.033671
-183.0,84,35880.144282
-226.0,227,35891.98943
-223.0,124,35895.211235
-600.0,600,35903.891207
-165.0,166,35924.529958
-282.0,183,35931.670677
-175.0,176,35935.425624
-109.0,110,35937.970857
-145.0,46,35938.931257
-152.0,53,35955.644014
-192.0,193,35955.644055
-310.0,311,35956.576451
-600.0,600,35966.322608
-112.0,113,35966.925189
-87.0,88,35982.466482
-303.0,304,35986.477618
-103.0,104,35999.128963
-243.0,144,36001.066816
-309.0,210,36003.318954
-262.0,163,36006.189306
-249.0,250,36013.369804
-104.0,105,36015.566451
-172.0,73,36024.00984
-169.0,70,36025.30852
-45.0,46,36039.681652
-259.0,260,36047.519704
-142.0,143,36051.00428
-228.0,229,36058.404007
-237.0,138,36058.716226
-154.0,155,36061.844242
-122.0,123,36062.470452
-151.0,52,36063.693956
-255.0,256,36079.051005
-85.0,86,36088.567964
-177.0,178,36095.040836
-158.0,159,36107.755746
-302.0,203,36114.081537
-173.0,74,36118.238945
-210.0,211,36124.444252
-42.0,43,36131.644975
-268.0,169,36131.953075
-101.0,2,36132.574317
-228.0,229,36133.840225
-377.0,278,36150.162212
-157.0,58,36151.734576
-175.0,176,36162.727464
-151.0,52,36168.194906
-142.0,143,36169.139571
-294.0,295,36180.555412
-211.0,212,36197.906255
-205.0,106,36202.220336
-114.0,15,36202.53796
-231.0,232,36205.014606
-138.0,39,36214.320498
-257.0,158,36217.512368
-356.0,357,36225.534254
-249.0,250,36228.408452
-232.0,233,36235.658351
-169.0,170,36259.231717
-265.0,266,36265.058213
-121.0,122,36265.058262
-221.0,122,36275.516539
-209.0,210,36281.991898
-229.0,230,36291.703858
-184.0,85,36292.678561
-129.0,30,36302.38164
-249.0,250,36309.507065
-201.0,202,36324.835575
-144.0,145,36329.084005
-96.0,97,36333.992548
-239.0,140,36337.248036
-130.0,31,36344.068272
-105.0,6,36346.050578
-231.0,232,36350.903692
-256.0,157,36360.675217
-179.0,80,36363.312841
-162.0,63,36366.498154
-314.0,315,36367.479633
-131.0,132,36367.802758
-163.0,64,36383.930992
-165.0,66,36387.811442
-600.0,600,36396.282059
-192.0,93,36397.533567
-115.0,16,36402.607892
-242.0,243,36407.565712
-325.0,226,36423.451291
-229.0,230,36434.420635
-227.0,128,36436.977664
-157.0,158,36438.260113
-196.0,97,36438.577119
-156.0,57,36456.985711
-292.0,193,36464.364928
-310.0,311,36467.558519
-208.0,109,36473.339489
-107.0,108,36491.659503
-233.0,234,36498.780487
-212.0,113,36500.71141
-221.0,222,36505.880947
-176.0,77,36530.500731
-193.0,94,36530.818253
-283.0,184,36532.403493
-236.0,137,36535.666273
-249.0,250,36547.84922
-185.0,86,36558.267583
-231.0,232,36573.095726
-600.0,600,36576.332584
-152.0,153,36584.484834
-169.0,170,36584.790145
-163.0,164,36584.790191
-50.0,51,36589.189497
-116.0,17,36590.147624
-145.0,46,36590.774107
-162.0,163,36599.6707
-132.0,133,36600.638083
-193.0,94,36613.971063
-104.0,105,36617.756405
-193.0,94,36618.689845
-171.0,72,36622.16457
-121.0,122,36628.493798
-600.0,600,36628.493849
-50.0,51,36638.24827
-231.0,132,36655.585413
-186.0,87,36655.917333
-226.0,127,36658.753639
-125.0,26,36663.78582
-212.0,213,36667.54357
-136.0,37,36670.355207
-141.0,142,36673.218534
-54.0,55,36690.280211
-102.0,103,36702.470552
-241.0,242,36714.132827
-294.0,195,36716.962769
-340.0,341,36724.733105
-212.0,113,36725.671757
-128.0,29,36734.728725
-268.0,269,36747.646511
-104.0,105,36757.249683
-276.0,177,36757.572171
-152.0,153,36761.72126
-111.0,112,36769.504926
-600.0,600,36778.564361
-298.0,199,36778.865128
-163.0,64,36789.428252
-218.0,119,36794.303507
-202.0,103,36810.262759
-170.0,171,36810.580185
-318.0,219,36815.496401
-475.0,476,36815.496451
-117.0,18,36816.12176
-276.0,177,36816.430636
-225.0,126,36817.713642
-117.0,18,36821.743879
-167.0,68,36836.154875
-118.0,119,36852.624778
-203.0,204,36856.644127
-141.0,142,36860.91118
-159.0,160,36864.33224
-199.0,100,36866.839706
-262.0,163,36871.657712
-286.0,287,36877.672575
-79.0,80,36881.62311
-156.0,57,36884.681615
-85.0,86,36898.166511
-286.0,287,36898.477932
-213.0,114,36899.699677
-269.0,170,36913.471614
-239.0,240,36926.637721
-261.0,162,36927.241832
-129.0,130,36939.671391
-240.0,141,36941.913162
-231.0,232,36952.985524
-279.0,180,36953.606189
-203.0,104,36958.797252
-185.0,186,36970.72671
-214.0,115,36975.071854
-260.0,161,36976.956649
-125.0,126,36980.605633
-319.0,320,36983.01766
-126.0,27,36985.173844
-173.0,74,37008.063252
-86.0,87,37010.002557
-226.0,127,37010.002604
-108.0,9,37012.773095
-240.0,141,37018.576716
-204.0,205,37021.891625
-155.0,156,37028.650383
-249.0,250,37029.894415
-141.0,142,37052.070681
-136.0,137,37060.928435
-133.0,134,37063.470535
-236.0,137,37071.578602
-256.0,257,37092.654793
-270.0,271,37094.197257
-152.0,153,37108.807396
-254.0,255,37109.426284
-283.0,184,37109.426338
-281.0,182,37120.35867
-195.0,96,37240.636232
-600.0,600,37241.545554
-203.0,204,37257.491511
-164.0,165,37262.138411
-265.0,266,37278.143619
-218.0,219,37289.605878
-171.0,172,37310.742902
-111.0,12,37314.444115
-212.0,213,37328.157438
-288.0,289,37329.722936
-295.0,296,37332.852486
-119.0,20,37334.453365
-157.0,158,37338.756575
-201.0,202,37340.925031
-138.0,39,37341.847802
-600.0,600,37359.302312
-104.0,105,37367.031143
-199.0,200,37376.482183
-247.0,148,37387.504817
-157.0,158,37389.656645
-171.0,172,37391.829151
-193.0,194,37392.752472
-600.0,600,37396.733022
-142.0,143,37403.158833
-177.0,78,37416.600965
-62.0,63,37422.394753
-129.0,130,37429.476359
-191.0,192,37435.322146
-161.0,162,37441.449509
-186.0,187,37444.817117
-270.0,271,37449.932418
-39.0,40,37457.099544
-138.0,39,37462.15004
-113.0,14,37466.480054
-107.0,108,37468.636856
-160.0,161,37472.048237
-181.0,182,37472.652927
-296.0,297,37487.875722
-201.0,202,37491.58562
-113.0,114,37492.21839
-178.0,79,37496.243301
-158.0,59,37506.115711
-146.0,147,37513.76477
-89.0,90,37520.067544
-178.0,179,37521.635561
-188.0,189,37531.013091
-299.0,300,37534.072961
-158.0,59,37539.947159
-144.0,145,37541.211538
-218.0,119,37550.924771
-201.0,202,37554.385615
-53.0,54,37556.956183
-175.0,176,37560.978468
-135.0,136,37562.515114
-210.0,111,37565.709145
-119.0,20,37568.825028
-148.0,49,37572.176248
-135.0,36,37576.95486
-229.0,130,37581.970992
-228.0,129,37591.180749
-50.0,51,37592.724456
-225.0,226,37604.40116
-217.0,118,37608.816232
-196.0,97,37612.017023
-187.0,188,37612.960235
-193.0,194,37621.468333
-276.0,177,37624.017093
-51.0,52,37625.287416
-169.0,70,37633.928553
-100.0,101,37644.436089
-198.0,199,37653.162219
-192.0,193,37664.673426
-228.0,129,37665.323875
-93.0,94,37674.02239
-102.0,3,37674.953642
-124.0,25,37682.768615
-188.0,89,37692.852356
-287.0,188,37692.852408
-231.0,232,37694.101082
-135.0,36,37694.101131
-349.0,350,37702.188399
-151.0,152,37713.262539
-151.0,52,37718.562507
-314.0,315,37722.616993
-254.0,255,37733.119675
-133.0,134,37734.718107
-172.0,73,37735.993695
-144.0,45,37736.595362
-251.0,152,37740.365925
-153.0,154,37742.202374
-140.0,41,37755.259355
-129.0,30,37764.420116
-225.0,226,37764.717155
-119.0,120,37770.529402
-111.0,112,37771.438377
-69.0,70,37785.788698
-215.0,216,37801.330515
-311.0,212,37801.330568
-233.0,134,37805.614547
-168.0,69,37806.830574
-301.0,302,37811.705361
-118.0,19,37817.491922
-120.0,121,37838.004194
-110.0,111,37840.442073
-126.0,27,37846.213852
-121.0,22,37847.181477
-352.0,353,37848.398183
-152.0,153,37852.14183
-269.0,270,37853.723146
-289.0,290,37859.117244
-191.0,192,37860.086319
-110.0,11,37863.47684
-168.0,69,37867.730585
-163.0,64,37873.559484
-150.0,51,37874.831835
-56.0,57,37880.969056
-273.0,274,37901.680809
-101.0,2,37902.324608
-280.0,181,37904.495875
-194.0,195,37912.468522
-104.0,5,37914.007807
-152.0,153,37922.078067
-270.0,171,37926.467352
-142.0,43,37927.382606
-219.0,220,37935.628314
-285.0,186,37938.415135
-310.0,311,37943.301746
-149.0,150,37948.460588
-155.0,56,37952.69308
-92.0,93,37954.753357
-275.0,176,37958.361573
-87.0,88,37969.939901
-299.0,200,37983.032373
-101.0,2,37983.631827
-82.0,83,37983.63187
-209.0,110,37988.204653
-139.0,140,37990.937905
-182.0,83,37995.249807
-100.0,1,37995.576733
-195.0,96,38012.841152
-245.0,246,38013.154393
-283.0,284,38013.766116
-145.0,146,38028.018115
-169.0,70,38034.190088
-173.0,174,38041.279648
-291.0,292,38041.578853
-155.0,56,38045.312521
-169.0,170,38047.512916
-149.0,50,38049.708149
-178.0,79,38074.213741
-237.0,238,38086.974901
-143.0,144,38089.723876
-217.0,218,38108.650485
-318.0,319,38111.434539
-85.0,86,38113.650665
-188.0,89,38136.501948
-253.0,154,38137.776597
-314.0,315,38139.351201
-170.0,71,38159.211725
-149.0,150,38161.155549
-600.0,600,38177.631802
-122.0,123,38178.92517
-140.0,141,38183.094001
-192.0,93,38191.09944
-165.0,66,38198.893676
-146.0,147,38206.539939
-563.0,464,38221.002187
-173.0,74,38222.607017
-146.0,147,38230.238781
-161.0,162,38230.877186
-600.0,600,38237.015867
-131.0,32,38241.161714
-280.0,181,38249.119482
-233.0,134,38249.443737
-224.0,125,38260.905573
-175.0,76,38261.223437
-130.0,131,38272.071821
-133.0,34,38282.778564
-234.0,235,38297.270268
-600.0,600,38302.683572
-230.0,131,38302.683618
-112.0,13,38306.65373
-210.0,211,38307.838803
-276.0,177,38316.31706
-239.0,240,38324.06386
-161.0,62,38335.041118
-111.0,112,38336.560771
-307.0,208,38346.620847
-267.0,168,38348.475384
-155.0,56,38352.227572
-343.0,344,38356.198995
-194.0,195,38366.02054
-60.0,61,38367.271348
-246.0,147,38369.107182
-235.0,236,38379.728622
-243.0,144,38380.673946
-147.0,48,38381.923506
-198.0,99,38382.545599
-82.0,83,38391.584178
-130.0,31,38392.201515
-179.0,80,38404.534743
-173.0,74,38404.846982
-183.0,84,38406.697911
-148.0,49,38406.69796
-159.0,60,38410.649764
-110.0,11,38414.00464
-164.0,165,38419.920283
-217.0,218,38423.345292
-154.0,55,38423.644659
-109.0,10,38426.775174
-102.0,103,38436.726543
-145.0,46,38437.688408
-108.0,109,38438.314451
-81.0,82,38439.535231
-169.0,70,38459.126321
-87.0,88,38463.788731
-384.0,385,38465.295868
-169.0,70,38480.358672
-194.0,195,38486.490715
-177.0,178,38492.560847
-246.0,247,38495.631906
-303.0,304,38499.899432
-233.0,134,38504.545657
-146.0,147,38510.070902
-344.0,245,38514.369732
-128.0,129,38520.061899
-183.0,84,38530.637962
-166.0,67,38540.912936
-85.0,86,38541.223506
-164.0,165,38543.743023
-177.0,178,38550.967865
-162.0,63,38560.627047
-173.0,74,38564.358448
-116.0,117,38567.147969
-195.0,196,38571.187132
-241.0,242,38575.26724
-118.0,119,38588.098117
-186.0,87,38602.531761
-243.0,144,38605.724434
-291.0,192,38624.727366
-222.0,123,38626.918159
-192.0,93,38634.98643
-211.0,212,38637.783808
-203.0,104,38659.361318
-410.0,311,38664.693022
-255.0,156,38673.45603
-600.0,600,38673.782557
-117.0,118,38674.772943
-145.0,46,38679.218835
-258.0,159,38684.806034
-210.0,111,38708.437134
-155.0,156,38728.170306
-600.0,600,38731.965003
-289.0,290,38750.60816
-268.0,269,38759.432615
-271.0,272,38759.43268
-105.0,106,38761.634425
-188.0,189,38767.894176
-600.0,600,38906.989847
-246.0,147,38920.734699
-152.0,153,38922.51825
-192.0,193,38926.135259
-267.0,168,38935.255214
-320.0,321,38947.464081
-211.0,112,38955.326391
-277.0,278,38963.437686
-287.0,188,38964.677718
-247.0,148,38968.404791
-118.0,19,38969.321203
-210.0,111,38969.940721
-600.0,600,38987.56446
-76.0,77,38993.694581
-108.0,109,39001.941032
-220.0,121,39001.941077
-135.0,36,39004.711524
-281.0,282,39013.229296
-128.0,29,39013.539115
-327.0,228,39025.63153
-123.0,124,39040.350487
-96.0,97,39043.714059
-203.0,204,39050.490077
-172.0,173,39055.404037
-151.0,152,39060.396832
-390.0,391,39068.564271
-230.0,131,39084.785153
-173.0,74,39091.826117
-142.0,143,39100.215995
-193.0,194,39100.848551
-132.0,33,39102.087351
-173.0,74,39107.774226
-168.0,169,39113.298216
-139.0,40,39113.298266
-308.0,209,39115.757608
-169.0,70,39129.321969
-126.0,27,39137.678084
-140.0,141,39143.867147
-220.0,121,39153.193501
-600.0,600,39155.33774
-238.0,139,39156.276142
-245.0,146,39182.335839
-279.0,280,39188.060929
-189.0,190,39201.613099
-294.0,295,39203.434021
-152.0,53,39204.042967
-600.0,600,39210.742191
-185.0,186,39212.552277
-199.0,200,39213.754613
-155.0,56,39221.041055
-340.0,241,39228.478842
-156.0,57,39229.976877
-279.0,180,39236.945122
-106.0,107,39246.417812
-113.0,14,39250.743158
-172.0,173,39254.433802
-263.0,164,39260.891981
-146.0,147,39281.826308
-203.0,204,39283.355134
-118.0,119,39287.071049
-288.0,289,39291.693994
-215.0,116,39296.261558
-60.0,61,39300.624719
-132.0,33,39306.367242
-250.0,251,39306.726587
-276.0,277,39313.206988
-138.0,39,39318.508796
-217.0,218,39321.260921
-126.0,127,39326.215033
-108.0,9,39329.011747
-221.0,122,39338.238916
-91.0,92,39346.897744
-169.0,70,39350.630785
-141.0,42,39351.273135
-120.0,21,39357.806999
-234.0,235,39364.419808
-154.0,55,39367.797091
-284.0,285,39371.506142
-161.0,62,39377.160444
-138.0,39,39383.689868
-207.0,208,39385.827684
-75.0,76,39391.329237
-122.0,23,39392.839091
-133.0,34,39401.717345
-403.0,304,39407.30289
-194.0,95,39412.784283
-151.0,52,39417.770315
-222.0,123,39430.837379
-273.0,174,39430.83743
-220.0,221,39432.755988
-113.0,14,39435.232403
-418.0,319,39445.845092
-174.0,175,39461.777168
-168.0,169,39465.520135
-155.0,156,39479.418769
-162.0,163,39485.781048
-600.0,600,39492.573238
-118.0,19,39498.531731
-206.0,107,39498.531781
-104.0,5,39500.06748
-211.0,112,39514.408445
-267.0,268,39516.320628
-334.0,335,39522.34205
-102.0,3,39523.29363
-122.0,23,39523.603476
-120.0,121,39523.918941
-271.0,272,39530.851669
-167.0,68,39544.972707
-189.0,90,39551.683639
-168.0,169,39553.645094
-407.0,308,39558.400846
-134.0,35,39569.194356
-158.0,159,39573.898671
-247.0,248,39576.735164
-130.0,131,39586.045876
-229.0,230,39586.659304
-113.0,114,39587.271312
-129.0,30,39595.969152
-119.0,20,39602.178009
-115.0,16,39607.242516
-121.0,122,39611.962851
-199.0,200,39615.90203
-125.0,26,39623.769415
-231.0,132,39626.86261
-225.0,226,39639.163261
-191.0,192,39646.583583
-223.0,124,39650.037028
-75.0,76,39650.372576
-169.0,170,39659.589414
-530.0,431,39664.794651
-304.0,305,39670.945305
-214.0,215,39690.037417
-187.0,188,39697.198138
-216.0,117,39700.950819
-189.0,190,39708.683553
-221.0,222,39715.175448
-183.0,84,39716.107025
-65.0,66,39717.70105
-173.0,174,39724.754493
-125.0,26,39725.666859
-349.0,250,39727.527777
-158.0,59,39733.367835
-161.0,62,39735.219279
-112.0,113,39735.824036
-138.0,139,39751.554308
-184.0,85,39761.270547
-132.0,33,39761.591514
-222.0,123,39763.473869
-221.0,122,39764.997682
-100.0,101,39766.836092
-131.0,132,39773.879378
-373.0,374,39774.790746
-153.0,54,39777.890681
-146.0,47,39777.890744
-204.0,205,39787.91305
-146.0,47,39792.69031
-143.0,44,39806.418869
-227.0,128,39806.740253
-240.0,141,39808.89537
-119.0,20,39812.642655
-79.0,80,39812.953897
-143.0,144,39818.745334
-287.0,188,39819.976784
-136.0,137,39820.587626
-162.0,163,39825.307383
-117.0,18,39825.307653
-167.0,68,39827.454273
-81.0,82,39837.685658
-246.0,147,39854.230759
-150.0,151,39859.699581
-140.0,141,39869.364112
-188.0,189,39877.2788
-226.0,227,39890.496299
-204.0,205,39890.811355
-75.0,76,39892.347482
-129.0,130,39894.157821
-173.0,74,39899.655387
-201.0,202,39899.9582
-142.0,143,39903.320495
-285.0,286,39913.385314
-99.0,100,39921.081695
-161.0,62,39922.354122
-213.0,114,39925.811482
-203.0,104,39931.959558
-114.0,15,39936.68019
-191.0,192,39954.207263
-125.0,126,39961.199237
-319.0,220,39961.199293
-200.0,101,39968.915247
-183.0,184,39971.74518
-153.0,154,39974.872271
-161.0,62,39988.31115
-231.0,232,39995.848593
-121.0,122,39999.661757
-192.0,193,40015.160242
-201.0,202,40024.998392
-173.0,174,40029.769912
-119.0,20,40031.346645
-155.0,56,40032.958265
-110.0,11,40036.342154
-148.0,149,40042.913594
-230.0,231,40044.487189
-155.0,56,40047.392174
-189.0,190,40048.360434
-122.0,23,40050.249138
-164.0,65,40067.985832
-222.0,223,40070.184032
-181.0,82,40070.49781
-99.0,100,40079.841748
-271.0,172,40085.488719
-600.0,600,40088.989458
-182.0,183,40093.91522
-115.0,16,40093.915267
-264.0,165,40101.999085
-164.0,65,40114.011427
-151.0,152,40115.24843
-196.0,97,40115.570927
-163.0,164,40121.405874
-248.0,149,40126.000963
-62.0,63,40133.437789
-206.0,207,40134.337125
-134.0,135,40143.394261
-165.0,66,40154.303731
-134.0,135,40156.440065
-126.0,127,40160.126727
-130.0,31,40163.860572
-247.0,248,40170.09414
-107.0,108,40176.471276
-145.0,146,40201.390622
-257.0,258,40205.034671
-160.0,161,40209.594445
-157.0,158,40212.311387
-382.0,283,40219.97249
-167.0,168,40227.907419
-138.0,139,40247.537491
-114.0,15,40252.273148
-210.0,111,40254.141209
-286.0,287,40258.247274
-195.0,196,40261.741096
-173.0,174,40266.138422
-155.0,56,40271.91308
-145.0,46,40272.868377
-208.0,209,40274.411433
-515.0,516,40274.411485
-116.0,17,40278.128992
-164.0,65,40286.459803
-152.0,53,40288.328138
-104.0,105,40294.530093
-169.0,70,40296.097049
-132.0,33,40304.591412
-272.0,273,40312.432722
-221.0,122,40315.491267
-208.0,209,40317.030697
-115.0,116,40331.431715
-210.0,111,40338.616056
-77.0,78,40339.547465
-195.0,196,40346.628466
-253.0,254,40352.615763
-144.0,45,40353.552845
-149.0,150,40358.878789
-164.0,65,40358.878842
-147.0,48,40361.67521
-98.0,99,40362.297363
-133.0,34,40372.908985
-297.0,298,40380.410249
-196.0,97,40382.90589
-109.0,10,40383.530103
-124.0,125,40392.552489
-224.0,125,40397.91568
-399.0,300,40410.441855
-222.0,123,40421.873496
-150.0,151,40429.871255
-226.0,227,40432.319559
-283.0,184,40449.517084
-198.0,99,40595.943414
-108.0,9,40598.557032
-319.0,320,40601.482389
-282.0,283,40603.778921
-171.0,72,40614.396208
-220.0,221,40620.827674
-361.0,262,40621.12837
-144.0,45,40634.213171
-226.0,127,40636.059792
-217.0,218,40641.077401
-136.0,37,40647.184908
-267.0,268,40653.79791
-232.0,233,40671.195451
-210.0,111,40674.908658
-303.0,204,40675.838252
-191.0,92,40681.926063
-131.0,132,40687.427395
-232.0,233,40691.679119
-350.0,251,40710.874993
-116.0,17,40716.072632
-197.0,98,40717.650913
-482.0,383,40719.769097
-265.0,166,40722.242163
-254.0,155,40729.71947
-94.0,95,40745.447258
-174.0,175,40745.761159
-88.0,89,40749.698406
-245.0,246,40750.619334
-101.0,2,40751.24272
-144.0,145,40762.107111
-67.0,68,40766.48609
-334.0,335,40778.798133
-306.0,207,40783.445731
-180.0,181,40785.302786
-303.0,204,40808.436766
-136.0,137,40809.07316
-117.0,118,40815.578005
-217.0,218,40817.14182
-127.0,128,40825.295744
-117.0,18,40830.900948
-185.0,86,40835.979374
-289.0,290,40841.225521
-104.0,105,40868.561821
-351.0,352,40871.692491
-204.0,105,40873.880327
-452.0,353,40893.693501
-222.0,123,40907.204066
-175.0,176,40927.186157
-170.0,71,40929.75687
-398.0,399,40942.035297
-191.0,92,40955.812896
-595.0,596,40994.739904
-632.0,533,40997.536119
-600.0,600,41003.134381
-309.0,310,41052.474608
-580.0,581,41055.534759
-384.0,385,41062.014178
-600.0,600,41081.008972
-600.0,600,41116.514316
-686.0,587,41179.742621
-600.0,600,41180.966046
-600.0,600,41189.219421
-600.0,600,41238.563552
-600.0,600,41241.685069
-600.0,600,41248.221368
-600.0,600,41267.324203
-600.0,600,41303.032592
-600.0,600,41367.05559
-600.0,600,41368.282609
-600.0,600,41376.713968
-600.0,600,41425.951322
-600.0,600,41429.034765
-600.0,600,41435.506501
-600.0,600,41454.253036
-600.0,600,41489.391694
-600.0,600,41552.399323
-600.0,600,41553.649575
-600.0,600,41561.864098
-600.0,600,41611.256291
-600.0,600,41614.350386
-600.0,600,41620.90196
-600.0,600,41639.937476
-600.0,600,41675.179696
-390.0,391,41732.588498
-600.0,600,41738.828757
-600.0,600,41740.069294
-600.0,600,41748.5258
-600.0,600,41800.841571
-600.0,600,41807.298937
-600.0,600,41826.227614
-600.0,600,41861.659145
-600.0,600,41919.22591
-600.0,600,41925.46659
-600.0,600,41926.718217
-600.0,600,41935.174799
-600.0,600,41987.158247
-600.0,600,41993.672076
-600.0,600,42012.365856
-600.0,600,42047.722596
-600.0,600,42104.618951
-600.0,600,42110.768473
-600.0,600,42112.031464
-600.0,600,42120.39281
-600.0,600,42513.191073
-600.0,600,42519.495676
-600.0,600,42537.901757
-600.0,600,42572.112591
-600.0,600,42628.835716
-600.0,600,42634.956538
-600.0,600,42636.164452
-600.0,600,42644.413966
-600.0,600,42695.297843
-600.0,600,42701.728544
-600.0,600,42720.363518
-600.0,600,42755.264411
-513.0,514,42785.281914
-600.0,600,42817.391749
-600.0,600,42818.625697
-600.0,600,42826.995038
-132.0,133,42868.095063
-600.0,600,42878.888046
-600.0,600,42885.24338
-600.0,600,42903.993425
-399.0,400,42908.027006
-600.0,600,42939.202816
-600.0,600,43002.52921
-600.0,600,43003.745892
-600.0,600,43051.875821
-600.0,600,43062.502208
-600.0,600,43068.818957
-600.0,600,43087.545297
-600.0,600,43091.551307
-600.0,600,43122.487159
-307.0,308,43156.670838
-600.0,600,43185.206021
-600.0,600,43186.428578
-600.0,600,43235.872656
-600.0,600,43253.073966
-252.0,253,43263.234565
-600.0,600,43271.876985
-600.0,600,43275.934158
-600.0,600,43307.05381
-600.0,600,43341.524513
-600.0,600,43371.350665
-600.0,600,43420.731205
-600.0,600,43438.075927
-600.0,600,43448.337242
-600.0,600,43456.906122
-600.0,600,43460.908112
-600.0,600,43491.929084
-413.0,414,43499.046659
-600.0,600,43526.617566
-542.0,543,43588.460636
-600.0,600,43623.415974
-600.0,600,43633.625146
-600.0,600,43642.128786
-600.0,600,43646.114852
-195.0,96,43671.548974
-600.0,600,43677.18216
-184.0,185,43680.272651
-600.0,600,43684.349809
-133.0,34,43687.84158
-116.0,17,43689.655727
-630.0,531,43690.58756
-436.0,337,43692.516781
-283.0,284,43720.970729
-237.0,138,43732.862177
-159.0,160,43741.402757
-334.0,235,43743.874629
-318.0,319,43744.181579
-224.0,225,43749.33
-368.0,269,43772.387494
-209.0,110,43778.32417
-307.0,308,43782.761527
-130.0,131,43784.663326
-219.0,220,43789.016188
-235.0,136,43791.780458
-197.0,198,43794.277459
-170.0,71,43794.590523
-132.0,33,43799.207015
-308.0,209,43806.452897
-116.0,17,43811.704186
-217.0,118,43815.102123
-75.0,76,43817.849832
-128.0,29,43824.017716
-195.0,96,43828.878115
-187.0,188,43841.014061
-268.0,169,43844.135226
-244.0,245,43870.449518
-141.0,142,43872.900263
-189.0,190,43876.646449
-122.0,23,43883.796683
-241.0,242,43886.594552
-157.0,158,43890.052074
-164.0,65,43890.671975
-171.0,72,43895.400988
-249.0,250,43901.651343
-148.0,49,43905.973385
-126.0,27,43910.024255
-113.0,114,43919.341377
-113.0,114,43925.621773
-309.0,310,43940.493784
-180.0,81,43944.488585
-267.0,168,43958.139474
-232.0,233,43967.789725
-600.0,600,43970.890162
-116.0,17,43972.984977
-225.0,226,43980.077881
-62.0,63,43990.321897
-211.0,112,43992.8106
-209.0,210,44005.217759
-301.0,302,44018.959158
-431.0,432,44020.471911
-255.0,256,44134.582282
-161.0,62,44135.420889
-208.0,209,44147.54738
-177.0,78,44154.386663
-94.0,95,44157.996841
-321.0,222,44158.297143
-256.0,257,44178.456045
-170.0,71,44179.420013
-114.0,15,44184.081332
-142.0,143,44197.508401
-138.0,39,44209.356346
-106.0,7,44211.505991
-322.0,223,44214.933834
-208.0,109,44217.436408
-280.0,281,44219.94544
-290.0,291,44222.124885
-218.0,219,44224.649836
-163.0,64,44234.520525
-106.0,7,44236.640372
-91.0,92,44249.965519
-96.0,97,44253.954401
-90.0,91,44264.358427
-179.0,180,44272.268337
-204.0,205,44282.423319
-240.0,241,44285.193627
-600.0,600,44285.821176
-79.0,80,44288.890996
-133.0,34,44296.190701
-164.0,65,44302.150311
-145.0,46,44302.760942
-136.0,37,44307.242031
-154.0,55,44323.94499
-179.0,80,44326.376515
-239.0,240,44326.99436
-149.0,150,44330.734499
-116.0,17,44332.317955
-281.0,282,44336.014807
-312.0,213,44337.273226
-59.0,60,44350.614026
-151.0,52,44351.82494
-600.0,600,44361.381519
-148.0,149,44371.690714
-181.0,182,44392.264282
-222.0,223,44398.483515
-331.0,332,44403.790252
-297.0,298,44415.024525
-179.0,80,44417.210892
-348.0,249,44426.74952
-101.0,2,44427.388625
-254.0,255,44429.866239
-42.0,43,44430.487231
-268.0,269,44443.851326
-116.0,117,44450.865801
-270.0,271,44454.86582
-271.0,172,44456.759084
-198.0,199,44459.846192
-165.0,66,44471.032917
-164.0,165,44480.120103
-140.0,141,44487.007457
-207.0,208,44491.079266
-198.0,199,44491.408968
-95.0,96,44500.546469
-51.0,52,44506.863765
-170.0,171,44509.01254
-95.0,96,44509.62393
-189.0,190,44512.943458
-147.0,48,44521.431389
-61.0,62,44527.921013
-166.0,67,44530.046863
-164.0,165,44537.379634
-40.0,41,44540.45531
-143.0,44,44543.498883
-276.0,277,44544.454535
-187.0,188,44548.818056
-239.0,240,44573.87636
-198.0,99,44579.070043
-278.0,279,44598.475925
-272.0,273,44605.220299
-221.0,122,44611.325097
-235.0,236,44615.886261
-156.0,157,44627.247214
-300.0,301,44636.801561
-82.0,83,44641.434422
-349.0,350,44644.827029
-161.0,162,44648.231804
-148.0,49,44656.547417
-144.0,45,44658.726855
-284.0,185,44668.259949
-227.0,228,44675.337998
-185.0,186,44684.63224
-158.0,159,44685.866685
-63.0,64,44687.990452
-147.0,148,44693.756841
-157.0,58,44711.669341
-178.0,179,44713.864868
-101.0,102,44716.057573
-206.0,107,44720.970953
-221.0,122,44723.473556
-600.0,600,44724.997002
-95.0,96,44745.547053
-68.0,69,44746.17096
-315.0,316,44753.83247
-250.0,151,44758.085072
-125.0,126,44762.010517
-115.0,16,44762.913343
-105.0,106,44777.892381
-360.0,361,44786.219874
-106.0,7,44788.402401
-150.0,151,44809.160462
-353.0,354,44829.265899
-250.0,251,44830.539103
-142.0,143,44832.053864
-88.0,89,44836.498155
-503.0,404,44837.745131
-319.0,320,44844.287066
-234.0,235,44850.216626
-115.0,116,44866.782634
-137.0,138,44893.183705
-106.0,107,44900.185654
-211.0,212,44902.6662
-233.0,234,44910.81997
-370.0,271,44916.756505
-395.0,296,44921.679075
-255.0,256,44924.159291
-91.0,92,44928.906337
-173.0,74,44933.854508
-231.0,132,44934.482943
-118.0,19,44934.794728
-148.0,49,44936.940761
-600.0,600,44947.680579
-135.0,36,44947.987067
-113.0,14,44952.297018
-141.0,142,44960.741725
-147.0,48,44962.640253
-322.0,223,44971.678533
-228.0,129,44973.480614
-145.0,46,44974.718497
-137.0,38,44986.35371
-179.0,180,44989.789433
-215.0,216,44990.70777
-196.0,97,44992.315416
-195.0,196,44995.076957
-176.0,77,44995.387763
-154.0,55,45003.384305
-183.0,84,45016.337416
-226.0,227,45021.823783
-243.0,144,45033.770676
-229.0,130,45034.998999
-150.0,151,45038.332894
-253.0,154,45063.6864
-320.0,321,45072.23331
-267.0,168,45073.796043
-248.0,149,45080.053724
-186.0,87,45091.037067
-191.0,192,45098.177879
-110.0,111,45106.90648
-235.0,236,45108.449282
-134.0,35,45117.92497
-134.0,35,45119.478351
-190.0,91,45119.478396
-271.0,172,45133.960515
-114.0,115,45134.270346
-152.0,53,45134.592171
-65.0,66,45140.21362
-127.0,28,45142.715499
-226.0,227,45144.924741
-109.0,10,45145.837097
-167.0,68,45166.092094
-43.0,44,45179.98478
-600.0,600,45181.594146
-219.0,120,45183.495879
-600.0,600,45190.111799
-141.0,42,45194.680608
-213.0,214,45201.312455
-180.0,81,45208.533491
-106.0,107,45213.196884
-120.0,21,45215.070141
-316.0,317,45218.508971
-208.0,109,45223.851933
-177.0,78,45239.203634
-324.0,325,45241.408175
-132.0,33,45249.399906
-124.0,125,45251.886985
-208.0,109,45252.20604
-143.0,144,45285.816738
-301.0,302,45294.768578
-233.0,234,45296.034235
-113.0,14,45300.457079
-288.0,189,45307.895423
-163.0,64,45314.768078
-600.0,600,45320.676847
-170.0,71,45322.536951
-170.0,71,45342.741536
-105.0,106,45347.565709
-314.0,315,45349.745258
-131.0,32,45359.629786
-256.0,257,45365.597105
-155.0,156,45370.980569
-217.0,218,45375.530006
-600.0,600,45380.496144
-144.0,145,45387.518254
-101.0,2,45388.153491
-247.0,148,45393.327312
-243.0,144,45404.059423
-152.0,153,45427.071521
-197.0,198,45431.371061
-218.0,219,45432.683397
-191.0,192,45434.217481
-110.0,11,45434.836008
-600.0,600,45437.000657
-164.0,165,45443.693579
-187.0,188,45445.527884
-214.0,115,45469.309979
-219.0,220,45471.13851
-152.0,153,45479.337833
-165.0,166,45485.390834
-153.0,54,45485.698735
-126.0,27,45493.7105
-285.0,186,45502.253752
-158.0,59,45503.788699
-165.0,66,45513.984838
-269.0,270,45519.462079
-145.0,146,45524.192049
-282.0,183,45527.357783
-125.0,26,45527.66554
-137.0,38,45539.199661
-101.0,102,45545.280519
-134.0,35,45555.99997
-180.0,181,45559.512187
-285.0,186,45559.512232
-169.0,70,45560.778417
-193.0,194,45586.874955
-206.0,107,45592.470838
-136.0,37,45603.899532
-600.0,600,45611.155999
-320.0,321,45622.835564
-213.0,214,45625.29166
-212.0,213,45626.213048
-600.0,600,45627.738922
-231.0,132,45644.082589
-293.0,194,45646.266572
-300.0,301,45648.4258
-102.0,103,45654.318791
-189.0,90,45655.259667
-100.0,101,45657.102446
-125.0,26,45662.305186
-142.0,43,45668.442324
-192.0,93,45812.864655
-167.0,68,45813.763776
-231.0,232,45817.919137
-147.0,48,45818.801732
-196.0,197,45821.195479
-100.0,101,45828.546787
-162.0,163,45829.469789
-100.0,101,45843.541635
-217.0,218,45847.791252
-110.0,111,45851.775243
-129.0,30,45852.701278
-139.0,140,45854.539649
-223.0,124,45866.537307
-162.0,163,45869.879697
-200.0,101,45878.539633
-317.0,218,45883.473455
-147.0,48,45884.711487
-187.0,188,45885.294726
-115.0,116,45887.093618
-142.0,43,45897.560565
-113.0,14,45901.807247
-167.0,168,45917.417533
-245.0,146,45922.554914
-244.0,245,45928.590604
-141.0,42,45935.171992
-297.0,298,45942.774874
-104.0,105,45949.189107
-181.0,182,45956.917996
-251.0,252,45961.434598
-248.0,249,45962.349868
-257.0,158,45976.622626
-315.0,316,45979.038897
-142.0,143,45986.212656
-286.0,187,46014.445184
-283.0,284,46022.314349
-144.0,145,46031.141446
-169.0,170,46031.457039
-240.0,241,46035.569405
-294.0,195,46036.820399
-290.0,291,46051.768787
-122.0,123,46073.497562
-251.0,252,46100.178034
-209.0,210,46101.765877
-192.0,193,46111.723403
-154.0,55,46117.32081
-125.0,26,46119.819665
-600.0,600,46134.421667
-340.0,341,46137.205383
-69.0,70,46139.083804
-99.0,100,46150.822886
-157.0,58,46157.126074
-138.0,39,46169.263186
-121.0,122,46175.119699
-336.0,337,46178.271992
-190.0,91,46179.205918
-252.0,153,46181.915276
-600.0,600,46200.261348
-103.0,104,46201.513567
-92.0,93,46203.988192
-600.0,600,46217.338182
-145.0,146,46223.56856
-151.0,152,46226.351138
-182.0,183,46260.129226
-113.0,114,46265.343992
-313.0,214,46275.566989
-173.0,174,46283.728194
-600.0,600,46295.701542
-114.0,115,46300.866761
-368.0,369,46304.751734
-107.0,108,46312.089782
-161.0,62,46315.554716
-341.0,342,46315.868582
-342.0,343,46333.387922
-105.0,106,46339.697072
-262.0,263,46355.423797
-218.0,219,46357.901319
-247.0,148,46367.070053
-226.0,227,46377.866419
-71.0,72,46380.677627
-116.0,17,46383.999692
-216.0,217,46387.138405
-161.0,62,46388.943053
-255.0,256,46405.449262
-286.0,287,46442.155001
-142.0,143,46456.866499
-202.0,203,46457.205379
-131.0,32,46468.316983
-226.0,227,46469.052139
-266.0,267,46477.131549
-100.0,101,46478.583424
-247.0,248,46478.583467
-166.0,67,46493.146902
-386.0,387,46496.619716
-65.0,66,46501.9037
-144.0,45,46511.58175
-111.0,112,46516.559606
-176.0,177,46518.442597
-127.0,128,46520.35504
-135.0,36,46522.868397
-116.0,17,46523.840466
-130.0,131,46535.469507
-136.0,37,46535.469585
-600.0,600,46542.392112
-136.0,137,46559.811473
-110.0,111,46570.578973
-225.0,126,46583.539544
-265.0,266,46587.830778
-115.0,116,46598.736803
-152.0,53,46601.272085
-125.0,126,46612.71248
-289.0,290,46616.829994
-253.0,254,46618.100666
-133.0,34,46627.561016
-108.0,109,46633.233648
-108.0,109,46635.759539
-175.0,176,46643.98837
-106.0,107,46651.867069
-600.0,600,46664.261448
-180.0,181,46669.808144
-162.0,63,46671.686234
-239.0,140,46677.290461
-105.0,6,46679.232391
-137.0,38,46683.694516
-176.0,177,46691.593331
-205.0,106,46697.59122
-250.0,251,46706.692637
-130.0,31,46707.342842
-95.0,96,46709.543825
-600.0,600,46712.117553
-122.0,23,46714.697314
-157.0,158,46719.761559
-94.0,95,46721.612886
-54.0,55,46724.100357
-304.0,305,46740.128111
-67.0,68,46745.651158
-220.0,221,46753.806363
-240.0,141,46754.480707
-134.0,135,46757.689887
-254.0,155,46770.973621
-209.0,210,46786.228766
-204.0,105,46787.433002
-147.0,148,46803.743486
-109.0,110,46804.992653
-187.0,188,46812.521147
-213.0,114,46822.789838
-253.0,254,46825.244391
-143.0,44,46826.185088
-76.0,77,46828.999449
-161.0,162,46836.327001
-308.0,309,46836.959617
-159.0,60,46841.315345
-203.0,204,46866.99061
-166.0,167,46877.23805
-162.0,163,46888.007567
-293.0,194,46889.574708
-182.0,183,46893.703759
-600.0,600,46900.310433
-218.0,119,46904.860559
-320.0,221,46910.863915
-217.0,118,46925.604373
-109.0,10,46928.833087
-151.0,52,46945.542636
-178.0,179,46946.886895
-263.0,164,46953.074228
-379.0,280,46966.953326
-251.0,252,46974.697641
-208.0,109,46980.921384
-292.0,293,46999.30731
-143.0,144,46999.621573
-101.0,102,47007.635653
-600.0,600,47017.440896
-156.0,57,47018.08505
-219.0,120,47019.725354
-206.0,207,47033.900513
-161.0,62,47038.114853
-76.0,77,47042.395991
-119.0,20,47044.633069
-127.0,128,47049.150646
-129.0,130,47061.641794
-201.0,202,47064.527264
-178.0,179,47091.52313
-150.0,151,47097.632417
-600.0,600,47104.336998
-136.0,137,47105.568663
-211.0,212,47112.402985
-199.0,200,47127.992306
-272.0,273,47129.290928
-600.0,600,47139.567663
-258.0,159,47141.76943
-163.0,64,47148.315171
-188.0,189,47157.094313
-204.0,205,47169.855398
-226.0,227,47175.454118
-166.0,167,47181.726013
-131.0,32,47185.403752
-114.0,115,47192.82006
-210.0,111,47204.549834
-173.0,74,47208.573724
-308.0,309,47209.183176
-245.0,246,47224.863617
-161.0,62,47227.701334
-286.0,287,47228.944187
-380.0,381,47260.241112
-132.0,133,47266.174377
-242.0,243,47279.976942
-77.0,78,47284.638849
-284.0,185,47286.457886
-252.0,253,47287.71381
-320.0,321,47292.681926
-309.0,210,47292.998574
-110.0,111,47300.683715
-161.0,162,47330.230458
-278.0,179,47343.509464
-197.0,198,47348.228622
-228.0,229,47356.079721
-683.0,584,47363.659531
-166.0,67,47369.304663
-301.0,302,47387.230735
-286.0,287,47390.36951
-263.0,164,47394.8961
-114.0,15,47395.219218
-192.0,93,47398.436694
-341.0,342,47399.666996
-243.0,144,47568.131872
-260.0,261,47578.436134
-114.0,15,47582.833158
-188.0,89,47588.456234
-195.0,196,47590.575486
-262.0,163,47603.793338
-202.0,103,47614.525412
-165.0,166,47615.701879
-320.0,221,47629.281623
-105.0,6,47631.156375
-159.0,160,47637.762469
-120.0,21,47637.762518
-175.0,176,47645.000457
-357.0,258,47646.86884
-275.0,176,47658.57935
-161.0,62,47664.509152
-162.0,163,47666.348417
-212.0,113,47673.171367
-154.0,55,47681.687578
-179.0,180,47694.358254
-177.0,178,47702.959794
-295.0,296,47707.100717
-116.0,117,47710.275379
-157.0,158,47716.322958
-80.0,81,47720.122398
-156.0,57,47725.17243
-167.0,68,47742.090221
-222.0,223,47753.139143
-600.0,600,47754.13465
-218.0,119,47764.112035
-174.0,175,47767.041407
-151.0,52,47770.33455
-121.0,22,47774.245306
-224.0,125,47795.073573
-78.0,79,47796.064144
-109.0,110,47809.626434
-575.0,476,47811.245176
-102.0,3,47812.211724
-308.0,309,47816.221725
-109.0,110,47830.525459
-267.0,268,47849.672681
-113.0,114,47852.220566
-150.0,151,47857.377372
-299.0,200,47875.353902
-126.0,27,47884.245884
-202.0,103,47885.246299
-292.0,293,47888.220016
-235.0,136,47893.438621
-600.0,600,47895.657925
-120.0,121,47896.289275
-155.0,56,47902.459336
-130.0,131,47930.285646
-151.0,152,47934.152367
-600.0,600,47934.780674
-154.0,155,47943.174151
-139.0,140,47947.405918
-58.0,59,47953.182213
-125.0,26,47955.73275
-196.0,197,47959.550938
-194.0,95,47973.807644
-191.0,192,47991.837672
-188.0,189,47995.336571
-513.0,514,47995.336622
-315.0,316,47996.911658
-167.0,168,48009.220292
-165.0,66,48012.775636
-223.0,124,48034.864013
-128.0,129,48036.455505
-181.0,82,48039.052469
-124.0,25,48047.164775
-219.0,120,48047.799512
-313.0,314,48053.581362
-132.0,33,48058.435905
-169.0,70,48059.081682
-139.0,40,48071.280524
-167.0,68,48093.449431
-307.0,308,48096.019943
-228.0,129,48100.949469
-193.0,194,48116.291672
-272.0,273,48123.130779
-548.0,549,48135.879302
-170.0,171,48150.966562
-167.0,168,48154.878395
-340.0,341,48157.144132
-179.0,80,48161.691297
-600.0,600,48166.531176
-146.0,47,48170.024773
-119.0,20,48172.922176
-296.0,197,48179.625109
-275.0,276,48182.194564
-226.0,127,48210.169813
-173.0,174,48212.414497
-124.0,125,48212.414551
-260.0,161,48212.746834
-224.0,125,48219.119511
-156.0,57,48230.380194
-66.0,67,48231.396912
-287.0,188,48241.715545
-134.0,35,48252.678048
-126.0,127,48259.331828
-260.0,161,48263.773976
-116.0,17,48264.743448
-155.0,56,48270.424862
-164.0,65,48284.349261
-149.0,50,48286.281732
-181.0,182,48289.162768
-259.0,260,48294.826594
-134.0,35,48297.368349
-600.0,600,48313.924331
-160.0,61,48314.250098
-209.0,110,48324.432079
-296.0,297,48325.065357
-202.0,103,48330.555449
-137.0,38,48336.812648
-600.0,600,48342.387839
-135.0,36,48342.38789
-188.0,89,48343.411633
-214.0,215,48353.713181
-144.0,45,48356.931017
-168.0,69,48359.201363
-135.0,136,48369.443163
-81.0,82,48370.082821
-121.0,122,48382.014201
-98.0,99,48389.24148
-167.0,68,48392.246269
-255.0,256,48397.343782
-136.0,137,48398.300097
-186.0,87,48410.242779
-167.0,68,48420.243788
-206.0,207,48426.290693
-203.0,204,48435.16113
-585.0,586,48453.212963
-198.0,99,48457.624165
-178.0,79,48460.113888
-234.0,235,48467.123157
-130.0,31,48467.439616
-248.0,249,48468.734571
-199.0,200,48473.889609
-255.0,256,48479.055926
-176.0,77,48491.971433
-126.0,127,48513.763604
-253.0,154,48517.166151
-314.0,315,48519.657547
-193.0,194,48521.192711
-226.0,227,48524.75782
-216.0,117,48528.745463
-85.0,86,48548.553405
-207.0,108,48559.079496
-292.0,293,48559.803612
-245.0,146,48560.13105
-135.0,136,48562.995009
-266.0,267,48563.308734
-244.0,145,48574.540015
-163.0,64,48580.186556
-133.0,34,48585.346545
-183.0,84,48586.2994
-243.0,244,48594.439346
-150.0,151,48610.728515
-157.0,158,48612.697031
-155.0,56,48630.271433
-188.0,189,48639.838804
-311.0,312,48647.128609
-190.0,91,48659.473469
-421.0,322,48661.107011
-264.0,265,48669.268142
-237.0,238,48669.90277
-111.0,12,48673.700523
-159.0,60,48688.3279
-349.0,250,48690.24485
-97.0,98,48690.542512
-129.0,30,48697.780181
-116.0,117,48698.106223
-170.0,171,48701.530064
-315.0,216,48708.517103
-151.0,52,48714.367109
-114.0,15,48719.159111
-80.0,81,48727.297657
-146.0,147,48737.065423
-235.0,136,48741.196362
-180.0,181,48747.57478
-260.0,261,48756.457201
-161.0,62,48760.955357
-127.0,128,48767.873785
-600.0,600,48776.484507
-194.0,195,48781.028398
-215.0,116,48784.528604
-242.0,243,48785.817431
-119.0,120,48794.587101
-293.0,194,48798.648199
-202.0,103,48809.176092
-117.0,18,48815.047395
-220.0,121,48824.335196
-176.0,77,48839.727728
-251.0,252,48841.291407
-154.0,155,48844.211932
-212.0,213,48852.684616
-285.0,286,48859.306498
-217.0,118,48862.189054
-222.0,223,48870.05465
-207.0,108,48886.712441
-187.0,88,48889.902406
-153.0,154,48890.221182
-181.0,82,48895.918401
-180.0,181,48897.165365
-124.0,25,48905.183624
-400.0,401,48908.633672
-222.0,223,48914.828878
-198.0,99,48921.045513
-112.0,13,48925.220582
-220.0,221,48929.014388
-247.0,148,48933.453392
-200.0,101,48940.375346
-169.0,170,48949.379282
-200.0,201,48953.430882
-140.0,141,48977.849987
-175.0,176,48980.706157
-264.0,265,48998.576618
-190.0,191,49000.790614
-110.0,11,49004.352035
-175.0,176,49005.313984
-170.0,71,49027.969808
-242.0,243,49030.811846
-240.0,141,49049.261983
-247.0,248,49056.977615
-189.0,190,49059.203276
-107.0,8,49059.523096
-134.0,35,49060.453166
-256.0,257,49062.688311
-199.0,200,49094.670269
-600.0,600,49095.626843
-208.0,109,49097.564271
-139.0,40,49107.594221
-270.0,271,49114.421681
-600.0,600,49119.758937
-173.0,74,49121.021402
-145.0,46,49135.443985
-289.0,290,49152.38581
-400.0,301,49154.944578
-113.0,14,49156.845549
-310.0,311,49282.31749
-79.0,80,49285.039426
-131.0,132,49285.646964
-277.0,178,49287.757117
-67.0,68,49301.751725
-304.0,305,49314.63739
-99.0,100,49315.591816
-116.0,117,49317.443556
-134.0,35,49325.586524
-156.0,157,49332.750331
-189.0,190,49337.48995
-171.0,72,49348.254283
-206.0,207,49351.353321
-181.0,82,49376.759401
-247.0,148,49378.939955
-203.0,204,49381.122161
-261.0,262,49382.970958
-258.0,259,49396.39397
-161.0,62,49400.527925
-46.0,47,49411.258085
-137.0,38,49412.513476
-252.0,253,49416.667122
-125.0,126,49418.597063
-241.0,142,49421.496098
-600.0,600,49425.619904
-263.0,264,49431.002026
-160.0,161,49433.787651
-108.0,9,49436.778718
-123.0,24,49444.282941
-185.0,86,49445.870203
-53.0,54,49463.100966
-166.0,167,49465.674535
-169.0,170,49470.789737
-205.0,206,49477.026041
-142.0,43,49477.026105
-41.0,42,49479.269906
-181.0,182,49483.75116
-314.0,215,49490.145906
-85.0,86,49498.624587
-107.0,8,49501.282409
-234.0,135,49534.02047
-185.0,186,49539.593832
-129.0,30,49543.78047
-389.0,390,49556.777885
-171.0,172,49557.107059
-254.0,255,49559.718477
-171.0,72,49567.225472
-129.0,30,49569.443529
-408.0,309,49577.23748
-121.0,22,49584.360157
-313.0,314,49585.673715
-170.0,71,49590.260915
-171.0,172,49595.544917
-264.0,165,49610.98107
-275.0,176,49614.307113
-642.0,543,49620.627412
-134.0,135,49634.92653
-169.0,70,49637.613626
-139.0,140,49641.885303
-297.0,198,49651.218047
-127.0,128,49653.484626
-156.0,57,49660.76813
-265.0,166,49675.478665
-103.0,104,49685.343808
-178.0,179,49693.827556
-188.0,189,49699.69919
-180.0,181,49720.067026
-184.0,185,49736.119225
-175.0,176,49751.615478
-337.0,338,49764.369685
-600.0,600,49766.676521
-107.0,108,49771.702991
-322.0,223,49773.021594
-136.0,37,49778.890563
-600.0,600,49781.872128
-209.0,110,49787.56043
-173.0,74,49795.648851
-192.0,93,49803.005306
-183.0,84,49805.849364
-245.0,146,49811.626704
-401.0,302,49818.248682
-172.0,73,49818.913521
-84.0,85,49838.719985
-221.0,122,49841.946807
-107.0,8,49844.558532
-225.0,226,49854.308012
-334.0,235,49863.162987
-181.0,182,49864.430393
-600.0,600,49880.104079
-290.0,191,49880.425087
-226.0,227,49891.24859
-173.0,174,49894.741591
-153.0,154,49913.625394
-216.0,217,49923.858641
-167.0,168,49934.042424
-135.0,36,49935.359759
-237.0,238,49939.168551
-188.0,89,49942.092555
-139.0,40,49946.967892
-145.0,46,49956.901255
-315.0,216,49963.971061
-303.0,304,49977.41979
-144.0,145,49981.957639
-314.0,315,49992.256139
-241.0,142,49992.607327
-295.0,196,50002.34212
-136.0,137,50021.704198
-214.0,215,50026.144117
-146.0,147,50029.429772
-600.0,600,50037.491699
-162.0,63,50049.870736
-203.0,104,50055.343479
-197.0,198,50056.650189
-200.0,201,50057.276525
-394.0,295,50059.235963
-114.0,15,50062.186462
-227.0,228,50076.008855
-192.0,93,50086.758074
-206.0,207,50093.105608
-139.0,140,50100.434495
-207.0,208,50104.57896
-143.0,144,50105.560839
-219.0,220,50120.73926
-90.0,91,50122.348037
-116.0,17,50127.975632
-104.0,105,50134.567641
-267.0,268,50148.962347
-152.0,53,50151.961017
-152.0,153,50154.480709
-256.0,257,50169.980458
-113.0,14,50174.517409
-218.0,219,50176.821437
-93.0,94,50179.426051
-144.0,145,50201.280251
-189.0,90,50203.518654
-259.0,260,50205.114389
-105.0,106,50213.526961
-134.0,35,50216.443092
-132.0,133,50219.663136
-115.0,16,50221.620433
-313.0,314,50229.807531
-120.0,121,50240.614472
-147.0,148,50262.042073
-77.0,78,50266.403351
-216.0,117,50268.407571
-600.0,600,50271.028663
-234.0,235,50280.642838
-167.0,68,50293.264266
-215.0,116,50306.215519
-613.0,514,50318.898253
-187.0,188,50323.017856
-455.0,356,50335.637592
-392.0,393,50349.627823
-178.0,179,50350.937612
-240.0,141,50351.613292
-295.0,296,50362.323922
-68.0,69,50373.545768
-180.0,81,50378.156467
-93.0,94,50380.486053
-162.0,163,50389.002103
-329.0,230,50398.234856
-154.0,55,50398.56915
-366.0,267,50406.122625
-135.0,136,50407.141553
-103.0,104,50407.804326
-91.0,92,50408.468277
-118.0,19,50414.676555
-96.0,97,50420.921922
-147.0,48,50421.916219
-53.0,54,50425.496995
-116.0,17,50426.483341
-147.0,48,50442.258907
-137.0,38,50454.631365
-181.0,182,50457.846622
-119.0,20,50461.083758
-110.0,11,50464.667652
-179.0,180,50473.42104
-600.0,600,50476.022411
-166.0,167,50479.933915
-111.0,12,50479.933966
-171.0,72,50496.614736
-406.0,307,50507.073803
-107.0,108,50514.718938
-361.0,362,50516.332692
-182.0,83,50523.530601
-59.0,60,50526.443532
-139.0,40,50536.387221
-248.0,249,50538.228986
-300.0,201,50544.463864
-141.0,42,50551.322175
-273.0,274,50552.604854
-111.0,12,50556.378313
-146.0,147,50572.638441
-76.0,77,50575.459378
-505.0,506,50584.274837
-275.0,276,50603.834353
-321.0,322,50617.119649
-230.0,231,50617.798443
-264.0,265,50620.415343
-155.0,156,50625.530943
-306.0,307,50654.953217
-266.0,267,50658.879862
-118.0,19,50661.138113
-180.0,181,50662.776269
-245.0,146,50664.7527
-164.0,65,50685.86329
-239.0,240,50695.906438
-106.0,107,50695.906491
-238.0,239,50698.189027
-256.0,157,50709.966037
-43.0,44,50710.285421
-109.0,10,50713.614465
-281.0,282,50717.555852
-162.0,63,50718.866621
-75.0,76,50720.818075
-74.0,75,50741.685087
-261.0,262,50747.789732
-197.0,198,50750.102875
-600.0,600,50778.71691
-204.0,205,50779.710132
-117.0,118,50785.704789
-304.0,205,50786.671273
-212.0,213,50787.326024
-111.0,12,50789.541077
-282.0,283,50800.984196
-155.0,56,50804.471305
-174.0,75,50813.240445
-224.0,225,50821.697973
-134.0,135,50822.342838
-263.0,264,50825.782438
-228.0,129,50841.596239
-221.0,222,50857.564151
-350.0,251,50858.22403
-241.0,142,50858.224079
-266.0,167,50878.915776
-94.0,95,50888.554112
-233.0,234,51018.750011
-296.0,297,51021.144707
-110.0,11,51024.470455
-309.0,210,51045.957516
-319.0,220,51049.73982
-192.0,193,51061.81877
-130.0,131,51065.278627
-331.0,332,51068.786456
-287.0,188,51077.391763
-217.0,218,51079.224233
-134.0,35,51079.858138
-261.0,162,51097.270127
-164.0,65,51099.75616
-130.0,131,51103.228018
-124.0,25,51105.094721
-600.0,600,51134.474333
-181.0,182,51158.253741
-376.0,277,51168.833777
-395.0,396,51176.57059
-370.0,371,51196.683947
-320.0,221,51206.289921
-144.0,45,51211.151784
-356.0,357,51218.453229
-51.0,52,51235.232645
-370.0,271,51256.364176
-600.0,600,51258.324066
-275.0,276,51295.678791
-129.0,130,51298.625714
-600.0,600,51299.278625
-489.0,490,51335.100249
-258.0,259,51342.20057
-338.0,339,51345.048929
-113.0,14,51346.734532
-600.0,600,51352.517614
-306.0,207,51366.274467
-220.0,221,51367.285646
-109.0,10,51369.539733
-163.0,64,51373.477689
-115.0,16,51374.778702
-205.0,106,51381.290814
-119.0,120,51384.236748
-130.0,31,51384.90701
-403.0,304,51397.284314
-600.0,600,51405.765316
-205.0,106,51407.945813
-108.0,9,51408.591619
-85.0,86,51409.220486
-231.0,232,51410.522712
-143.0,44,51422.542736
-173.0,74,51434.247572
-308.0,209,51434.924191
-262.0,163,51437.489393
-130.0,131,51450.885137
-109.0,110,51457.435863
-182.0,83,51460.225309
-231.0,132,51478.703507
-149.0,150,51481.837258
-309.0,310,51482.791623
-252.0,253,51487.842495
-143.0,144,51496.207635
-154.0,55,51496.207686
-236.0,137,51500.655652
-172.0,173,51514.496907
-509.0,410,51526.739293
-198.0,99,51527.054573
-254.0,155,51530.605406
-136.0,37,51538.392881
-203.0,204,51546.873631
-248.0,149,51547.213786
-188.0,89,51558.622017
-169.0,70,51560.536077
-205.0,206,51560.848017
-154.0,55,51564.37751
-166.0,67,51568.572957
-127.0,28,51577.464787
-338.0,339,51594.693069
-122.0,123,51603.333466
-367.0,268,51644.202435
-279.0,280,51666.993367
-86.0,87,51672.115808
-600.0,600,51705.61648
-600.0,600,51718.38392
-600.0,600,51751.777737
-600.0,600,51752.096036
-600.0,600,51785.927377
-600.0,600,51794.441345
-405.0,406,51833.570662
-600.0,600,51856.805127
-600.0,600,51861.946382
-455.0,456,51862.290871
-537.0,438,51891.0607
-600.0,600,51943.15628
-600.0,600,51977.883426
-600.0,600,51986.868161
-246.0,147,51990.920794
-422.0,323,51995.817255
-110.0,111,52027.14716
-600.0,600,52027.78261
-600.0,600,52051.333725
-88.0,89,52056.543987
-600.0,600,52056.544044
-600.0,600,52056.876547
-193.0,194,52120.544564
-600.0,600,52175.113178
-600.0,600,52184.080379
-600.0,600,52192.963976
-600.0,600,52224.573626
-517.0,518,52227.471395
-600.0,600,52248.577553
-600.0,600,52253.980441
-600.0,600,52316.089316
-600.0,600,52369.385185
-600.0,600,52378.212926
-600.0,600,52387.071359
-600.0,600,52418.418316
-600.0,600,52421.306333
-221.0,222,52441.561174
-600.0,600,52442.523597
-600.0,600,52448.038337
-259.0,160,52469.875514
-308.0,309,52486.926451
-600.0,600,52510.021715
-350.0,351,52534.148796
-600.0,600,52571.543367
-600.0,600,53010.379097
-600.0,600,53011.398414
-600.0,600,53017.158954
-600.0,600,53040.493891
-600.0,600,53058.733547
-207.0,208,53083.664334
-600.0,600,53084.396604
-600.0,600,53111.333151
-600.0,600,53153.318989
-105.0,6,53155.528678
-340.0,341,53206.952691
-600.0,600,53224.363971
-600.0,600,53231.6229
-600.0,600,53256.415529
-218.0,119,53274.956859
-600.0,600,53275.705073
-441.0,342,53280.244861
-651.0,552,53284.729255
-489.0,490,53289.399222
-141.0,42,53291.190104
-207.0,208,53300.291256
-127.0,128,53303.281455
-387.0,288,53312.128874
-108.0,109,53315.158496
-214.0,115,53326.809726
-174.0,75,53330.739787
-254.0,155,53345.921956
-207.0,108,53354.176755
-180.0,81,53356.034101
-210.0,211,53357.098569
-184.0,185,53367.616304
-152.0,53,53375.289676
-233.0,234,53376.35395
-186.0,187,53380.062896
-158.0,59,53389.031577
-245.0,146,53398.805925
-167.0,68,53400.944456
-202.0,103,53416.940916
-181.0,182,53419.933794
-278.0,179,53421.781194
-218.0,219,53454.142452
-351.0,352,53457.843898
-112.0,13,53458.927218
-269.0,170,53459.981059
-241.0,142,53471.217302
-250.0,251,53491.611389
-211.0,112,53499.680882
-126.0,127,53506.218291
-133.0,34,53512.092558
-277.0,178,53522.723728
-283.0,284,53524.954672
-386.0,387,53529.280316
-117.0,18,53531.613602
-177.0,178,53536.459028
-132.0,133,53540.480445
-243.0,144,53559.075361
-196.0,97,53572.020978
-165.0,166,53583.923358
-156.0,157,53589.422843
-288.0,189,53598.981044
-235.0,236,53598.98109
-119.0,120,53603.370428
-201.0,102,53621.212727
-244.0,145,53625.295881
-168.0,69,53628.6481
-245.0,246,53630.884792
-600.0,600,53636.287032
-131.0,132,53637.670146
-106.0,107,53638.029269
-129.0,30,53639.53659
-177.0,78,53666.295914
-141.0,142,53676.824402
-72.0,73,53692.856432
-263.0,164,53695.902545
-153.0,54,53696.610971
-188.0,189,53708.137943
-192.0,93,53726.350458
-154.0,55,53727.883723
-298.0,299,53729.693997
-359.0,360,53729.694048
-275.0,276,53737.675961
-134.0,135,53744.667695
-49.0,50,53746.114027
-342.0,343,53755.205726
-168.0,69,53769.690751
-214.0,115,53771.656858
-109.0,110,53777.92114
-300.0,201,53799.716363
-126.0,27,53809.642089
-153.0,154,53811.522322
-323.0,224,53811.522377
-204.0,205,53820.812104
-139.0,40,53825.861626
-182.0,183,53836.313045
-71.0,72,53837.465969
-488.0,389,53837.868368
-154.0,55,53840.649879
-214.0,215,53855.99357
-235.0,236,53857.43872
-133.0,134,53858.208017
-205.0,106,53874.787021
-202.0,103,53875.149163
-130.0,131,53884.877534
-214.0,215,53903.710142
-190.0,91,53907.818673
-102.0,103,53912.593889
-165.0,166,53918.400582
-300.0,201,53930.31733
-236.0,137,53934.594512
-263.0,264,53936.394273
-87.0,88,53950.133861
-245.0,146,53956.685975
-279.0,280,53957.380034
-135.0,136,53961.813186
-121.0,22,53969.78719
-137.0,38,53971.246451
-218.0,119,53973.550844
-156.0,57,53977.61468
-246.0,147,53989.906015
-164.0,65,53993.528983
-142.0,143,54002.264312
-136.0,37,54007.187425
-201.0,202,54008.275398
-137.0,138,54021.712332
-126.0,127,54023.946296
-61.0,62,54025.040064
-129.0,130,54037.467596
-144.0,145,54061.168384
-148.0,149,54061.518374
-280.0,281,54075.687253
-175.0,176,54085.389468
-177.0,178,54088.289865
-116.0,117,54103.423028
-221.0,122,54104.819867
-221.0,222,54105.232066
-216.0,217,54115.719186
-600.0,600,54125.404634
-234.0,135,54134.167428
-274.0,175,54151.506757
-160.0,161,54161.6561
-120.0,121,54169.339539
-292.0,293,54181.509318
-217.0,218,54183.681745
-197.0,98,54187.00711
-151.0,52,54188.074228
-172.0,73,54188.074282
-210.0,211,54192.081598
-181.0,182,54199.998621
-268.0,269,54202.589993
-159.0,60,54208.713978
-86.0,87,54231.863156
-221.0,122,54232.626416
-168.0,169,54243.156493
-155.0,156,54265.709023
-214.0,215,54270.562632
-241.0,242,54272.016668
-253.0,254,54280.908437
-112.0,113,54284.61941
-138.0,39,54286.480347
-252.0,253,54295.335241
-182.0,183,54299.066
-164.0,65,54305.040823
-109.0,110,54306.555604
-116.0,117,54313.942414
-152.0,53,54315.018696
-151.0,52,54325.69195
-60.0,61,54327.581902
-126.0,127,54333.481642
-103.0,104,54337.467761
-131.0,32,54345.274931
-223.0,124,54360.53413
-345.0,246,54375.100961
-234.0,135,54376.962827
-130.0,31,54386.578152
-176.0,177,54390.740499
-92.0,93,54394.74889
-146.0,47,54412.048231
-368.0,269,54412.793706
-219.0,220,54426.00934
-113.0,114,54432.633004
-362.0,263,54434.129976
-279.0,180,54443.290609
-178.0,179,54452.475859
-600.0,600,54453.189575
-115.0,116,54454.661217
-159.0,60,54476.340364
-160.0,161,54484.722998
-162.0,163,54493.599022
-127.0,128,54500.019862
-241.0,242,54501.47948
-214.0,215,54511.337791
-301.0,202,54517.171085
-135.0,36,54524.560066
-160.0,61,54539.821848
-144.0,145,54554.70356
-240.0,241,54564.953047
-277.0,178,54565.311479
-233.0,234,54570.72169
-326.0,327,54572.159937
-225.0,226,54576.528991
-250.0,151,54579.859417
-141.0,42,54580.606914
-134.0,35,54585.070906
-224.0,125,54600.332591
-170.0,171,54602.22778
-103.0,104,54603.000667
-244.0,145,54623.918322
-137.0,138,54630.739754
-177.0,78,54631.097872
-126.0,127,54631.874626
-181.0,82,54633.438542
-118.0,19,54638.968636
-111.0,12,54643.379478
-343.0,244,54666.455272
-195.0,96,54668.682596
-211.0,112,54672.327913
-286.0,287,54686.270766
-227.0,128,54690.371724
-266.0,167,54692.253186
-257.0,258,54695.664867
-156.0,57,54711.579349
-123.0,24,54720.406267
-231.0,132,54721.15253
-108.0,109,54726.666058
-214.0,215,54745.371437
-210.0,211,54746.116485
-83.0,84,54751.038244
-122.0,23,54753.981832
-204.0,105,54759.498454
-404.0,405,54772.879328
-137.0,138,54796.56048
-331.0,332,54813.807008
-342.0,243,54815.307125
-176.0,177,54947.124824
-343.0,344,54949.96222
-192.0,193,54958.072474
-200.0,101,54961.610708
-110.0,11,54961.971648
-157.0,58,54967.63727
-119.0,20,54969.030572
-93.0,94,54975.747312
-104.0,105,54987.087499
-165.0,166,55003.009277
-341.0,342,55003.009351
-295.0,296,55008.129381
-237.0,138,55011.073088
-221.0,122,55011.434881
-84.0,85,55033.725499
-208.0,209,55044.431739
-130.0,31,55045.145062
-107.0,108,55050.616205
-207.0,208,55062.903972
-119.0,20,55070.202802
-111.0,12,55074.749618
-195.0,196,55074.749679
-187.0,88,55083.3514
-104.0,5,55085.226906
-235.0,136,55094.919246
-90.0,91,55108.612122
-292.0,293,55116.096633
-285.0,286,55116.450012
-235.0,136,55125.364204
-222.0,223,55127.990902
-126.0,27,55135.434715
-305.0,206,55161.493997
-158.0,159,55167.564366
-210.0,211,55194.647678
-600.0,600,55196.596879
-182.0,183,55203.231639
-154.0,155,55219.070561
-169.0,70,55222.353112
-306.0,307,55229.722838
-124.0,25,55231.630635
-326.0,227,55251.524022
-166.0,167,55256.309241
-72.0,73,55258.533541
-75.0,76,55284.038055
-211.0,112,55292.43166
-173.0,174,55293.506598
-251.0,252,55295.728414
-172.0,73,55310.968791
-257.0,258,55314.016076
-600.0,600,55316.608918
-116.0,17,55317.325452
-194.0,195,55330.210336
-144.0,45,55333.156306
-145.0,46,55334.259298
-120.0,21,55341.890155
-600.0,600,55349.246386
-146.0,47,55350.398932
-117.0,18,55355.900082
-182.0,83,55360.73997
-225.0,226,55376.896448
-221.0,222,55377.637271
-191.0,92,55389.669572
-51.0,52,55396.792252
-250.0,151,55397.579905
-229.0,130,55398.361823
-140.0,41,55405.017765
-329.0,330,55413.884132
-272.0,273,55414.254273
-68.0,69,55429.925443
-245.0,146,55430.32689
-304.0,205,55435.966086
-167.0,68,55438.951274
-215.0,116,55440.086163
-125.0,26,55445.772408
-234.0,135,55447.997347
-163.0,64,55462.608791
-150.0,51,55466.743952
-175.0,76,55468.25219
-181.0,82,55476.156485
-240.0,141,55482.399502
-221.0,222,55496.214788
-241.0,242,55519.598547
-151.0,152,55523.983748
-111.0,12,55523.983793
-246.0,147,55529.842553
-317.0,218,55546.697188
-194.0,95,55558.807464
-165.0,166,55584.676768
-345.0,346,55589.67108
-256.0,257,55590.427896
-301.0,302,55592.988455
-188.0,189,55599.26506
-244.0,145,55599.997958
-153.0,54,55612.830134
-600.0,600,55617.363173
-179.0,80,55628.709462
-229.0,130,55632.82064
-184.0,85,55643.858984
-178.0,79,55646.051283
-166.0,167,55661.107399
-53.0,54,55663.697199
-202.0,103,55666.277279
-304.0,305,55670.772373
-173.0,74,55673.310345
-162.0,63,55686.614133
-304.0,305,55701.103839
-82.0,83,55703.346938
-317.0,318,55706.555854
-134.0,135,55715.270221
-124.0,25,55724.399739
-170.0,71,55729.190542
-261.0,162,55729.544981
-272.0,273,55732.055478
-239.0,140,55737.486302
-134.0,135,55755.536788
-166.0,167,55761.660041
-311.0,312,55774.337187
-246.0,147,55782.634203
-153.0,154,55784.870268
-285.0,186,55791.891321
-123.0,24,55793.706654
-108.0,109,55795.17949
-162.0,63,55797.373779
-65.0,66,55817.882784
-372.0,273,55831.414649
-213.0,114,55833.697237
-154.0,55,55838.077043
-321.0,322,55854.571407
-183.0,184,55864.305619
-147.0,148,55891.768143
-205.0,206,55908.754261
-222.0,123,55909.470794
-222.0,223,55912.836889
-346.0,347,55922.072572
-186.0,87,55923.958028
-507.0,408,55932.09634
-140.0,41,55939.131644
-100.0,101,55976.324807
-600.0,600,55981.531096
-221.0,222,55994.968004
-198.0,199,55995.70665
-241.0,242,55998.302532
-166.0,67,56001.343917
-400.0,401,56002.473738
-291.0,192,56003.238463
-103.0,4,56004.013912
-354.0,255,56004.013964
-105.0,6,56006.149731
-164.0,65,56019.736387
-161.0,62,56024.225581
-155.0,56,56024.599295
-129.0,30,56035.160465
-111.0,12,56039.611807
-224.0,125,56041.067328
-70.0,71,56045.862323
-142.0,143,56055.72027
-333.0,234,56067.586829
-195.0,96,56074.331391
-147.0,148,56078.335826
-183.0,84,56086.212301
-227.0,228,56089.496919
-171.0,72,56104.731164
-169.0,170,56107.666206
-62.0,63,56109.150923
-112.0,13,56113.877913
-246.0,147,56121.316308
-323.0,224,56122.801453
-340.0,341,56123.199675
-178.0,79,56133.85229
-166.0,167,56135.866842
-233.0,134,56138.81876
-153.0,54,56153.815038
-158.0,159,56166.069458
-131.0,132,56171.179928
-171.0,72,56179.974183
-141.0,142,56190.477971
-317.0,218,56202.784092
-127.0,128,56212.759839
-226.0,227,56218.748166
-278.0,279,56223.394437
-302.0,303,56224.816692
-170.0,71,56228.879257
-170.0,171,56233.699858
-94.0,95,56247.536162
-295.0,196,56251.624255
-190.0,91,56251.984936
-195.0,96,56268.417471
-149.0,50,56269.526691
-221.0,122,56273.18753
-165.0,66,56275.699887
-345.0,246,56280.146684
-161.0,162,56282.307606
-178.0,179,56290.036009
-138.0,139,56297.967993
-160.0,61,56297.968046
-237.0,138,56318.626844
-164.0,165,56329.620349
-177.0,178,56337.895435
-154.0,155,56338.592307
-160.0,61,56351.885776
-309.0,210,56356.675818
-211.0,112,56359.597972
-103.0,104,56376.874361
-239.0,240,56377.602648
-209.0,110,56378.38258
-178.0,79,56388.821887
-255.0,256,56391.857297
-172.0,73,56405.241451
-317.0,318,56414.373455
-162.0,163,56416.585067
-133.0,134,56438.025015
-258.0,259,56447.357009
-132.0,133,56454.33116
-212.0,113,56458.472475
-127.0,28,56468.677878
-153.0,54,56474.179213
-179.0,80,56476.813462
-276.0,277,56479.002565
-130.0,31,56480.115206
-201.0,202,56489.127237
-176.0,77,56508.572114
-281.0,182,56544.078851
-437.0,338,56562.911225
-189.0,190,56578.737844
-408.0,309,56588.287054
-306.0,307,56592.316796
-600.0,600,56598.836825
-141.0,42,56603.497487
-265.0,166,56604.988631
-600.0,600,56612.647611
-340.0,341,56614.37014
-174.0,175,56626.485912
-172.0,73,56629.798133
-115.0,16,56632.27434
-201.0,102,56641.862821
-133.0,34,56642.266114
-155.0,156,56648.66725
-203.0,204,56652.711385
-119.0,120,56655.898061
-186.0,87,56679.991814
-106.0,107,56680.365155
-107.0,8,56682.928423
-176.0,77,56683.639451
-145.0,146,56685.119609
-196.0,197,56685.511974
-225.0,126,56687.682157
-146.0,47,56702.352888
-161.0,62,56702.716825
-317.0,318,56713.568146
-87.0,88,56719.254098
-146.0,47,56719.623026
-120.0,121,56728.709675
-150.0,51,56732.07772
-138.0,139,56733.966414
-71.0,72,56745.771675
-201.0,102,56756.150668
-198.0,199,56774.201421
-219.0,120,56888.751911
-133.0,134,56892.044192
-300.0,301,56903.232411
-116.0,117,56910.164305
-293.0,194,56910.527061
-117.0,18,56917.060697
-196.0,97,56927.163367
-301.0,202,56930.51162
-118.0,19,56937.299632
-116.0,117,56945.566329
-128.0,29,56947.80588
-98.0,99,56952.929877
-223.0,224,56966.903596
-231.0,232,56972.624266
-286.0,187,56977.685847
-600.0,600,56980.929978
-192.0,93,56986.561872
-173.0,174,56990.166671
-124.0,125,56990.937193
-96.0,97,57007.810921
-185.0,86,57012.179658
-206.0,207,57022.601311
-210.0,111,57030.873832
-269.0,170,57039.315239
-84.0,85,57042.990111
-155.0,156,57046.596318
-177.0,78,57050.92951
-210.0,211,57062.7012
-188.0,189,57075.867238
-158.0,159,57088.196473
-131.0,132,57110.232805
-184.0,185,57113.206008
-157.0,158,57133.28451
-257.0,258,57144.21856
-302.0,303,57152.534249
-158.0,59,57165.641941
-268.0,169,57171.813532
-80.0,81,57182.050915
-600.0,600,57184.238837
-303.0,304,57198.734449
-347.0,248,57203.446398
-242.0,143,57224.082494
-257.0,158,57239.978348
-315.0,316,57248.724017
-239.0,240,57253.421022
-600.0,600,57257.376384
-149.0,50,57258.061905
-184.0,185,57266.211876
-122.0,123,57268.701986
-289.0,290,57289.894157
-112.0,113,57298.378528
-191.0,92,57299.922309
-208.0,109,57329.832373
-182.0,183,57335.567752
-112.0,113,57341.249101
-228.0,229,57341.65937
-347.0,248,57343.973465
-241.0,142,57350.45985
-134.0,35,57354.561463
-156.0,57,57364.934454
-134.0,35,57377.551822
-142.0,143,57382.293228
-184.0,85,57385.643049
-140.0,141,57392.894509
-143.0,44,57393.572839
-424.0,425,57403.57612
-139.0,40,57407.199543
-305.0,206,57410.860069
-115.0,16,57416.651407
-66.0,67,57417.749166
-600.0,600,57422.507867
-136.0,137,57431.642075
-145.0,46,57433.081979
-115.0,16,57438.71629
-186.0,87,57453.430413
-100.0,101,57453.789309
-317.0,318,57465.268777
-134.0,35,57466.33284
-128.0,29,57475.671953
-189.0,90,57485.826544
-243.0,244,57491.23968
-281.0,282,57508.618739
-193.0,94,57509.716221
-222.0,123,57510.852613
-111.0,12,57512.9795
-226.0,227,57513.332089
-160.0,61,57513.332139
-167.0,68,57537.801866
-177.0,78,57541.116929
-96.0,97,57545.924711
-101.0,102,57546.650184
-106.0,7,57549.135125
-316.0,317,57553.146943
-182.0,83,57575.890908
-272.0,273,57584.750607
-145.0,146,57590.894256
-600.0,600,57602.069682
-178.0,179,57614.087707
-233.0,234,57625.805974
-339.0,340,57636.16826
-146.0,147,57637.664017
-235.0,236,57638.367706
-255.0,156,57646.979388
-55.0,56,57658.546562
-128.0,129,57671.981394
-194.0,195,57671.981461
-268.0,169,57674.547968
-179.0,80,57675.579509
-110.0,111,57677.338495
-284.0,285,57678.379079
-112.0,13,57681.838799
-140.0,41,57686.437393
-73.0,74,57698.371011
-118.0,119,57700.847113
-110.0,11,57704.632497
-193.0,94,57719.970963
-61.0,62,57726.892405
-268.0,169,57734.973281
-254.0,155,57737.634592
-278.0,179,57739.808463
-135.0,136,57747.241773
-196.0,197,57749.039653
-213.0,114,57761.385006
-114.0,115,57781.083084
-405.0,406,57781.805995
-200.0,101,57783.605796
-105.0,106,57787.241986
-82.0,83,57791.325564
-146.0,47,57798.205957
-182.0,183,57801.015074
-121.0,22,57808.865718
-256.0,257,57819.92141
-207.0,108,57822.744406
-240.0,241,57824.517645
-167.0,68,57833.417922
-148.0,49,57842.166932
-168.0,169,57848.292556
-247.0,148,57851.590127
-198.0,199,57853.801602
-157.0,58,57863.334084
-307.0,208,57866.691257
-222.0,123,57878.144144
-195.0,96,57883.294803
-108.0,9,57886.582044
-290.0,191,57889.07125
-101.0,102,57903.50852
-145.0,146,57904.616367
-234.0,235,57907.936297
-126.0,127,57924.364836
-170.0,171,57925.483072
-206.0,207,57929.149021
-135.0,36,57942.234665
-161.0,162,57948.106037
-128.0,29,57952.90242
-147.0,148,57957.729782
-249.0,150,57959.592142
-63.0,64,57971.415481
-175.0,176,57972.17074
-149.0,150,57980.285717
-172.0,73,57984.30287
-268.0,269,57984.648851
-206.0,107,57992.010077
-158.0,159,58017.461504
-258.0,259,58019.001459
-203.0,104,58022.785129
-249.0,150,58026.537731
-150.0,151,58035.568123
-151.0,52,58038.212828
-183.0,184,58039.652589
-138.0,139,58043.00861
-144.0,45,58059.319385
-149.0,150,58081.429674
-73.0,74,58086.624479
-278.0,179,58088.456955
-156.0,157,58097.239092
-217.0,218,58097.624204
-182.0,183,58102.784767
-173.0,74,58115.57473
-156.0,57,58118.460805
-201.0,102,58118.857277
-294.0,295,58146.327762
-178.0,79,58147.389227
-125.0,26,58155.879506
-158.0,159,58161.034938
-145.0,146,58169.098229
-192.0,93,58181.639326
-345.0,246,58187.516083
-175.0,76,58197.32176
-600.0,600,58204.636397
-132.0,33,58209.39242
-156.0,157,58213.823943
-140.0,41,58224.497856
-293.0,294,58227.091814
-222.0,123,58227.091866
-402.0,403,58234.789207
-165.0,166,58248.940753
-263.0,164,58264.795723
-171.0,172,58276.929341
-316.0,317,58277.695381
-283.0,184,58292.018595
-152.0,153,58304.752314
-229.0,230,58318.930996
-226.0,127,58323.460366
-187.0,88,58324.211219
-41.0,42,58334.453906
-222.0,123,58350.09613
-202.0,203,58352.425738
-351.0,352,58356.464068
-198.0,99,58360.88812
-130.0,31,58368.099102
-160.0,61,58372.974605
-123.0,24,58377.127044
-230.0,131,58383.415038
-76.0,77,58401.60689
-186.0,87,58409.316319
-222.0,223,58435.232455
-141.0,142,58435.94405
-106.0,107,58441.152082
-232.0,233,58447.533401
-600.0,600,58448.601358
-345.0,346,58451.856225
-154.0,155,58466.587016
-76.0,77,58469.57542
-162.0,63,58475.082804
-600.0,600,58486.385058
-158.0,59,58496.615335
-188.0,89,58499.245507
-185.0,186,58504.381606
-139.0,40,58511.458727
-171.0,172,58511.827546
-214.0,215,58514.460991
-90.0,91,58519.97565
-176.0,77,58532.816628
-197.0,198,58542.554411
-172.0,73,58547.121929
-207.0,108,58551.760548
-291.0,292,58555.535606
-228.0,129,58559.823738
-238.0,139,58566.028985
-57.0,58,58573.015703
-84.0,85,58578.577339
-229.0,130,58590.574057
-259.0,160,58592.126016
-79.0,80,58595.394483
-122.0,23,58604.068655
-247.0,148,58614.277973
-179.0,80,58621.584823
-186.0,87,58622.678745
-150.0,51,58641.288954
-173.0,174,58642.42643
-243.0,244,58645.062806
-212.0,213,58651.248257
-155.0,56,58662.887732
-202.0,103,58682.524434
-138.0,139,58691.936315
-259.0,260,58699.042225
-317.0,218,58701.278866
-138.0,39,58706.443317
-267.0,168,58834.755091
-197.0,98,58840.698481
-600.0,600,58842.171972
-304.0,305,58847.847709
-237.0,238,58871.391365
-148.0,149,58875.084098
-153.0,154,58879.228299
-135.0,136,58891.052805
-139.0,140,58891.052862
-176.0,77,58899.457956
-152.0,53,58910.816496
-196.0,197,58919.644237
-113.0,114,58934.505962
-158.0,159,58939.422041
-151.0,152,58959.213692
-362.0,363,58965.371433
-235.0,236,58966.200827
-233.0,134,58987.207027
-316.0,217,58995.539917
-174.0,175,59008.07273
-223.0,124,59013.87576
-150.0,151,59017.649647
-56.0,57,59018.032029
-39.0,40,59023.206883
-282.0,283,59030.115149
-115.0,116,59031.61306
-108.0,9,59034.881001
-165.0,66,59038.208443
-105.0,6,59040.471752
-209.0,110,59058.002104
-249.0,250,59059.497396
-66.0,67,59059.497464
-600.0,600,59061.018006
-205.0,106,59068.940925
-160.0,61,59081.524687
-162.0,63,59082.256607
-112.0,13,59087.076381
-219.0,220,59098.237649
-240.0,241,59111.092498
-136.0,37,59111.818782
-147.0,148,59114.801699
-142.0,143,59121.085558
-123.0,24,59123.652055
-124.0,25,59130.503662
-251.0,252,59132.731281
-232.0,133,59136.053763
-67.0,68,59136.410784
-156.0,57,59144.701058
-106.0,7,59147.271669
-273.0,274,59158.148072
-210.0,211,59158.850148
-181.0,82,59160.362159
-146.0,47,59175.397572
-175.0,76,59188.130706
-218.0,219,59192.233526
-224.0,125,59192.988102
-171.0,172,59199.062957
-119.0,20,59200.565199
-190.0,191,59202.748562
-221.0,122,59203.911937
-138.0,39,59217.031562
-129.0,130,59236.15124
-264.0,165,59236.151299
-277.0,278,59238.322324
-133.0,134,59241.56162
-149.0,150,59258.705563
-262.0,163,59258.705715
-162.0,63,59261.418765
-151.0,52,59280.275129
-145.0,146,59289.613101
-187.0,88,59291.104072
-315.0,216,59296.202104
-281.0,182,59308.593475
-197.0,198,59331.826016
-120.0,121,59334.498842
-105.0,106,59335.624641
-272.0,273,59336.724159
-45.0,46,59348.861329
-153.0,54,59354.399149
-162.0,63,59359.974432
-177.0,178,59374.79262
-62.0,63,59383.829521
-117.0,18,59390.720662
-122.0,123,59400.651505
-600.0,600,59422.615095
-204.0,205,59425.718971
-205.0,106,59430.223247
-199.0,200,59449.500317
-497.0,398,59484.215276
-236.0,237,59489.161961
-292.0,193,59494.840714
-600.0,600,59504.170749
-204.0,205,59506.772328
-258.0,159,59508.93324
-600.0,600,59514.927289
-152.0,53,59526.098791
-291.0,292,59534.247737
-144.0,145,59537.945457
-176.0,177,59559.888396
-196.0,97,59561.818418
-174.0,175,59568.489828
-82.0,83,59568.489886
-269.0,170,59571.512253
-137.0,38,59574.140824
-330.0,231,59574.517328
-134.0,35,59574.919055
-123.0,24,59582.824312
-210.0,211,59592.339191
-206.0,107,59610.603643
-106.0,107,59614.048029
-90.0,91,59616.188982
-233.0,234,59620.305494
-182.0,83,59622.872252
-146.0,47,59628.215803
-108.0,9,59631.621228
-182.0,183,59641.702098
-77.0,78,59648.923412
-251.0,252,59661.000163
-131.0,132,59664.683832
-271.0,272,59668.314599
-152.0,153,59670.116465
-241.0,142,59693.62236
-196.0,197,59695.076233
-280.0,181,59697.685437
-115.0,16,59700.965141
-149.0,150,59703.902026
-219.0,120,59708.779241
-131.0,32,59712.90077
-295.0,196,59733.369411
-185.0,186,59737.163646
-159.0,160,59753.364085
-156.0,57,59758.595256
-227.0,128,59760.921053
-178.0,179,59771.262754
-278.0,179,59776.306951
-92.0,93,59788.907605
-146.0,147,59789.259362
-161.0,62,59799.79715
-139.0,140,59811.955914
-158.0,59,59822.240309
-157.0,158,59848.8574
-171.0,172,59854.598958
-239.0,240,59862.63638
-386.0,287,59870.207184
-198.0,199,59887.592522
-182.0,183,59891.777975
-600.0,600,59896.43881
-118.0,119,59907.696409
-168.0,69,59917.898845
-166.0,167,59917.898899
-188.0,189,59920.593572
-109.0,10,59921.706414
-600.0,600,59924.724332
-91.0,92,59941.919131
-162.0,63,59947.988672
-193.0,94,59952.764002
-186.0,87,59953.882675
-112.0,13,59957.581195
-195.0,196,59960.959831
-258.0,259,59967.208211
-312.0,213,59975.880644
-198.0,99,59984.767176
-108.0,109,59994.372181
-136.0,37,59998.502535
-93.0,94,60002.227021
-144.0,45,60015.213781
-118.0,119,60019.960543
-242.0,243,60032.202312
-204.0,205,60037.010753
-215.0,216,60037.787504
-124.0,125,60048.492941
-163.0,164,60055.020534
-179.0,80,60067.196665
-127.0,28,60077.613506
-240.0,141,60084.289015
-165.0,66,60102.065294
-276.0,177,60102.454617
-245.0,246,60106.166991
-235.0,236,60107.283244
-146.0,147,60109.550823
-172.0,73,60134.172095
-190.0,91,60135.733423
-249.0,250,60140.846208
-600.0,600,60142.742465
-151.0,52,60159.866158
-251.0,152,60162.154979
-149.0,150,60164.571982
-173.0,174,60166.356301
-120.0,121,60178.441568
-270.0,271,60183.951393
-163.0,164,60195.654339
-171.0,172,60205.455971
-136.0,137,60209.846495
-147.0,148,60220.47066
-179.0,80,60224.881776
-206.0,207,60237.518811
-346.0,247,60254.959683
-320.0,221,60264.853006
-235.0,236,60264.853061
-211.0,112,60279.167098
-187.0,88,60297.758063
-137.0,138,60306.410234
-110.0,11,60310.509573
-338.0,239,60313.608506
-213.0,114,60321.982529
-318.0,319,60323.802067
-277.0,178,60331.512395
-47.0,48,60339.699528
-119.0,120,60358.595309
-376.0,377,60360.787431
-155.0,56,60360.787486
-109.0,110,60365.057257
-166.0,67,60385.769603
-73.0,74,60388.401843
-103.0,104,60397.241942
-238.0,239,60399.832532
-102.0,103,60403.171327
-104.0,105,60424.224757
-178.0,79,60426.067402
-600.0,600,60432.37359
-124.0,25,60435.228852
-381.0,382,60439.622677
-307.0,308,60445.546705
-42.0,43,60448.156613
-137.0,138,60450.345197
-258.0,159,60461.034667
-164.0,65,60468.957626
-112.0,13,60473.751044
-90.0,91,60481.002277
-110.0,11,60485.065248
-172.0,173,60487.252959
-152.0,153,60490.990819
-289.0,290,60494.332481
-156.0,157,60507.296185
-118.0,19,60514.259739
-215.0,216,60518.215439
-89.0,90,60520.103485
-119.0,120,60528.816952
-255.0,156,60530.638712
-147.0,148,60548.153202
-103.0,104,60568.763294
-159.0,160,60572.966132
-80.0,81,60578.213406
-240.0,241,60579.337461
-137.0,138,60579.685321
-171.0,72,60595.534743
-94.0,95,60608.022393
-163.0,64,60618.96814
-143.0,144,60632.153443
-159.0,160,60636.997741
-172.0,173,60671.164886
-93.0,94,60671.164978
-116.0,17,60677.583427
-266.0,267,60677.583479
-600.0,600,60680.912529
-48.0,49,60826.647976
-233.0,234,60835.716803
-330.0,231,60847.80684
-155.0,56,60868.175971
-600.0,600,60869.325459
-183.0,184,60869.72455
-600.0,600,60871.233179
-228.0,129,60883.077299
-227.0,228,60895.517348
-180.0,81,60898.050622
-176.0,77,60911.031925
-140.0,141,60920.941321
-313.0,314,60923.103374
-271.0,272,60925.5272
-154.0,155,60951.332596
-229.0,230,60952.791217
-204.0,105,60963.670021
-249.0,150,60965.191451
-217.0,118,60966.001035
-265.0,266,60967.818493
-174.0,75,60990.950135
-194.0,195,60991.655104
-258.0,259,60991.655156
-212.0,113,60992.400652
-222.0,123,61010.205668
-188.0,189,61020.874162
-186.0,87,61021.932156
-88.0,89,61024.205768
-239.0,140,61041.830846
-253.0,254,61056.930067
-106.0,107,61061.06206
-228.0,129,61071.068036
-172.0,173,61072.970681
-133.0,34,61073.345918
-109.0,110,61082.120702
-170.0,71,61082.877265
-253.0,254,61083.595599
-325.0,326,61085.76918
-216.0,217,61099.842165
-174.0,75,61100.192188
-123.0,124,61116.101084
-118.0,119,61126.589128
-252.0,153,61138.331129
-208.0,109,61139.890125
-210.0,211,61150.159129
-170.0,171,61162.088806
-147.0,148,61180.846396
-105.0,106,61189.050132
-309.0,310,61198.899328
-327.0,328,61201.802804
-282.0,183,61206.920492
-162.0,63,61222.006945
-230.0,231,61223.141472
-299.0,300,61226.042376
-284.0,185,61230.094375
-216.0,117,61231.855633
-186.0,87,61233.571081
-108.0,9,61235.050062
-180.0,181,61247.080349
-253.0,154,61263.280494
-122.0,23,61271.746869
-143.0,144,61282.428818
-132.0,33,61283.629505
-215.0,116,61289.499768
-202.0,203,61296.14143
-279.0,180,61300.982715
-212.0,213,61300.982778
-117.0,18,61302.784073
-162.0,63,61306.97038
-234.0,235,61312.070826
-154.0,55,61323.035806
-61.0,62,61323.789692
-284.0,285,61337.821563
-154.0,55,61342.916634
-202.0,103,61349.476929
-172.0,173,61369.748823
-296.0,197,61372.723526
-263.0,264,61378.812414
-350.0,251,61381.009962
-153.0,154,61393.798921
-132.0,133,61417.860583
-190.0,191,61418.571278
-112.0,113,61419.647572
-274.0,175,61435.936138
-225.0,126,61439.203499
-220.0,121,61462.296347
-227.0,128,61465.992832
-174.0,75,61466.315397
-398.0,399,61468.132657
-357.0,258,61474.4541
-125.0,26,61484.151821
-234.0,135,61485.19884
-291.0,192,61487.823161
-112.0,113,61503.781548
-73.0,74,61512.26388
-74.0,75,61515.26014
-138.0,139,61519.33729
-152.0,153,61522.168914
-171.0,72,61530.23487
-126.0,127,61530.620935
-600.0,600,61561.237491
-233.0,134,61564.202733
-121.0,122,61566.763093
-235.0,136,61569.077107
-293.0,294,61574.338247
-133.0,34,61576.906959
-146.0,47,61578.885435
-217.0,218,61592.222785
-225.0,226,61613.027319
-142.0,143,61621.073611
-155.0,156,61623.775438
-271.0,272,61629.732163
-145.0,146,61630.098611
-151.0,152,61634.174337
-111.0,12,61638.547829
-241.0,142,61643.953307
-168.0,69,61655.154198
-227.0,228,61657.38549
-92.0,93,61663.684692
-160.0,61,61666.218407
-152.0,153,61669.24252
-134.0,135,61670.672149
-166.0,67,61679.711206
-110.0,11,61683.700773
-236.0,137,61688.393813
-194.0,195,61694.917871
-210.0,111,61697.871943
-179.0,80,61698.253334
-143.0,144,61723.381734
-183.0,84,61726.048454
-187.0,88,61730.471491
-225.0,226,61749.184828
-155.0,56,61751.083721
-269.0,170,61751.083787
-94.0,95,61758.490926
-267.0,168,61760.325776
-197.0,98,61762.208383
-226.0,227,61767.456897
-136.0,37,61772.262388
-127.0,28,61777.823718
-115.0,16,61778.186848
-188.0,89,61784.099738
-355.0,356,61794.570198
-166.0,67,61808.532172
-165.0,166,61812.232373
-172.0,73,61821.330883
-146.0,47,61825.92204
-193.0,194,61833.615439
-304.0,205,61835.8747
-353.0,254,61842.845495
-161.0,62,61844.427961
-281.0,182,61844.827048
-190.0,191,61848.456909
-136.0,37,61858.150317
-162.0,63,61867.294085
-255.0,156,61869.504209
-122.0,123,61880.742211
-207.0,108,61882.211113
-133.0,134,61897.320496
-213.0,114,61899.962176
-303.0,204,61900.667691
-189.0,90,61913.827865
-164.0,65,61921.078322
-238.0,139,61933.197119
-191.0,92,61934.323577
-313.0,314,61948.675846
-178.0,79,61950.236049
-229.0,230,61951.682737
-184.0,185,61967.567101
-85.0,86,61980.048003
-133.0,34,61980.048059
-104.0,5,61981.925222
-99.0,100,61986.704218
-321.0,322,61987.436786
-169.0,170,61996.683728
-230.0,131,61999.703422
-357.0,258,62008.673572
-180.0,81,62016.964005
-234.0,235,62019.931293
-276.0,177,62046.791491
-184.0,185,62047.846999
-111.0,112,62057.379642
-180.0,181,62063.00971
-151.0,152,62064.125115
-123.0,124,62064.919667
-150.0,51,62065.716627
-195.0,196,62071.591755
-38.0,39,62078.524724
-100.0,101,62094.419554
-111.0,112,62106.448466
-108.0,109,62111.396462
-112.0,13,62111.396519
-113.0,114,62136.08707
-230.0,231,62149.13693
-454.0,455,62153.928224
-298.0,299,62157.292049
-263.0,264,62159.456834
-169.0,70,62161.677786
-165.0,166,62172.028913
-186.0,187,62179.785985
-185.0,86,62191.333503
-82.0,83,62192.404645
-126.0,127,62200.839081
-105.0,106,62211.021022
-88.0,89,62212.508345
-105.0,6,62214.774522
-172.0,173,62221.013004
-137.0,38,62225.054267
-123.0,24,62229.818801
-119.0,120,62235.422633
-107.0,108,62254.255528
-154.0,155,62257.605292
-296.0,297,62258.387901
-204.0,105,62263.464385
-206.0,207,62268.27244
-208.0,109,62269.750415
-66.0,67,62282.95023
-250.0,151,62290.706318
-214.0,115,62296.429506
-600.0,600,62298.255633
-138.0,139,62308.184463
-155.0,156,62320.161152
-77.0,78,62324.568255
-243.0,144,62335.357003
-137.0,38,62338.662598
-213.0,114,62349.681166
-177.0,178,62362.883605
-292.0,293,62374.91596
-289.0,290,62375.280817
-160.0,161,62379.023404
-58.0,59,62384.538262
-278.0,279,62392.238918
-132.0,133,62398.464664
-158.0,59,62400.679885
-169.0,170,62400.679959
-170.0,71,62424.646854
-197.0,98,62428.509271
-234.0,135,62434.501359
-121.0,122,62446.192469
-155.0,56,62449.660479
-161.0,62,62472.635889
-296.0,297,62485.666441
-231.0,232,62487.190745
-171.0,72,62499.553394
-230.0,231,62511.051817
-157.0,58,62521.127361
-202.0,203,62521.948715
-107.0,8,62524.936612
-183.0,84,62542.337959
-297.0,298,62545.638467
-600.0,600,62557.660536
-44.0,45,62559.139273
-207.0,208,62563.257955
-271.0,172,62589.179821
-185.0,186,62590.736871
-123.0,124,62592.213643
-284.0,285,62593.72354
-600.0,600,62598.578164
-125.0,26,62600.377356
-148.0,49,62618.017463
-152.0,153,62619.845544
-268.0,169,62758.093288
-175.0,176,62764.884643
-173.0,174,62768.94794
-309.0,310,62779.951428
-104.0,5,62781.748445
-150.0,51,62783.212661
-329.0,330,62785.718823
-125.0,26,62792.745577
-305.0,206,62802.109087
-202.0,103,62806.572127
-331.0,232,62809.939101
-114.0,115,62823.91477
-350.0,351,62827.252741
-203.0,204,62832.365966
-126.0,127,62839.399709
-157.0,158,62843.738369
-151.0,152,62857.249525
-190.0,91,62860.262104
-172.0,73,62865.718575
-272.0,173,62869.365181
-136.0,37,62879.109357
-164.0,65,62883.856618
-178.0,179,62888.968091
-251.0,152,62898.634919
-244.0,245,62898.634971
-141.0,42,62899.006783
-74.0,75,62916.186893
-238.0,139,62919.895461
-171.0,72,62925.122339
-257.0,258,62926.224597
-203.0,204,62931.650556
-123.0,124,62944.259607
-213.0,114,62957.36175
-163.0,164,62958.10048
-110.0,111,62971.440168
-269.0,270,62976.795265
-122.0,23,62985.369418
-304.0,205,62994.158006
-142.0,43,63009.95565
-107.0,108,63010.996845
-265.0,266,63021.672001
-107.0,108,63025.090631
-201.0,202,63031.290016
-85.0,86,63041.660614
-246.0,247,63048.492064
-170.0,71,63051.075579
-211.0,112,63062.93917
-375.0,376,63063.329691
-115.0,16,63069.267703
-189.0,90,63074.973478
-171.0,72,63089.639192
-231.0,232,63096.662838
-231.0,132,63097.430608
-103.0,104,63107.572442
-134.0,35,63109.423698
-153.0,54,63109.423771
-235.0,236,63118.18677
-95.0,96,63132.481215
-202.0,103,63147.014543
-114.0,15,63152.493205
-247.0,148,63161.882349
-338.0,239,63162.657513
-600.0,600,63164.158978
-322.0,323,63170.069606
-113.0,114,63174.323443
-179.0,180,63184.121532
-329.0,230,63193.553512
-132.0,133,63201.262197
-86.0,87,63206.083695
-107.0,8,63208.996606
-145.0,146,63215.963198
-261.0,162,63223.190226
-170.0,171,63224.274716
-121.0,22,63231.38413
-183.0,84,63232.104573
-121.0,22,63232.512631
-175.0,176,63234.426596
-138.0,139,63235.197576
-196.0,97,63244.650878
-245.0,146,63247.25746
-213.0,114,63257.68623
-155.0,56,63277.996188
-235.0,136,63281.68488
-260.0,161,63291.153238
-155.0,156,63291.153303
-165.0,166,63291.880102
-176.0,177,63299.354729
-64.0,65,63305.152074
-186.0,87,63322.698505
-94.0,95,63325.784916
-225.0,226,63326.872947
-278.0,179,63343.503268
-270.0,271,63346.149916
-129.0,30,63354.521439
-112.0,113,63364.500417
-229.0,230,63384.452519
-266.0,167,63387.901698
-240.0,241,63394.655603
-213.0,114,63397.376319
-309.0,310,63406.919642
-71.0,72,63411.850273
-244.0,245,63418.625447
-255.0,156,63423.588174
-313.0,214,63426.649706
-94.0,95,63430.682563
-208.0,109,63438.415554
-42.0,43,63442.620476
-154.0,155,63446.279857
-192.0,93,63472.251255
-93.0,94,63476.586259
-284.0,185,63486.558687
-154.0,155,63487.330057
-157.0,58,63493.521381
-200.0,201,63497.177927
-232.0,233,63497.539345
-261.0,262,63503.458402
-161.0,162,63505.271364
-186.0,87,63508.632394
-127.0,28,63515.58697
-193.0,94,63528.080491
-146.0,147,63540.423007
-107.0,108,63543.010253
-218.0,119,63552.230208
-103.0,4,63553.75769
-279.0,180,63563.342525
-104.0,105,63566.715378
-166.0,67,63567.850726
-198.0,199,63570.74516
-110.0,11,63570.745233
-225.0,226,63598.670121
-159.0,160,63599.465457
-305.0,306,63599.847432
-187.0,88,63603.25385
-147.0,48,63617.181767
-157.0,158,63621.628007
-54.0,55,63623.517632
-126.0,27,63627.224441
-345.0,246,63644.459766
-179.0,80,63652.969707
-184.0,185,63667.138257
-265.0,266,63669.038827
-113.0,14,63672.415322
-226.0,127,63674.334889
-208.0,109,63685.170373
-128.0,29,63695.913544
-209.0,110,63715.118331
-156.0,57,63716.992732
-350.0,351,63729.855561
-189.0,190,63739.472978
-368.0,369,63758.216961
-458.0,359,63786.138469
-600.0,600,63789.829762
-139.0,140,63791.314823
-380.0,381,63813.018784
-165.0,66,63813.808972
-243.0,244,63819.596174
-288.0,289,63823.32315
-45.0,46,63829.985384
-155.0,156,63848.210968
-101.0,102,63851.216695
-179.0,80,63859.30476
-282.0,283,63862.281061
-142.0,143,63875.833056
-104.0,105,63890.181549
-153.0,154,63905.314272
-426.0,327,63906.439742
-236.0,237,63907.283837
-183.0,84,63907.283911
-225.0,126,63909.138403
-127.0,28,63919.343974
-163.0,164,63920.080399
-183.0,84,63921.224679
-154.0,55,63925.655437
-49.0,50,63925.655496
-124.0,25,63928.569623
-68.0,69,63931.941357
-692.0,593,63933.77648
-145.0,46,63948.502149
-169.0,70,63951.141606
-169.0,70,63959.026832
-101.0,2,63959.756779
-161.0,162,63966.365295
-245.0,146,63973.369805
-207.0,108,63988.038048
-265.0,166,63989.148746
-170.0,71,63992.535724
-216.0,217,64000.761934
-213.0,114,64001.826051
-146.0,47,64009.733797
-288.0,189,64020.405197
-118.0,19,64027.472197
-304.0,305,64037.55448
-113.0,14,64042.831471
-219.0,120,64046.121208
-165.0,166,64050.400795
-196.0,197,64060.704983
-289.0,190,64070.803739
-140.0,41,64076.05898
-281.0,282,64077.542187
-216.0,117,64089.083451
-206.0,107,64089.824762
-138.0,139,64094.006375
-191.0,192,64098.47515
-75.0,76,64098.86519
-193.0,94,64110.364004
-402.0,303,64121.241668
-83.0,84,64124.638652
-98.0,99,64134.474235
-162.0,63,64144.315464
-291.0,192,64147.666868
-213.0,214,64168.097519
-300.0,201,64172.167335
-133.0,134,64173.682014
-242.0,243,64178.08613
-91.0,92,64178.086186
-211.0,212,64187.950039
-156.0,57,64193.138993
-161.0,162,64193.880686
-159.0,160,64206.353733
-160.0,61,64210.371331
-235.0,136,64218.039971
-136.0,137,64256.21585
-252.0,153,64266.143367
-348.0,249,64269.16356
-120.0,21,64273.968819
-278.0,279,64275.799218
-224.0,225,64276.165143
-266.0,267,64290.769134
-81.0,82,64306.144281
-243.0,144,64309.178895
-155.0,56,64311.416262
-53.0,54,64326.134829
-222.0,223,64357.204301
-209.0,110,64366.045458
-283.0,284,64373.235929
-274.0,275,64374.752499
-48.0,49,64384.283859
-208.0,209,64385.775372
-127.0,28,64394.42358
-600.0,600,64397.772334
-155.0,56,64406.182353
-128.0,29,64417.111958
-160.0,61,64417.112015
-309.0,310,64425.099605
-125.0,26,64434.855532
-172.0,173,64437.063468
-600.0,600,64438.084902
-243.0,244,64447.092516
-242.0,143,64450.406679
-206.0,207,64450.784793
-113.0,14,64452.229663
-203.0,104,64455.14085
-122.0,23,64463.654711
-112.0,113,64478.284209
-292.0,193,64487.854098
-107.0,8,64490.834719
-246.0,147,64491.924191
-191.0,92,64497.447371
-136.0,37,64504.474858
-206.0,207,64510.624641
-152.0,53,64523.525249
-97.0,98,64527.592816
-211.0,212,64529.772279
-179.0,80,64539.804781
-261.0,262,64546.796097
-257.0,158,64555.380137
-171.0,172,64587.195554
-97.0,98,64711.128355
-141.0,142,64718.826905
-190.0,191,64719.882731
-112.0,13,64723.441814
-145.0,46,64727.895616
-146.0,47,64737.070171
-152.0,53,64747.367099
-273.0,274,64748.081409
-550.0,451,64763.286692
-273.0,174,64770.250969
-76.0,77,64775.40351
-600.0,600,64790.134652
-143.0,144,64828.567801
-158.0,159,64828.939862
-122.0,23,64837.320545
-317.0,318,64840.52047
-257.0,258,64843.124294
-140.0,41,64843.878556
-109.0,10,64844.26932
-159.0,160,64849.54728
-142.0,43,64859.036262
-265.0,266,64861.670144
-190.0,91,64877.178129
-600.0,600,64880.142234
-214.0,115,64886.364791
-105.0,6,64888.616988
-234.0,135,64899.053214
-176.0,177,64902.594101
-152.0,153,64915.030092
-251.0,152,64917.315357
-74.0,75,64930.154205
-191.0,92,64932.742578
-251.0,152,64944.522652
-90.0,91,64948.6873
-146.0,47,64950.097196
-216.0,217,64957.104369
-600.0,600,64957.861652
-231.0,232,64965.592245
-97.0,98,64966.324046
-178.0,179,64982.787031
-146.0,147,65003.576017
-204.0,105,65003.576076
-62.0,63,65005.854732
-111.0,112,65006.95906
-200.0,201,65022.020261
-148.0,49,65023.905494
-182.0,183,65024.670583
-190.0,191,65026.964849
-164.0,65,65027.752276
-127.0,28,65038.151612
-258.0,259,65039.643282
-140.0,41,65040.060718
-144.0,45,65043.742961
-241.0,142,65059.485764
-80.0,81,65069.369873
-284.0,185,65072.051147
-114.0,115,65085.963035
-190.0,91,65092.90409
-167.0,68,65094.47099
-192.0,193,65095.227257
-230.0,231,65107.140557
-135.0,36,65108.29011
-163.0,64,65109.429072
-202.0,203,65112.776529
-154.0,55,65114.673632
-327.0,228,65123.824389
-141.0,42,65125.053195
-139.0,40,65129.436313
-144.0,45,65141.612748
-246.0,147,65147.265853
-110.0,111,65149.477134
-90.0,91,65157.686199
-121.0,22,65157.686258
-240.0,241,65161.130928
-144.0,145,65166.699449
-174.0,75,65169.587056
-176.0,77,65175.767472
-166.0,67,65200.224588
-206.0,207,65205.865886
-283.0,284,65212.128547
-116.0,17,65212.128608
-145.0,146,65214.675404
-159.0,160,65225.140552
-258.0,159,65227.770235
-200.0,101,65237.080009
-175.0,76,65239.63282
-108.0,9,65242.843502
-361.0,262,65253.226527
-114.0,115,65256.11697
-294.0,295,65265.189608
-150.0,151,65282.305271
-183.0,184,65291.742657
-270.0,171,65299.055814
-228.0,129,65303.170161
-76.0,77,65310.412798
-199.0,200,65315.453613
-325.0,326,65330.63754
-182.0,183,65332.084038
-152.0,53,65335.083238
-174.0,75,65338.072575
-212.0,113,65340.698906
-135.0,36,65351.32104
-162.0,63,65353.887289
-143.0,44,65356.840086
-153.0,54,65373.769339
-333.0,334,65375.696761
-70.0,71,65377.567473
-137.0,38,65391.426482
-63.0,64,65399.191539
-262.0,263,65399.888835
-215.0,216,65411.587806
-134.0,135,65423.248789
-258.0,259,65430.301308
-214.0,115,65442.186527
-170.0,71,65449.673351
-271.0,172,65455.00804
-395.0,296,65465.896083
-198.0,199,65472.483574
-102.0,103,65480.180359
-96.0,97,65485.32852
-265.0,166,65491.69116
-207.0,108,65505.374464
-600.0,600,65512.293929
-109.0,110,65512.647977
-304.0,305,65523.306593
-120.0,121,65524.019901
-151.0,52,65524.01996
-80.0,81,65541.810894
-162.0,63,65546.987893
-155.0,156,65548.096201
-295.0,196,65556.517992
-126.0,27,65556.862339
-173.0,74,65575.037469
-254.0,155,65579.776808
-163.0,164,65583.872845
-236.0,137,65606.751611
-294.0,295,65619.505305
-136.0,37,65620.230537
-112.0,113,65620.953477
-229.0,230,65625.686035
-167.0,168,65636.223083
-154.0,55,65639.53209
-55.0,56,65640.658647
-242.0,243,65645.049832
-179.0,180,65649.418387
-205.0,106,65664.133844
-600.0,600,65673.236304
-259.0,160,65679.17106
-82.0,83,65679.537694
-156.0,57,65685.151492
-117.0,18,65686.249656
-151.0,52,65692.533073
-147.0,148,65693.633801
-65.0,66,65710.472988
-246.0,247,65735.376869
-159.0,160,65738.019718
-302.0,303,65751.636443
-195.0,196,65764.613254
-212.0,213,65772.209846
-277.0,278,65787.673621
-345.0,246,65801.52599
-141.0,142,65804.577535
-192.0,193,65809.823209
-207.0,108,65828.18913
-300.0,301,65847.209152
-120.0,121,65854.468392
-600.0,600,65857.513399
-150.0,151,65860.49926
-255.0,256,65867.060726
-183.0,184,65869.556713
-286.0,287,65870.981813
-162.0,63,65883.207781
-100.0,101,65883.916088
-85.0,86,65900.414516
-111.0,112,65907.361055
-159.0,160,65912.558786
-257.0,258,65922.122911
-125.0,126,65929.949111
-229.0,130,65930.734012
-203.0,204,65931.826946
-181.0,82,65942.706666
-216.0,117,65950.451853
-145.0,46,65967.413988
-76.0,77,65971.208231
-227.0,128,65977.08361
-133.0,134,65980.150121
-160.0,161,65981.683494
-143.0,44,65983.836273
-438.0,339,65995.133842
-69.0,70,65997.017231
-376.0,277,66002.493521
-201.0,202,66006.151752
-107.0,108,66016.621422
-163.0,64,66025.743325
-165.0,166,66044.344277
-187.0,188,66048.727045
-147.0,148,66049.119039
-185.0,186,66049.484067
-142.0,43,66064.971231
-205.0,206,66072.268245
-109.0,10,66075.968923
-44.0,45,66081.519782
-160.0,161,66084.948847
-123.0,124,66089.97948
-137.0,38,66095.484354
-150.0,151,66105.051272
-270.0,271,66105.456534
-116.0,17,66111.588668
-295.0,296,66125.142001
-343.0,244,66138.54675
-144.0,145,66143.484818
-284.0,185,66144.228473
-155.0,56,66146.132645
-239.0,140,66147.236015
-127.0,28,66157.457309
-71.0,72,66165.318513
-163.0,164,66172.416181
-80.0,81,66173.53625
-212.0,213,66183.735498
-268.0,269,66184.122902
-198.0,99,66194.013588
-110.0,111,66212.739713
-151.0,52,66212.739775
-109.0,110,66213.514086
-142.0,43,66229.02878
-204.0,205,66240.038196
-167.0,168,66244.784728
-196.0,97,66248.195194
-183.0,184,66251.078577
-109.0,110,66252.945268
-306.0,307,66256.594964
-125.0,26,66260.666523
-186.0,87,66261.070213
-362.0,363,66278.805161
-164.0,65,66280.308912
-102.0,103,66282.490502
-234.0,135,66289.483983
-180.0,81,66290.239969
-130.0,31,66293.900012
-117.0,118,66296.1042
-57.0,58,66300.065319
-244.0,145,66301.093738
-144.0,145,66313.85156
-116.0,17,66320.12833
-173.0,74,66323.065542
-175.0,76,66327.849713
-230.0,131,66337.393067
-113.0,14,66342.51934
-162.0,63,66343.273762
-133.0,134,66350.295543
-222.0,223,66362.101658
-384.0,285,66398.646574
-151.0,152,66399.440825
-320.0,321,66408.298668
-182.0,183,66410.242766
-233.0,234,66414.354688
-121.0,22,66422.69453
-73.0,74,66436.088892
-131.0,32,66447.935771
-262.0,263,66459.866459
-423.0,424,66480.386692
-231.0,232,66496.893673
-269.0,270,66499.572407
-173.0,74,66508.132531
-274.0,175,66513.370667
-173.0,74,66540.998396
-143.0,44,66661.835033
-157.0,158,66662.954617
-267.0,268,66664.496366
-273.0,174,66677.392486
-600.0,600,66678.165225
-89.0,90,66697.761021
-273.0,274,66703.272181
-120.0,121,66722.926316
-600.0,600,66727.444942
-175.0,176,66728.145415
-699.0,600,66749.924534
-340.0,241,66750.656884
-259.0,160,66762.027579
-182.0,183,66764.926956
-134.0,35,66774.867214
-112.0,13,66779.668368
-148.0,49,66783.024658
-249.0,150,66783.02475
-286.0,287,66783.024764
-281.0,182,66794.084478
-220.0,121,66794.474528
-123.0,124,66825.271666
-212.0,213,66828.987021
-285.0,186,66851.36867
-360.0,361,66855.41106
-272.0,173,66857.578044
-110.0,11,66861.760521
-107.0,108,66868.84624
-280.0,281,66886.123895
-172.0,173,66888.747618
-209.0,110,66895.603631
-142.0,43,66911.285402
-228.0,129,66915.766259
-143.0,144,66938.59457
-241.0,242,66939.640269
-314.0,215,66940.044112
-150.0,51,66957.113992
-183.0,84,66970.37746
-272.0,173,66974.438276
-195.0,96,66992.42185
-287.0,288,66993.906382
-61.0,62,66997.081866
-591.0,592,66999.691353
-117.0,18,67000.451526
-43.0,44,67008.483176
-600.0,600,67013.966392
-289.0,290,67021.619408
-251.0,252,67032.163607
-162.0,63,67036.959349
-144.0,145,67061.424517
-195.0,96,67067.290574
-289.0,190,67069.901525
-127.0,28,67080.266917
-255.0,256,67093.670831
-288.0,289,67103.404307
-196.0,197,67109.848881
-106.0,7,67112.567685
-138.0,139,67113.34921
-112.0,113,67122.470767
-41.0,42,67128.972759
-204.0,105,67133.133729
-154.0,55,67133.133782
-184.0,185,67136.501633
-123.0,24,67142.097491
-118.0,19,67143.579332
-120.0,21,67151.524157
-150.0,51,67152.261543
-148.0,49,67170.206626
-188.0,189,67173.925321
-194.0,95,67186.459882
-600.0,600,67191.958125
-156.0,157,67199.990846
-157.0,58,67207.786071
-117.0,18,67214.47272
-153.0,54,67220.05329
-246.0,247,67220.391977
-187.0,88,67224.439712
-180.0,181,67236.916749
-316.0,317,67239.827581
-600.0,600,67243.519527
-191.0,192,67244.667116
-147.0,48,67257.412757
-116.0,17,67263.526213
-91.0,92,67270.462267
-203.0,204,67294.962071
-307.0,208,67296.057318
-186.0,87,67302.251128
-223.0,224,67326.635939
-308.0,309,67327.744077
-230.0,231,67328.121611
-302.0,303,67335.716788
-132.0,133,67345.319945
-129.0,30,67346.847124
-154.0,55,67348.721415
-137.0,138,67353.681045
-123.0,24,67357.692697
-257.0,158,67405.396458
-312.0,313,67411.000435
-148.0,149,67412.895166
-229.0,230,67413.328021
-344.0,245,67417.780442
-197.0,198,67418.943705
-78.0,79,67440.306152
-100.0,101,67450.377656
-273.0,274,67455.263447
-111.0,112,67459.384866
-127.0,128,67460.894333
-155.0,156,67463.505209
-118.0,19,67470.470547
-600.0,600,67485.814581
-186.0,87,67493.122394
-142.0,143,67493.46488
-213.0,114,67501.549231
-256.0,257,67514.062249
-123.0,124,67516.34881
-129.0,130,67533.940326
-197.0,98,67552.607159
-267.0,168,67555.096356
-120.0,121,67558.933087
-195.0,196,67565.936499
-314.0,315,67571.976575
-170.0,71,67579.073448
-123.0,124,67579.828121
-148.0,49,67584.284038
-72.0,73,67586.165277
-208.0,109,67595.821525
-164.0,65,67603.843506
-169.0,70,67610.157575
-119.0,20,67611.317892
-116.0,117,67615.341271
-314.0,315,67618.277305
-125.0,26,67624.81982
-130.0,131,67627.437179
-165.0,66,67634.412508
-161.0,162,67645.659895
-198.0,199,67669.217542
-600.0,600,67672.643858
-169.0,170,67687.779424
-211.0,212,67696.60867
-88.0,89,67705.395562
-266.0,267,67710.051526
-226.0,227,67718.665444
-165.0,66,67721.258537
-241.0,142,67740.536631
-123.0,124,67751.701194
-295.0,296,67755.756949
-195.0,196,67782.838187
-174.0,175,67786.301242
-218.0,219,67800.154375
-290.0,191,67811.530338
-168.0,169,67845.543987
-254.0,255,67846.294992
-600.0,600,67850.17431
-135.0,136,67850.537261
-137.0,138,67862.554705
-148.0,49,67868.301598
-323.0,324,67875.575637
-217.0,118,67888.871118
-600.0,600,67891.40924
-116.0,17,67897.578959
-148.0,49,67915.384667
-369.0,370,67922.029371
-123.0,24,67930.705442
-238.0,239,67933.237654
-202.0,203,67936.168151
-190.0,191,67937.679268
-152.0,153,67944.20556
-199.0,200,67948.110813
-93.0,94,67982.288007
-364.0,365,67982.630115
-211.0,112,67984.851268
-280.0,181,67998.945296
-359.0,260,68009.498846
-103.0,104,68019.994195
-216.0,117,68027.148938
-229.0,130,68029.73598
-138.0,39,68034.130445
-281.0,282,68040.134998
-304.0,305,68041.672834
-146.0,47,68047.192751
-409.0,310,68049.042306
-154.0,55,68054.538061
-150.0,51,68060.284983
-142.0,43,68062.846084
-137.0,138,68078.006616
-105.0,106,68093.433487
-188.0,89,68095.65404
-229.0,130,68096.77495
-246.0,247,68100.105633
-51.0,52,68112.78522
-100.0,101,68133.248709
-194.0,95,68148.372772
-157.0,58,68169.720469
-210.0,211,68178.741844
-246.0,247,68188.837741
-251.0,152,68189.959199
-192.0,93,68213.670551
-600.0,600,68221.05287
-185.0,86,68222.163615
-133.0,34,68226.266785
-212.0,113,68231.266713
-223.0,224,68253.227648
-600.0,600,68262.852571
-120.0,21,68270.738838
-122.0,123,68271.859052
-240.0,141,68273.457352
-117.0,118,68274.884811
-129.0,30,68281.906611
-600.0,600,68283.434759
-600.0,600,68300.91278
-212.0,113,68314.826661
-132.0,133,68323.742793
-291.0,192,68324.140536
-172.0,73,68327.871145
-143.0,44,68331.133003
-155.0,156,68340.604049
-239.0,240,68359.852206
-256.0,157,68381.086894
-288.0,289,68387.68947
-148.0,149,68395.071657
-208.0,209,68400.747368
-202.0,203,68405.365339
-648.0,549,68424.16092
-103.0,4,68425.7104
-158.0,59,68427.264639
-104.0,5,68427.641164
-277.0,278,68429.819021
-78.0,79,68455.862985
-177.0,178,68465.701333
-234.0,235,68473.779232
-260.0,261,68476.82014
-358.0,359,68491.41044
-106.0,107,68641.297216
-217.0,218,68645.786239
-108.0,109,68650.275703
-145.0,146,68681.505059
-125.0,126,68692.267039
-600.0,600,68751.461649
-298.0,199,68765.014137
-600.0,600,68783.595631
-600.0,600,68812.045953
-583.0,584,68826.952993
-516.0,517,68839.466342
-600.0,600,68860.772315
-235.0,236,68869.583638
-600.0,600,68900.181724
-112.0,113,68901.65691
-600.0,600,68969.447313
-600.0,600,68982.853664
-600.0,600,69029.312134
-600.0,600,69044.062366
-600.0,600,69056.269718
-600.0,600,69085.916645
-600.0,600,69116.140253
-600.0,600,69117.592716
-600.0,600,69184.785365
-600.0,600,69197.925726
-600.0,600,69243.383229
-600.0,600,69258.033136
-600.0,600,69270.406361
-600.0,600,69300.696098
-537.0,538,69310.408246
-600.0,600,69331.303764
-600.0,600,69400.607994
-600.0,600,69413.856784
-600.0,600,69460.42417
-600.0,600,69475.530654
-600.0,600,69487.648762
-600.0,600,69517.580465
-114.0,15,69523.100448
-600.0,600,69527.457026
-600.0,600,69548.127366
-600.0,600,69616.272281
-600.0,600,69629.578661
-600.0,600,69675.682838
-600.0,600,69690.310145
-600.0,600,69702.405977
-600.0,600,69737.461701
-600.0,600,69741.653261
-600.0,600,69762.44333
-129.0,30,69773.034773
-600.0,600,69830.383126
-600.0,600,69843.606929
-600.0,600,69890.190353
-600.0,600,69904.809048
-600.0,600,69916.92554
-600.0,600,69952.054735
-600.0,600,69956.377347
-600.0,600,69988.027744
-600.0,600,70045.038159
-600.0,600,70058.182129
-600.0,600,70104.127109
-600.0,600,70118.844199
-600.0,600,70131.105603
-600.0,600,70166.030955
-600.0,600,70170.346281
-600.0,600,70201.839295
-600.0,600,70259.002023
-600.0,600,70272.067446
-600.0,600,70318.522184
-600.0,600,70333.443297
-600.0,600,70345.635056
-600.0,600,70380.86854
-600.0,600,70385.276847
-520.0,521,70388.454255
-600.0,600,70857.815934
-600.0,600,70870.99321
-600.0,600,70917.308077
-600.0,600,70932.31137
-600.0,600,70944.494479
-600.0,600,70979.672302
-600.0,600,70984.03771
-600.0,600,70987.361051
-600.0,600,71073.226357
-600.0,600,71086.736574
-600.0,600,71132.546677
-600.0,600,71147.108223
-600.0,600,71159.183948
-600.0,600,71193.849555
-600.0,600,71198.258652
-600.0,600,71201.647897
-600.0,600,71287.61803
-600.0,600,71300.708535
-600.0,600,71346.568829
-600.0,600,71360.984019
-600.0,600,71373.037508
-600.0,600,71407.711107
-600.0,600,71411.944526
-600.0,600,71415.204141
-427.0,428,71438.913503
-600.0,600,71512.492481
-600.0,600,71557.425385
-600.0,600,71571.71931
-600.0,600,71583.581467
-600.0,600,71618.131351
-600.0,600,71622.390947
-600.0,600,71625.567446
-600.0,600,71649.517305
-600.0,600,71723.029078
-600.0,600,71768.554711
-600.0,600,71783.265878
-600.0,600,71795.357134
-600.0,600,71829.941502
-600.0,600,71834.165711
-600.0,600,71837.390733
-600.0,600,71861.860929
-600.0,600,71936.659767
-507.0,508,71977.063994
-600.0,600,71983.246073
-600.0,600,71998.126905
-600.0,600,72045.587599
-600.0,600,72049.950425
-600.0,600,72053.268066
-600.0,600,72077.628002
-600.0,600,72153.169919
-600.0,600,72193.427726
-600.0,600,72199.557565
-600.0,600,72214.299905
-600.0,600,72262.247447
-600.0,600,72266.531252
-600.0,600,72269.851248
-600.0,600,72294.730464
-245.0,246,72355.752293
-600.0,600,72370.394781
-600.0,600,72410.97598
-600.0,600,72417.272838
-600.0,600,72432.064518
-600.0,600,72479.050254
-600.0,600,72486.779636
-600.0,600,72511.028614
-600.0,600,72571.020458
-600.0,600,72585.359292
-586.0,487,73004.827379
-575.0,576,73015.633476
-203.0,104,73021.286785
-382.0,383,73021.99548
-600.0,600,73030.034351
-168.0,169,73030.034427
-379.0,380,73044.773314
-253.0,154,73059.252196
-175.0,176,73078.299136
-140.0,141,73080.53075
-263.0,164,73080.530803
-600.0,600,73091.87787
-203.0,104,73115.724959
-213.0,214,73136.255559
-377.0,278,73144.886796
-301.0,202,73153.204782
-386.0,387,73160.048473
-192.0,193,73161.534798
-335.0,236,73165.532353
-110.0,11,73165.53241
-177.0,78,73181.380069
-162.0,63,73182.847224
-109.0,10,73186.473715
-191.0,92,73198.509212
-209.0,210,73220.226341
-209.0,110,73220.581491
-341.0,242,73223.203793
-197.0,98,73233.64743
-331.0,332,73235.093373
-200.0,201,73237.671531
-66.0,67,73244.853643
-600.0,600,73245.589363
-194.0,195,73256.171752
-113.0,114,73274.049689
-154.0,155,73278.453224
-217.0,118,73279.535574
-196.0,97,73279.930505
-199.0,200,73291.558471
-172.0,73,73304.350736
-183.0,84,73309.740968
-195.0,96,73313.808423
-229.0,230,73326.824219
-205.0,206,73329.862593
-146.0,147,73344.260656
-316.0,317,73348.282877
-107.0,8,73351.127312
-230.0,131,73356.894196
-258.0,259,73366.971007
-274.0,175,73376.715184
-145.0,46,73393.141352
-140.0,141,73395.0357
-234.0,135,73405.393767
-348.0,249,73416.393185
-194.0,195,73421.482823
-120.0,121,73436.77171
-153.0,54,73440.771113
-111.0,12,73441.154802
-134.0,135,73443.644163
-252.0,153,73460.614675
-108.0,9,73463.994424
-160.0,61,73486.101011
-168.0,169,73504.981104
-110.0,11,73509.02801
-187.0,188,73509.028103
-105.0,6,73511.240721
-265.0,266,73512.772733
-600.0,600,73521.217441
-131.0,32,73524.428587
-209.0,110,73526.264041
-258.0,259,73535.307699
-600.0,600,73546.612145
-167.0,68,73570.934756
-227.0,128,73572.406179
-600.0,600,73583.768789
-236.0,137,73584.490004
-211.0,212,73587.823775
-202.0,203,73597.57786
-235.0,236,73606.130022
-137.0,38,73611.304925
-146.0,147,73625.306413
-113.0,14,73630.414374
-229.0,130,73631.467657
-359.0,360,73639.049722
-153.0,154,73639.416044
-301.0,202,73643.868969
-155.0,156,73644.261755
-43.0,44,73647.518403
-125.0,26,73653.408975
-179.0,80,73676.843494
-102.0,103,73677.183682
-237.0,138,73680.869864
-126.0,27,73686.708834
-226.0,127,73690.795877
-269.0,270,73709.723735
-203.0,204,73713.746042
-115.0,16,73719.706826
-282.0,183,73720.445312
-101.0,102,73728.134656
-126.0,27,73730.40622
-208.0,209,73753.71908
-114.0,115,73761.930948
-251.0,252,73773.30946
-182.0,183,73777.027806
-240.0,141,73779.907283
-193.0,194,73801.590005
-151.0,152,73809.749394
-600.0,600,73825.815322
-150.0,151,73835.444718
-264.0,165,73837.679144
-116.0,117,73844.769126
-50.0,51,73844.769201
-231.0,132,73885.999272
-230.0,231,73894.596749
-156.0,157,73902.446256
-600.0,600,73907.284174
-79.0,80,73915.598856
-163.0,64,73918.175125
-230.0,231,73920.309645
-61.0,62,73925.075469
-126.0,27,73928.018653
-326.0,227,73928.018727
-47.0,48,73945.186477
-217.0,118,73949.817478
-552.0,553,73964.520197
-103.0,104,73965.625635
-239.0,140,73966.420922
-148.0,49,73982.251102
-600.0,600,73992.825872
-105.0,6,73995.081361
-190.0,91,73998.652441
-168.0,169,74006.732519
-278.0,179,74014.902366
-113.0,14,74020.007881
-308.0,309,74032.25409
-295.0,296,74032.254148
-213.0,114,74047.590872
-237.0,238,74052.364956
-151.0,152,74053.405771
-188.0,89,74064.29578
-232.0,233,74066.577608
-243.0,144,74072.082703
-174.0,75,74080.889578
-190.0,91,74080.88964
-200.0,101,74089.345609
-180.0,81,74096.199713
-142.0,43,74096.571981
-283.0,284,74098.021254
-77.0,78,74109.209004
-230.0,131,74112.200243
-260.0,161,74130.589818
-281.0,282,74134.681261
-226.0,127,74135.401142
-213.0,114,74137.927482
-111.0,12,74139.052538
-222.0,123,74140.803314
-162.0,63,74158.170378
-54.0,55,74158.892823
-197.0,198,74169.799456
-147.0,48,74175.784845
-233.0,134,74179.598709
-76.0,77,74187.166196
-188.0,189,74209.686958
-270.0,271,74210.777506
-140.0,141,74221.285973
-215.0,116,74221.685462
-312.0,313,74223.219859
-125.0,26,74231.14432
-151.0,152,74231.144379
-224.0,125,74232.591901
-309.0,310,74250.393209
-196.0,97,74266.010451
-100.0,101,74267.498456
-115.0,116,74274.461354
-157.0,158,74280.372911
-103.0,104,74288.457928
-119.0,20,74295.625447
-252.0,253,74301.458075
-118.0,119,74323.826606
-271.0,172,74330.588316
-202.0,103,74339.401664
-103.0,4,74340.946546
-238.0,239,74353.58099
-317.0,218,74354.27789
-186.0,87,74362.331603
-202.0,203,74398.277941
-178.0,179,74406.204043
-194.0,195,74425.643944
-600.0,600,74429.750715
-170.0,71,74432.290483
-205.0,206,74437.895727
-136.0,37,74439.409747
-600.0,600,74440.512069
-133.0,34,74451.896764
-166.0,67,74454.50087
-71.0,72,74467.096386
-184.0,85,74469.370796
-324.0,225,74481.116563
-184.0,85,74483.403338
-183.0,84,74485.598314
-362.0,363,74487.072955
-153.0,154,74489.308322
-161.0,62,74492.279045
-600.0,600,74516.016416
-241.0,142,74519.308684
-106.0,107,74520.341264
-217.0,118,74526.431878
-147.0,148,74539.434932
-231.0,132,74540.147603
-148.0,149,74541.234169
-191.0,92,74549.30133
-107.0,8,74552.237078
-182.0,83,74556.580771
-173.0,74,74566.419497
-225.0,226,74571.541979
-93.0,94,74575.543753
-158.0,59,74588.043298
-148.0,49,74593.4821
-260.0,161,74610.957242
-208.0,209,74616.411241
-142.0,143,74623.711059
-204.0,205,74631.259086
-142.0,43,74632.01149
-116.0,117,74636.022943
-141.0,42,74647.185675
-287.0,188,74656.354243
-523.0,424,74674.598218
-279.0,180,74676.439342
-161.0,162,74682.731198
-125.0,26,74686.108379
-80.0,81,74704.576574
-240.0,141,74708.383777
-303.0,204,74711.019933
-121.0,122,74727.757427
-600.0,600,74738.493404
-91.0,92,74738.493459
-265.0,266,74745.145488
-214.0,115,74753.293616
-197.0,98,74773.925189
-114.0,115,74780.078058
-119.0,20,74781.190639
-148.0,149,74781.960979
-262.0,263,74782.341592
-210.0,211,74785.173809
-431.0,432,74789.150458
-133.0,34,74794.188562
-192.0,93,74943.863588
-324.0,225,74956.316001
-227.0,128,74961.309526
-110.0,11,74965.198497
-327.0,228,74965.198555
-128.0,29,74975.383491
-183.0,184,74984.866806
-220.0,221,74990.271466
-197.0,198,74994.949359
-274.0,275,75010.628462
-194.0,195,75013.249974
-248.0,149,75018.49736
-116.0,17,75019.652687
-183.0,84,75020.729141
-209.0,110,75024.743049
-312.0,213,75032.93112
-157.0,58,75039.812607
-142.0,43,75040.580735
-320.0,221,75055.441816
-223.0,124,75056.213125
-168.0,69,75058.102326
-138.0,39,75072.090705
-191.0,92,75088.586153
-290.0,191,75090.063558
-145.0,46,75106.418874
-107.0,8,75109.299947
-285.0,286,75122.856184
-235.0,236,75125.44351
-240.0,241,75126.499651
-172.0,173,75133.990571
-65.0,66,75150.318656
-161.0,62,75156.602624
-332.0,233,75193.854147
-151.0,152,75206.102222
-329.0,230,75206.856659
-600.0,600,75212.663043
-343.0,344,75213.35912
-276.0,277,75226.301756
-201.0,202,75230.35099
-121.0,22,75238.201774
-231.0,132,75241.815795
-125.0,26,75251.228419
-158.0,159,75263.502228
-264.0,165,75266.520448
-600.0,600,75273.389564
-207.0,108,75277.468171
-156.0,57,75284.299517
-62.0,63,75289.388295
-216.0,217,75291.871855
-298.0,199,75322.861704
-306.0,307,75323.218035
-272.0,273,75324.681787
-161.0,162,75331.627663
-271.0,172,75339.3399
-215.0,216,75366.721934
-216.0,117,75366.721992
-125.0,26,75376.219393
-122.0,123,75383.546525
-147.0,148,75385.046553
-283.0,284,75386.513613
-190.0,191,75392.0243
-220.0,221,75403.065995
-184.0,85,75415.766072
-128.0,129,75422.860946
-215.0,116,75425.3682
-228.0,229,75449.23226
-163.0,164,75450.693852
-199.0,100,75458.60336
-129.0,130,75462.19914
-305.0,206,75477.005048
-260.0,161,75483.143423
-110.0,11,75487.10344
-129.0,130,75505.15472
-600.0,600,75507.376406
-162.0,163,75507.744049
-380.0,381,75523.040524
-241.0,142,75538.022971
-246.0,247,75539.463313
-115.0,16,75543.755879
-339.0,240,75548.445963
-240.0,241,75563.454233
-121.0,122,75567.129094
-185.0,86,75574.539443
-207.0,208,75579.923036
-69.0,70,75588.646189
-245.0,246,75596.049006
-248.0,149,75602.273462
-133.0,34,75608.571595
-116.0,117,75609.643084
-303.0,304,75617.580215
-73.0,74,75635.461151
-173.0,74,75636.588247
-190.0,191,75644.166064
-152.0,153,75644.541885
-127.0,128,75682.651468
-297.0,298,75688.03729
-164.0,165,75704.037733
-263.0,264,75713.08314
-405.0,306,75713.083196
-190.0,191,75713.083209
-126.0,27,75722.870136
-135.0,136,75732.096923
-227.0,128,75734.638218
-108.0,109,75743.780713
-104.0,105,75751.486701
-157.0,58,75753.36076
-432.0,333,75756.23084
-600.0,600,75756.990385
-108.0,9,75760.299187
-157.0,58,75764.997458
-145.0,146,75766.452864
-104.0,105,75772.770293
-147.0,148,75776.740792
-136.0,37,75779.552545
-207.0,108,75790.415323
-131.0,32,75791.184385
-226.0,127,75799.089918
-294.0,195,75830.893506
-225.0,226,75838.229853
-226.0,227,75855.896241
-234.0,235,75862.989111
-281.0,282,75868.158517
-197.0,198,75872.293664
-240.0,141,75883.515383
-145.0,146,75892.789693
-132.0,133,75905.253623
-147.0,148,75922.892665
-246.0,147,75926.659799
-474.0,375,75929.603736
-128.0,129,75931.066221
-157.0,58,75944.265501
-222.0,223,75945.360019
-196.0,97,75964.896874
-220.0,221,75985.490383
-246.0,147,75996.98768
-204.0,205,76000.65533
-600.0,600,76010.049905
-183.0,184,76011.503999
-329.0,230,76014.0343
-334.0,335,76014.439488
-153.0,154,76020.318274
-110.0,11,76024.254166
-152.0,53,76029.279573
-182.0,83,76030.728631
-116.0,17,76035.488974
-188.0,89,76046.457585
-181.0,182,76051.587059
-211.0,112,76055.186261
-176.0,77,76063.640903
-308.0,209,76072.85536
-169.0,70,76076.828659
-169.0,70,76080.52576
-201.0,202,76103.775828
-222.0,123,76107.883928
-266.0,267,76108.242829
-119.0,120,76123.872757
-124.0,25,76133.044072
-354.0,255,76138.989758
-142.0,43,76148.847095
-236.0,237,76163.07935
-255.0,256,76166.102961
-285.0,186,76175.94215
-188.0,189,76177.439629
-173.0,174,76202.360314
-205.0,106,76204.572347
-117.0,118,76206.008481
-197.0,98,76211.672642
-139.0,140,76228.525119
-96.0,97,76237.977407
-600.0,600,76242.795585
-272.0,273,76248.573368
-218.0,119,76249.691339
-127.0,28,76258.842679
-158.0,59,76264.31698
-184.0,85,76269.08253
-166.0,167,76289.341598
-242.0,243,76293.319194
-132.0,133,76298.063207
-193.0,94,76303.094955
-368.0,269,76309.746231
-122.0,23,76318.008921
-600.0,600,76322.747586
-183.0,184,76325.693453
-105.0,106,76327.882665
-182.0,83,76328.23019
-123.0,124,76338.067891
-321.0,222,76344.589947
-115.0,116,76344.941947
-170.0,71,76363.677239
-118.0,119,76365.508423
-208.0,109,76367.295548
-169.0,70,76370.108974
-76.0,77,76372.330679
-131.0,132,76375.176742
-169.0,170,76386.696609
-173.0,74,76396.835018
-144.0,45,76402.91504
-117.0,118,76414.821181
-133.0,134,76415.607036
-142.0,143,76427.005503
-108.0,109,76436.377323
-199.0,200,76437.882092
-139.0,40,76450.768576
-88.0,89,76459.12815
-141.0,42,76466.159503
-184.0,185,76470.259507
-341.0,342,76487.513181
-95.0,96,76494.022008
-173.0,174,76500.918024
-251.0,252,76507.079605
-358.0,259,76508.901902
-144.0,45,76517.256812
-171.0,72,76520.220775
-257.0,158,76523.541353
-158.0,159,76528.016248
-114.0,15,76529.186147
-600.0,600,76535.390113
-88.0,89,76539.739953
-198.0,99,76545.206323
-195.0,196,76559.033183
-102.0,103,76565.687131
-104.0,105,76573.696207
-215.0,216,76595.810247
-138.0,139,76609.213895
-268.0,269,76637.595757
-117.0,118,76652.984535
-373.0,374,76657.16543
-256.0,257,76659.798944
-222.0,123,76683.608562
-321.0,322,76692.042115
-197.0,98,76693.57556
-208.0,109,76700.063281
-51.0,52,76711.086164
-102.0,3,76712.186666
-458.0,459,76713.732596
-208.0,109,76723.816275
-251.0,252,76746.355753
-188.0,89,76746.758145
-600.0,600,76749.743855
-146.0,147,76754.600923
-153.0,54,76926.703999
-267.0,168,76934.744513
-102.0,3,76935.84182
-228.0,129,76961.676312
-305.0,306,76966.072236
-83.0,84,76966.072321
-134.0,135,76975.518444
-600.0,600,76977.061315
-147.0,48,76979.238924
-291.0,292,76990.979839
-239.0,240,76998.858349
-295.0,296,77017.875409
-161.0,162,77028.926337
-105.0,106,77034.167553
-188.0,189,77040.996823
-137.0,38,77045.04165
-229.0,230,77068.76293
-166.0,167,77087.921519
-220.0,221,77090.496826
-114.0,15,77094.573847
-147.0,148,77097.155381
-436.0,337,77118.58403
-172.0,73,77124.201941
-298.0,199,77132.712907
-383.0,384,77142.558033
-61.0,62,77146.720647
-120.0,21,77151.809006
-196.0,197,77156.863907
-200.0,201,77179.815594
-334.0,335,77182.314768
-122.0,123,77192.101599
-273.0,174,77199.619871
-280.0,281,77210.192102
-186.0,187,77223.229459
-223.0,124,77223.602719
-142.0,43,77238.865075
-152.0,53,77242.047406
-256.0,257,77243.782145
-117.0,18,77250.069864
-185.0,186,77257.80513
-303.0,304,77289.398001
-249.0,150,77291.536962
-132.0,33,77301.080443
-247.0,148,77309.99834
-151.0,52,77309.998395
-507.0,508,77310.718993
-114.0,15,77315.894436
-308.0,309,77318.981091
-314.0,215,77325.643344
-361.0,362,77327.01617
-79.0,80,77337.906647
-105.0,6,77340.04913
-133.0,134,77347.920393
-83.0,84,77354.933262
-120.0,121,77358.000365
-356.0,357,77367.062809
-169.0,170,77369.139434
-53.0,54,77373.575243
-74.0,75,77373.92387
-169.0,170,77398.822151
-232.0,233,77408.099999
-280.0,281,77416.78312
-211.0,212,77431.80276
-152.0,53,77435.297163
-191.0,192,77440.606162
-212.0,213,77441.317478
-165.0,166,77466.355388
-116.0,117,77473.071243
-132.0,33,77478.048686
-328.0,229,77479.474714
-303.0,304,77480.497862
-127.0,128,77480.497927
-319.0,320,77481.192655
-95.0,96,77513.94861
-210.0,211,77514.651264
-110.0,111,77518.204806
-215.0,116,77518.584599
-218.0,119,77522.727543
-232.0,233,77523.084864
-143.0,44,77533.434044
-90.0,91,77554.321231
-123.0,124,77557.068769
-220.0,221,77557.410232
-342.0,243,77557.785487
-217.0,118,77559.518245
-218.0,119,77564.452621
-180.0,181,77577.528944
-170.0,71,77584.099523
-114.0,115,77596.821372
-139.0,40,77597.899398
-236.0,137,77605.137266
-138.0,139,77612.570328
-273.0,174,77614.680239
-176.0,177,77618.776146
-306.0,307,77639.423244
-101.0,102,77653.670807
-170.0,171,77655.788719
-327.0,228,77656.160398
-109.0,10,77657.180543
-260.0,161,77660.753891
-198.0,199,77666.740874
-266.0,167,77672.366663
-225.0,126,77683.590689
-311.0,212,77685.992082
-133.0,34,77695.349961
-123.0,124,77704.03004
-156.0,157,77712.164042
-159.0,160,77712.16411
-151.0,52,77713.631257
-270.0,171,77726.806299
-260.0,161,77742.436942
-193.0,94,77746.590601
-214.0,215,77747.613716
-128.0,29,77756.634546
-112.0,13,77761.089718
-305.0,306,77762.774219
-112.0,13,77765.570896
-198.0,199,77773.64111
-280.0,181,77775.41507
-189.0,190,77778.588988
-162.0,163,77783.533716
-126.0,27,77793.592581
-163.0,64,77798.900602
-179.0,180,77806.418654
-75.0,76,77806.418713
-174.0,175,77810.036538
-207.0,108,77812.968038
-190.0,91,77826.53941
-197.0,198,77836.741195
-132.0,33,77838.282559
-150.0,51,77854.870884
-140.0,141,77856.702186
-151.0,152,77864.16901
-306.0,307,77872.853014
-177.0,178,77876.45496
-143.0,44,77880.125567
-227.0,228,77880.475527
-52.0,53,77895.442599
-148.0,49,77897.653907
-269.0,270,77903.024731
-169.0,170,77916.036266
-233.0,234,77922.149529
-182.0,183,77922.502615
-98.0,99,77931.138517
-141.0,42,77931.138576
-161.0,162,77938.454081
-203.0,204,77945.821528
-192.0,93,77955.061846
-134.0,135,77970.325153
-321.0,222,77976.706847
-145.0,146,77990.682297
-216.0,117,77997.35269
-192.0,93,78004.171843
-297.0,298,78010.020328
-96.0,97,78038.931097
-259.0,260,78039.304111
-329.0,330,78049.210779
-208.0,209,78052.073809
-299.0,200,78062.363249
-155.0,56,78072.154537
-185.0,186,78076.444687
-205.0,106,78077.148331
-251.0,252,78087.498909
-116.0,117,78091.09139
-161.0,62,78098.706308
-205.0,206,78112.825752
-178.0,179,78126.866419
-212.0,113,78132.108532
-203.0,104,78136.443445
-175.0,176,78141.002053
-600.0,600,78146.874781
-103.0,104,78150.962692
-117.0,118,78170.386333
-86.0,87,78173.077812
-161.0,162,78196.142058
-239.0,140,78198.458971
-311.0,212,78210.212765
-439.0,340,78212.104069
-129.0,130,78218.366583
-70.0,71,78238.098965
-111.0,112,78259.224128
-249.0,250,78264.803989
-89.0,90,78271.072261
-272.0,173,78273.625334
-157.0,58,78280.5288
-600.0,600,78291.496525
-156.0,57,78291.857238
-256.0,257,78292.593008
-174.0,75,78300.881131
-170.0,71,78317.474298
-159.0,60,78322.640471
-126.0,127,78326.822356
-197.0,98,78327.19764
-195.0,96,78327.566224
-133.0,34,78330.215083
-161.0,62,78345.539124
-232.0,233,78349.92743
-71.0,72,78353.241855
-81.0,82,78357.151761
-195.0,96,78362.792331
-600.0,600,78370.957794
-177.0,178,78395.063566
-109.0,110,78402.843702
-148.0,149,78404.398807
-162.0,163,78413.012459
-284.0,185,78413.383927
-600.0,600,78415.951429
-175.0,76,78430.951602
-194.0,195,78442.253527
-187.0,88,78445.276392
-249.0,250,78448.946975
-95.0,96,78451.250335
-113.0,14,78454.119714
-184.0,185,78463.38719
-243.0,244,78494.108026
-218.0,119,78494.86747
-121.0,122,78498.866897
-269.0,270,78512.322612
-163.0,64,78518.103113
-276.0,177,78527.951202
-159.0,60,78539.788267
-179.0,80,78541.290204
-316.0,317,78546.600811
-278.0,279,78547.003441
-145.0,146,78551.664964
-82.0,83,78576.840387
-178.0,79,78580.575594
-227.0,128,78586.455553
-82.0,83,78610.690431
-190.0,91,78619.50642
-215.0,216,78619.853171
-259.0,260,78622.458909
-388.0,389,78635.535764
-177.0,178,78641.903114
-172.0,73,78649.39484
-131.0,32,78653.834707
-600.0,600,78661.461394
-152.0,153,78666.989397
-41.0,42,78669.278538
-337.0,338,78670.764202
-130.0,131,78684.117113
-184.0,185,78688.291469
-115.0,16,78690.169671
-162.0,63,78692.842342
-190.0,191,78719.800373
-201.0,102,78727.500905
-120.0,21,78727.500975
-272.0,173,78730.882809
-218.0,219,78905.352856
-194.0,195,78905.730207
-174.0,175,78915.409653
-73.0,74,78917.633553
-189.0,190,78925.29407
-126.0,27,78927.485856
-93.0,94,78928.259252
-64.0,65,78928.982845
-127.0,28,78938.245826
-186.0,87,78946.879853
-166.0,167,78951.22114
-141.0,142,78976.133101
-69.0,70,79001.476705
-600.0,600,79001.476763
-188.0,189,79019.385464
-151.0,52,79020.522042
-57.0,58,79022.68809
-368.0,269,79025.911708
-367.0,368,79038.557407
-337.0,338,79049.460753
-95.0,96,79054.290598
-186.0,87,79054.290654
-125.0,26,79059.113574
-163.0,64,79062.036213
-322.0,323,79063.841948
-197.0,198,79098.748482
-232.0,133,79108.590353
-251.0,152,79120.464541
-213.0,214,79141.676093
-142.0,43,79157.921499
-600.0,600,79158.305983
-168.0,169,79162.087586
-252.0,153,79177.619266
-196.0,197,79182.074924
-56.0,57,79183.139606
-228.0,129,79206.138259
-428.0,429,79213.944267
-302.0,203,79233.304166
-160.0,161,79241.894445
-600.0,600,79242.984128
-119.0,20,79250.40512
-181.0,182,79250.761863
-202.0,203,79253.02424
-138.0,39,79264.773171
-163.0,64,79265.505106
-183.0,184,79274.524676
-600.0,600,79277.566797
-125.0,126,79296.868113
-245.0,246,79304.210707
-193.0,194,79304.210783
-149.0,150,79307.49648
-143.0,144,79316.980254
-92.0,93,79338.133715
-274.0,175,79340.755856
-131.0,132,79352.48799
-127.0,128,79354.392176
-261.0,262,79361.028133
-71.0,72,79364.74784
-203.0,204,79371.303689
-187.0,88,79373.169341
-172.0,173,79380.393044
-128.0,129,79399.535051
-120.0,121,79416.507787
-406.0,407,79421.797251
-294.0,195,79424.684367
-174.0,175,79433.996511
-210.0,211,79437.022951
-163.0,64,79439.521038
-211.0,212,79440.94628
-47.0,48,79442.063503
-140.0,141,79449.93956
-230.0,231,79463.174155
-183.0,84,79469.652189
-219.0,120,79485.062295
-152.0,153,79489.111696
-164.0,165,79500.392751
-231.0,232,79505.473004
-201.0,102,79506.566281
-214.0,215,79514.481598
-200.0,101,79525.618716
-148.0,149,79553.702592
-191.0,192,79554.064336
-294.0,295,79555.875356
-170.0,171,79567.806645
-305.0,306,79573.272241
-120.0,21,79575.534591
-188.0,89,79588.188951
-237.0,238,79591.112014
-66.0,67,79599.859442
-254.0,255,79606.407766
-130.0,31,79611.231816
-120.0,21,79618.915827
-206.0,207,79629.15919
-210.0,211,79631.019061
-128.0,129,79635.286457
-306.0,307,79636.777212
-173.0,174,79636.777292
-155.0,56,79639.383688
-158.0,159,79649.088932
-128.0,29,79659.715881
-187.0,88,79661.195649
-231.0,132,79678.819838
-69.0,70,79686.423397
-238.0,139,79689.87428
-158.0,159,79694.805625
-267.0,268,79704.942828
-72.0,73,79706.415526
-197.0,198,79710.938084
-133.0,34,79720.313932
-113.0,114,79730.485441
-119.0,120,79736.000682
-212.0,113,79747.753905
-104.0,105,79749.626872
-348.0,349,79764.925696
-94.0,95,79765.300092
-212.0,213,79774.829195
-145.0,46,79782.138593
-104.0,105,79788.014905
-175.0,176,79811.821561
-270.0,271,79819.159434
-124.0,125,79820.262297
-245.0,246,79825.82498
-128.0,129,79829.177901
-125.0,26,79838.743585
-83.0,84,79842.787114
-220.0,221,79845.687041
-118.0,19,79852.655569
-209.0,110,79859.74981
-238.0,239,79875.436289
-600.0,600,79881.331706
-162.0,163,79885.75122
-167.0,68,79900.232661
-130.0,131,79900.589304
-173.0,174,79906.323805
-286.0,187,79907.054456
-272.0,273,79920.031409
-115.0,116,79923.394248
-113.0,14,79928.465489
-200.0,201,79932.800126
-174.0,75,79933.592339
-93.0,94,79934.28752
-49.0,50,79952.260545
-235.0,136,79956.297521
-216.0,117,79970.957606
-209.0,110,79972.804436
-243.0,244,79974.278581
-222.0,223,79981.570528
-132.0,33,79984.764213
-79.0,80,79985.479037
-185.0,186,79987.601976
-203.0,104,79990.146125
-105.0,106,80008.921982
-97.0,98,80016.512617
-261.0,162,80032.436313
-176.0,77,80036.690143
-154.0,155,80040.415557
-164.0,65,80056.003569
-290.0,191,80059.068977
-104.0,5,80060.96663
-352.0,353,80061.363294
-166.0,67,80061.363348
-222.0,223,80066.156014
-208.0,109,80080.223539
-182.0,183,80083.217225
-286.0,287,80091.67002
-216.0,117,80103.805932
-174.0,175,80124.467499
-124.0,125,80125.202464
-190.0,191,80129.874022
-192.0,193,80135.538555
-93.0,94,80137.364448
-254.0,255,80148.267217
-188.0,189,80151.084507
-56.0,57,80171.444712
-194.0,95,80171.444779
-183.0,84,80178.445199
-258.0,159,80181.773633
-255.0,156,80186.219505
-271.0,272,80189.482847
-160.0,61,80208.262091
-160.0,61,80211.59148
-211.0,212,80212.302071
-247.0,248,80214.830504
-232.0,133,80226.84926
-144.0,45,80227.923251
-129.0,130,80229.074993
-195.0,96,80249.722166
-228.0,129,80255.177096
-258.0,259,80265.701186
-303.0,304,80282.129201
-189.0,190,80298.297687
-188.0,189,80299.022759
-342.0,243,80301.834923
-138.0,139,80306.819178
-122.0,23,80307.175571
-160.0,161,80309.279542
-270.0,271,80325.82564
-65.0,66,80330.342503
-178.0,79,80337.029983
-198.0,199,80338.123731
-126.0,127,80346.649682
-172.0,73,80351.627972
-147.0,48,80354.061148
-214.0,215,80359.727728
-178.0,179,80361.482897
-178.0,79,80366.139177
-148.0,49,80371.446564
-211.0,212,80381.517093
-201.0,102,80387.542004
-86.0,87,80390.418923
-127.0,128,80391.833306
-165.0,66,80394.686747
-151.0,52,80400.11622
-307.0,208,80404.002775
-231.0,132,80408.286499
-155.0,56,80410.466766
-112.0,13,80415.131333
-148.0,149,80419.167807
-152.0,53,80427.484758
-98.0,99,80430.373171
-73.0,74,80430.747569
-254.0,155,80443.107112
-139.0,40,80444.600121
-167.0,68,80454.84986
-179.0,80,80472.649762
-200.0,101,80478.564409
-121.0,22,80480.44171
-261.0,262,80485.057701
-342.0,243,80486.470149
-166.0,167,80486.470207
-147.0,48,80495.628738
-217.0,218,80496.364259
-170.0,171,80514.974307
-105.0,106,80532.84481
-223.0,124,80539.861707
-178.0,179,80543.373539
-154.0,55,80552.160019
-132.0,133,80561.60885
-157.0,58,80563.709898
-102.0,3,80564.802292
-54.0,55,80571.465829
-48.0,49,80579.022601
-469.0,470,80581.167187
-278.0,279,80584.639606
-171.0,72,80590.197581
-306.0,307,80592.906394
-182.0,183,80604.179215
-343.0,344,80607.369463
-194.0,95,80623.310045
-228.0,129,80626.19605
-158.0,159,80634.647748
-146.0,47,80639.871052
-167.0,68,80649.837705
-155.0,156,80661.785357
-282.0,283,80671.671927
-139.0,140,80700.262664
-185.0,186,80700.990727
-283.0,284,80704.990173
-315.0,316,80704.990238
-229.0,130,80821.607806
-187.0,188,80833.275657
-199.0,100,80840.501132
-154.0,155,80859.562064
-63.0,64,80882.402852
-156.0,157,80889.718013
-249.0,150,80894.458485
-244.0,245,80896.608886
-600.0,600,80902.042615
-346.0,247,80910.601788
-127.0,128,80928.752034
-75.0,76,80929.50034
-156.0,57,80949.816345
-600.0,600,80958.725873
-145.0,146,80962.629576
-290.0,191,80962.978491
-261.0,262,80983.525942
-155.0,156,80984.275543
-267.0,268,80992.46576
-125.0,26,80992.828397
-514.0,515,80993.215001
-135.0,136,80998.112684
-223.0,124,81006.561537
-154.0,155,81017.81153
-284.0,185,81024.224711
-222.0,123,81027.743525
-130.0,31,81038.847067
-132.0,133,81053.601009
-328.0,229,81073.881653
-210.0,111,81078.449258
-242.0,243,81079.126436
-242.0,243,81084.475502
-215.0,216,81101.027445
-78.0,79,81106.995975
-171.0,172,81114.796563
-346.0,347,81116.214589
-231.0,132,81120.441052
-150.0,51,81125.114299
-302.0,303,81125.479302
-111.0,12,81129.394987
-110.0,111,81140.400879
-82.0,83,81154.998627
-243.0,244,81171.096672
-148.0,149,81173.584557
-192.0,193,81183.546407
-137.0,38,81197.055064
-121.0,122,81198.525869
-295.0,196,81199.244779
-257.0,258,81208.273569
-210.0,111,81210.76285
-113.0,114,81214.156612
-268.0,269,81236.202293
-170.0,71,81239.386316
-89.0,90,81242.64151
-226.0,127,81244.41193
-247.0,148,81249.60836
-190.0,191,81266.21274
-84.0,85,81269.353238
-165.0,66,81272.854326
-191.0,92,81276.685937
-600.0,600,81291.298097
-218.0,119,81315.025628
-143.0,144,81317.220249
-173.0,74,81317.591353
-140.0,141,81319.380104
-327.0,328,81324.434923
-152.0,153,81331.36817
-283.0,284,81337.152137
-125.0,26,81346.422982
-153.0,54,81350.813745
-173.0,174,81377.480045
-279.0,180,81381.899827
-186.0,187,81386.531958
-172.0,173,81386.532037
-300.0,201,81389.823978
-149.0,50,81395.554859
-150.0,151,81404.837368
-119.0,120,81429.7644
-80.0,81,81434.115816
-360.0,261,81440.24776
-166.0,67,81453.826545
-600.0,600,81457.107075
-192.0,193,81464.897444
-287.0,288,81484.817146
-232.0,133,81487.269749
-290.0,291,81493.520221
-279.0,180,81497.782431
-334.0,335,81505.849607
-93.0,94,81517.944272
-214.0,115,81534.393179
-229.0,230,81538.340906
-249.0,250,81542.236627
-228.0,129,81543.623399
-146.0,47,81551.037053
-183.0,184,81552.468143
-253.0,254,81554.635433
-130.0,31,81565.62155
-141.0,42,81580.525886
-226.0,227,81586.590132
-231.0,132,81599.492635
-261.0,262,81611.410021
-212.0,213,81614.288015
-218.0,219,81620.420113
-211.0,112,81620.810637
-224.0,225,81624.049893
-114.0,15,81626.189021
-177.0,78,81639.418977
-187.0,88,81651.951755
-246.0,147,81652.34327
-108.0,109,81662.92663
-254.0,255,81677.629452
-228.0,129,81685.035033
-119.0,120,81694.383401
-211.0,212,81700.990517
-151.0,52,81703.066758
-274.0,275,81711.393188
-452.0,453,81711.752645
-185.0,186,81716.998264
-126.0,27,81726.535914
-177.0,78,81730.259247
-223.0,224,81740.713532
-196.0,197,81745.941936
-136.0,37,81753.783641
-172.0,173,81754.535453
-223.0,124,81754.535506
-184.0,185,81767.369282
-96.0,97,81791.269978
-259.0,260,81805.633917
-223.0,124,81812.022481
-181.0,82,81820.249141
-205.0,206,81821.315388
-112.0,13,81825.905127
-272.0,273,81828.718517
-289.0,290,81830.887557
-159.0,60,81833.02302
-331.0,232,81838.369374
-144.0,45,81842.009143
-143.0,44,81848.699761
-291.0,292,81860.614603
-157.0,158,81861.699463
-229.0,130,81876.365386
-233.0,134,81892.714707
-170.0,171,81894.952573
-90.0,91,81896.073593
-172.0,73,81904.32092
-118.0,119,81907.143023
-246.0,247,81911.337058
-198.0,199,81912.445669
-106.0,7,81913.942472
-201.0,202,81923.706726
-180.0,81,81924.796534
-177.0,78,81934.536234
-123.0,124,81938.921547
-124.0,25,81943.484376
-156.0,57,81943.862945
-277.0,178,81955.769841
-183.0,84,81973.466404
-196.0,197,81981.897335
-303.0,204,81985.804999
-253.0,254,81994.055015
-309.0,210,81999.085932
-241.0,142,82006.289149
-189.0,190,82006.289207
-242.0,243,82030.042698
-173.0,174,82048.17232
-222.0,223,82053.155391
-145.0,146,82058.521404
-149.0,150,82059.973227
-171.0,172,82060.699377
-232.0,233,82065.26576
-302.0,203,82066.677063
-155.0,56,82068.214489
-115.0,116,82071.731323
-53.0,54,82079.784921
-164.0,65,82082.533888
-192.0,93,82087.811691
-158.0,59,82110.896949
-90.0,91,82115.537784
-109.0,110,82125.735716
-159.0,160,82127.284046
-153.0,154,82131.620281
-167.0,68,82137.42824
-191.0,92,82163.485935
-175.0,76,82167.470692
-160.0,161,82178.897896
-136.0,37,82182.108063
-303.0,304,82187.215283
-181.0,82,82195.787504
-333.0,334,82197.371129
-88.0,89,82213.686926
-254.0,255,82225.90693
-254.0,255,82231.891054
-238.0,139,82251.754037
-181.0,182,82253.292325
-194.0,95,82269.07583
-225.0,226,82284.351571
-163.0,164,82290.273003
-600.0,600,82294.940739
-123.0,124,82301.952874
-230.0,231,82304.288045
-115.0,16,82308.128149
-71.0,72,82312.451718
-158.0,159,82313.965204
-71.0,72,82318.303495
-354.0,355,82326.100537
-220.0,121,82342.343956
-173.0,74,82343.159534
-191.0,192,82344.381345
-146.0,47,82344.798831
-79.0,80,82350.071132
-142.0,43,82361.864446
-192.0,193,82388.259409
-117.0,118,82388.631237
-220.0,221,82394.329377
-137.0,138,82402.567074
-264.0,265,82406.473276
-192.0,193,82416.03964
-86.0,87,82419.679488
-155.0,56,82422.52724
-132.0,33,82431.351169
-241.0,242,82434.554726
-225.0,226,82444.403018
-158.0,59,82452.145549
-148.0,149,82459.187086
-211.0,212,82463.534217
-150.0,151,82469.706397
-129.0,130,82480.622312
-174.0,75,82496.105842
-120.0,21,82503.319838
-136.0,137,82507.511356
-250.0,251,82511.001806
-340.0,341,82514.863967
-202.0,203,82523.535247
-48.0,49,82531.991208
-250.0,251,82532.701163
-298.0,199,82533.450359
-94.0,95,82544.405126
-169.0,70,82548.24627
-139.0,140,82556.518233
-170.0,71,82556.878094
-212.0,113,82572.334663
-233.0,134,82591.243717
-254.0,255,82592.598045
-152.0,153,82601.935455
-185.0,186,82622.067068
-262.0,263,82625.487458
-128.0,129,82793.436975
-137.0,38,82794.452605
-249.0,150,82799.247487
-209.0,210,82801.323886
-374.0,275,82808.055664
-165.0,66,82817.029012
-209.0,210,82830.011673
-216.0,117,82833.517621
-180.0,81,82835.878389
-191.0,192,82843.896882
-600.0,600,82845.249148
-121.0,22,82852.892504
-196.0,197,82869.307652
-207.0,108,82890.648562
-163.0,164,82901.148382
-202.0,203,82906.720334
-209.0,210,82906.720391
-153.0,54,82909.617618
-97.0,98,82941.255044
-142.0,143,82951.461796
-238.0,139,82955.856546
-83.0,84,82985.151524
-319.0,320,82985.929672
-587.0,488,82992.535788
-134.0,135,82993.669238
-161.0,62,83008.941799
-599.0,600,83015.528008
-167.0,68,83019.826534
-141.0,42,83025.240946
-417.0,318,83029.512419
-119.0,120,83032.181587
-194.0,195,83032.549381
-127.0,28,83043.210328
-600.0,600,83050.177015
-251.0,152,83050.954118
-231.0,132,83066.295888
-143.0,144,83075.044578
-120.0,121,83078.522322
-232.0,133,83080.394981
-146.0,147,83081.55508
-190.0,91,83085.101055
-150.0,151,83108.500768
-220.0,121,83130.73364
-281.0,282,83150.177242
-230.0,231,83153.610878
-301.0,202,83156.562019
-287.0,188,83179.246936
-276.0,277,83186.162461
-287.0,288,83187.322525
-189.0,190,83202.260849
-437.0,338,83202.62004
-257.0,158,83209.708189
-121.0,22,83218.129906
-156.0,57,83224.300374
-187.0,188,83224.717428
-180.0,181,83225.110119
-115.0,116,83230.15933
-122.0,23,83234.09765
-169.0,170,83266.675405
-192.0,93,83269.022034
-237.0,138,83270.512035
-236.0,237,83277.018763
-135.0,36,83282.729637
-301.0,302,83293.895217
-204.0,205,83302.354168
-211.0,212,83305.363463
-197.0,198,83305.363522
-133.0,34,83315.200199
-178.0,179,83334.838395
-245.0,146,83338.373117
-297.0,198,83352.439102
-152.0,53,83355.110206
-103.0,4,83356.628776
-289.0,290,83380.795712
-194.0,95,83388.507943
-117.0,18,83395.313672
-242.0,243,83397.628401
-302.0,303,83409.038091
-263.0,264,83415.496262
-100.0,101,83419.357485
-183.0,184,83426.510071
-269.0,270,83440.622683
-194.0,95,83444.752015
-116.0,17,83447.073362
-125.0,26,83454.606076
-160.0,61,83470.293784
-161.0,162,83476.656149
-184.0,185,83496.149393
-214.0,215,83500.381819
-198.0,99,83507.510815
-306.0,307,83511.449538
-307.0,308,83514.099062
-191.0,192,83527.097941
-175.0,76,83528.95956
-600.0,600,83532.388226
-183.0,84,83542.798711
-76.0,77,83542.798766
-134.0,35,83545.45689
-143.0,144,83550.420995
-101.0,102,83583.852208
-199.0,100,83587.973138
-233.0,234,83595.817558
-331.0,332,83602.044533
-203.0,204,83606.281242
-184.0,185,83613.257332
-203.0,104,83623.856038
-201.0,102,83635.126674
-106.0,7,83637.79554
-110.0,111,83648.753059
-157.0,158,83648.753116
-346.0,347,83658.921918
-404.0,305,83658.921999
-178.0,179,83670.460517
-255.0,156,83683.257767
-150.0,151,83705.90047
-251.0,252,83709.041827
-147.0,148,83715.074028
-219.0,220,83732.005682
-263.0,264,83737.701926
-117.0,18,83744.391966
-190.0,191,83755.416154
-240.0,241,83761.417433
-132.0,133,83765.188668
-132.0,33,83767.880322
-127.0,28,83778.847309
-144.0,45,83782.60559
-338.0,339,83787.557934
-219.0,120,83790.275732
-254.0,155,83791.044318
-231.0,232,83797.301022
-162.0,63,83814.474061
-101.0,2,83815.230341
-240.0,141,83815.599034
-353.0,354,83841.046644
-263.0,164,83841.766128
-160.0,61,83864.321429
-237.0,138,83868.260732
-246.0,247,83877.372504
-241.0,242,83883.867351
-115.0,116,83886.275341
-265.0,266,83917.274845
-200.0,101,83924.559509
-172.0,173,83930.30234
-149.0,150,83934.574629
-368.0,369,83938.371969
-240.0,241,83960.064571
-210.0,211,83964.305122
-171.0,72,83965.823707
-114.0,15,83970.112741
-178.0,79,83990.376342
-189.0,190,83997.268167
-171.0,72,83997.635565
-135.0,36,84004.181871
-600.0,600,84017.22074
-228.0,229,84018.021096
-152.0,53,84024.555911
-170.0,71,84024.555968
-129.0,30,84036.073057
-66.0,67,84043.011197
-217.0,118,84043.011256
-309.0,210,84046.431638
-198.0,99,84062.429928
-455.0,356,84070.843549
-223.0,124,84083.549471
-209.0,110,84085.108856
-205.0,106,84087.116267
-215.0,116,84087.522057
-281.0,182,84087.889449
-204.0,105,84126.756297
-124.0,25,84136.335594
-139.0,140,84136.727172
-600.0,600,84146.559311
-143.0,44,84153.525805
-275.0,176,84154.627438
-255.0,256,84159.965591
-234.0,235,84160.391913
-200.0,201,84161.568199
-135.0,36,84167.124856
-132.0,33,84167.124946
-195.0,96,84172.699449
-110.0,111,84203.219491
-120.0,121,84205.545435
-87.0,88,84205.934021
-112.0,13,84208.240796
-127.0,28,84216.373716
-139.0,40,84221.233014
-179.0,180,84228.55466
-404.0,405,84240.802838
-322.0,223,84251.352112
-350.0,251,84261.862837
-161.0,162,84269.3866
-178.0,179,84288.632683
-64.0,65,84293.96913
-317.0,218,84298.547646
-155.0,156,84310.115773
-159.0,60,84316.543207
-168.0,169,84325.632869
-128.0,29,84327.555113
-279.0,280,84333.956611
-240.0,141,84352.002334
-119.0,120,84355.890362
-95.0,96,84364.188793
-206.0,207,84367.338407
-345.0,346,84372.074093
-600.0,600,84374.017078
-108.0,109,84375.860396
-148.0,49,84383.153692
-157.0,58,84395.974503
-216.0,117,84400.555028
-149.0,50,84419.377732
-220.0,121,84421.730273
-161.0,162,84429.139662
-127.0,128,84431.849677
-115.0,116,84440.197024
-303.0,304,84441.72505
-163.0,64,84444.009343
-245.0,246,84465.094889
-314.0,315,84471.511484
-193.0,94,84479.102905
-76.0,77,84494.15579
-275.0,176,84495.276878
-195.0,96,84507.712557
-260.0,261,84520.261694
-333.0,234,84529.905161
-260.0,261,84530.271124
-261.0,262,84538.885738
-166.0,67,84545.678673
-144.0,45,84546.785404
-229.0,130,84557.061396
-167.0,168,84559.046447
-151.0,52,84566.813941
-234.0,135,84590.24613
-169.0,170,84594.889445
-309.0,310,84596.855508
-273.0,274,84598.438574
-221.0,122,84605.784175
-144.0,145,84612.509236
-200.0,201,84622.265025
-116.0,117,84639.525809
-303.0,204,84644.701661
-130.0,131,84648.581931
-76.0,77,84652.031468
-43.0,44,84668.959776
