#{"t_start": 1769090868.176596, "env_id": "None"}
r,l,t
-287.0,188,14.22475
-497.0,398,23.688445
-600.0,600,33.194432
-600.0,600,33.194504
-600.0,600,33.194516
-600.0,600,33.194547
-600.0,600,33.194556
-600.0,600,33.194563
-600.0,600,54.171869
-449.0,350,71.693632
-600.0,600,76.904528
-600.0,600,99.12534
-600.0,600,99.125402
-600.0,600,99.125412
-600.0,600,99.12542
-600.0,600,99.125428
-120.0,21,101.439111
-123.0,24,104.030715
-600.0,600,119.584963
-600.0,600,137.422636
-600.0,600,142.59042
-149.0,50,148.376015
-603.0,504,154.505548
-117.0,18,156.461012
-600.0,600,165.137146
-600.0,600,165.137211
-600.0,600,165.137223
-202.0,103,167.795208
-600.0,600,169.965559
-205.0,106,179.46869
-600.0,600,185.801111
-600.0,600,203.701449
-600.0,600,214.410309
-600.0,600,230.744653
-600.0,600,230.744709
-600.0,600,230.74472
-105.0,6,231.406554
-600.0,600,235.792958
-600.0,600,244.951879
-600.0,600,251.22309
-318.0,219,254.526448
-600.0,600,269.476701
-600.0,600,280.362086
-600.0,600,296.88615
-600.0,600,297.528913
-103.0,4,298.00397
-600.0,600,301.70887
-600.0,600,311.121038
-600.0,600,317.576015
-600.0,600,320.982455
-600.0,600,335.876841
-379.0,280,343.087571
-600.0,600,347.09628
-549.0,450,352.321235
-600.0,600,364.172606
-290.0,191,364.420798
-600.0,600,365.378707
-600.0,600,385.59513
-600.0,600,388.83592
-153.0,54,394.728972
-600.0,600,403.426122
-600.0,600,414.293056
-600.0,600,419.446248
-600.0,600,431.156756
-600.0,600,431.39959
-600.0,600,432.343164
-600.0,600,452.454616
-600.0,600,461.889268
-600.0,600,470.567839
-600.0,600,481.665006
-600.0,600,486.991918
-600.0,600,498.5876
-600.0,600,498.843472
-600.0,600,499.753546
-111.0,12,500.226761
-600.0,600,519.768995
-600.0,600,711.060303
-600.0,600,719.549471
-600.0,600,730.570625
-600.0,600,736.21985
-600.0,600,747.957987
-600.0,600,749.132862
-600.0,600,749.583782
-600.0,600,769.4274
-600.0,600,778.891455
-600.0,600,787.455206
-600.0,600,798.315841
-600.0,600,803.480937
-600.0,600,815.589201
-600.0,600,816.716028
-600.0,600,817.177223
-600.0,600,836.924959
-600.0,600,846.625826
-600.0,600,855.428034
-600.0,600,866.385155
-600.0,600,871.905217
-151.0,152,872.719997
-600.0,600,884.024755
-600.0,600,885.19516
-600.0,600,885.626399
-600.0,600,905.291101
-600.0,600,914.939705
-600.0,600,934.642468
-190.0,191,936.425127
-600.0,600,940.041736
-600.0,600,940.797253
-600.0,600,951.689884
-600.0,600,952.798238
-600.0,600,953.275334
-600.0,600,972.734968
-600.0,600,1001.226935
-600.0,600,1002.943613
-600.0,600,1006.605966
-600.0,600,1007.332219
-600.0,600,1018.337822
-600.0,600,1019.426288
-600.0,600,1019.928325
-600.0,600,1039.50901
-600.0,600,1068.871269
-600.0,600,1070.820463
-600.0,600,1074.455328
-600.0,600,1075.272169
-600.0,600,1086.573148
-600.0,600,1087.747556
-600.0,600,1088.254904
-358.0,259,1100.525614
-600.0,600,1107.822649
-337.0,338,1126.458329
-600.0,600,1137.408521
-600.0,600,1142.442374
-102.0,3,1142.753189
-600.0,600,1143.186809
-600.0,600,1154.288333
-600.0,600,1155.409092
-600.0,600,1168.26278
-600.0,600,1175.52415
-600.0,600,1194.020831
-600.0,600,1204.821055
-600.0,600,1210.377067
-600.0,600,1210.813377
-600.0,600,1222.191585
-600.0,600,1223.324629
-443.0,344,1232.767933
-600.0,600,1235.903596
-600.0,600,1243.344285
-249.0,150,1249.954412
-105.0,6,1250.683042
-600.0,600,1457.642921
-600.0,600,1463.376731
-600.0,600,1463.826354
-600.0,600,1474.767055
-600.0,600,1475.922932
-600.0,600,1489.230846
-600.0,600,1496.753315
-600.0,600,1504.050001
-441.0,442,1508.548755
-600.0,600,1532.18726
-600.0,600,1532.601773
-600.0,600,1543.826059
-600.0,600,1544.860348
-600.0,600,1557.696917
-238.0,239,1559.643491
-600.0,600,1564.925693
-600.0,600,1572.096837
-600.0,600,1576.54009
-600.0,600,1599.981186
-600.0,600,1611.751403
-600.0,600,1612.916878
-600.0,600,1625.682226
-593.0,594,1627.039287
-600.0,600,1633.042856
-600.0,600,1639.981477
-600.0,600,1644.190877
-600.0,600,1667.993018
-600.0,600,1679.714124
-600.0,600,1680.865543
-637.0,538,1688.288466
-305.0,206,1691.610576
-600.0,600,1693.673201
-600.0,600,1700.982435
-600.0,600,1708.079212
-600.0,600,1712.380363
-600.0,600,1747.03507
-600.0,600,1748.153704
-600.0,600,1755.232753
-600.0,600,1758.649319
-686.0,587,1759.279678
-180.0,81,1768.026317
-600.0,600,1768.371232
-600.0,600,1775.445219
-600.0,600,1779.676406
-600.0,600,1815.422497
-600.0,600,1816.617221
-443.0,444,1819.064878
-600.0,600,1823.78998
-600.0,600,1827.8189
-600.0,600,1836.349035
-189.0,190,1836.918197
-600.0,600,1843.849607
-600.0,600,1848.223969
-662.0,563,1883.580134
-600.0,600,1885.377594
-136.0,37,1887.915987
-587.0,588,1891.376849
-600.0,600,1896.949123
-122.0,23,1899.723952
-600.0,600,1905.814235
-600.0,600,1906.420289
-140.0,41,1910.667604
-600.0,600,1913.644047
-600.0,600,1918.073728
-153.0,54,1919.806571
-600.0,600,1953.520301
-429.0,430,1954.642803
-600.0,600,1955.998632
-600.0,600,1959.287201
-144.0,45,1959.788803
-513.0,414,1966.213585
-600.0,600,1967.733792
-482.0,483,1972.305794
-182.0,83,1977.288109
-600.0,600,1978.453198
-600.0,600,2186.270297
-600.0,600,2188.752038
-600.0,600,2191.991116
-600.0,600,2192.442667
-454.0,455,2194.144974
-600.0,600,2198.475902
-600.0,600,2204.312024
-600.0,600,2209.404881
-500.0,401,2234.245217
-600.0,600,2254.422799
-600.0,600,2260.380422
-600.0,600,2260.816858
-600.0,600,2262.544506
-600.0,600,2266.952381
-600.0,600,2272.854534
-600.0,600,2277.528289
-600.0,600,2302.166824
-600.0,600,2322.018693
-600.0,600,2328.0405
-600.0,600,2328.526964
-600.0,600,2330.299176
-600.0,600,2334.803245
-107.0,8,2335.658684
-600.0,600,2340.562372
-600.0,600,2345.24015
-359.0,260,2357.713411
-439.0,340,2360.442865
-600.0,600,2370.104863
-600.0,600,2396.026058
-600.0,600,2398.29375
-600.0,600,2403.739938
-600.0,600,2408.605639
-147.0,148,2412.592037
-600.0,600,2413.437851
-600.0,600,2425.612563
-683.0,584,2426.699371
-600.0,600,2437.955613
-403.0,404,2454.398689
-600.0,600,2466.371309
-600.0,600,2471.803521
-600.0,600,2480.956927
-600.0,600,2481.773195
-600.0,600,2494.474789
-600.0,600,2495.542112
-600.0,600,2506.775617
-600.0,600,2522.645303
-600.0,600,2534.329355
-600.0,600,2539.55119
-600.0,600,2548.954449
-600.0,600,2549.752533
-600.0,600,2562.16293
-600.0,600,2563.110767
-600.0,600,2574.463852
-600.0,600,2591.383205
-450.0,451,2591.655098
-600.0,600,2603.222284
-600.0,600,2617.577443
-600.0,600,2618.381039
-600.0,600,2630.413765
-600.0,600,2631.337781
-326.0,327,2639.611456
-600.0,600,2642.47403
-600.0,600,2658.777627
-600.0,600,2659.047834
-472.0,373,2684.440702
-600.0,600,2684.759954
-600.0,600,2685.499279
-600.0,600,2698.058756
-600.0,600,2699.041571
-373.0,374,2700.878715
-600.0,600,2707.346107
-600.0,600,2727.180914
-600.0,600,2926.315485
-600.0,600,2926.651213
-600.0,600,2927.402238
-268.0,269,2930.928955
-162.0,63,2934.540656
-600.0,600,2939.600462
-600.0,600,2940.645826
-600.0,600,2942.512564
-198.0,199,2948.971904
-600.0,600,2948.971995
-119.0,120,2954.21119
-600.0,600,2994.243439
-600.0,600,2999.198291
-122.0,23,3001.748103
-600.0,600,3002.670161
-600.0,600,3007.854239
-600.0,600,3010.806745
-600.0,600,3017.333781
-600.0,600,3017.333858
-600.0,600,3022.405149
-109.0,110,3023.113036
-600.0,600,3062.276978
-100.0,1,3062.417029
-600.0,600,3069.831525
-600.0,600,3070.726394
-597.0,498,3073.929335
-600.0,600,3076.128913
-600.0,600,3085.390037
-600.0,600,3090.418591
-279.0,180,3090.965074
-699.0,600,3091.205729
-180.0,81,3100.144664
-195.0,96,3101.261761
-185.0,186,3106.197768
-178.0,179,3111.553044
-67.0,68,3119.397461
-186.0,87,3129.311683
-600.0,600,3130.746917
-345.0,246,3134.425
-600.0,600,3137.894834
-560.0,561,3139.651444
-600.0,600,3142.008652
-157.0,158,3147.174259
-229.0,130,3149.048999
-205.0,106,3149.860681
-253.0,154,3159.359748
-201.0,202,3162.460175
-600.0,600,3168.334698
-600.0,600,3169.444627
-369.0,270,3179.821056
-217.0,218,3184.034901
-180.0,81,3188.635091
-147.0,48,3189.240389
-312.0,213,3192.258051
-600.0,600,3198.24361
-600.0,600,3215.084003
-600.0,600,3217.815054
-39.0,40,3222.502187
-232.0,233,3225.229156
-600.0,600,3230.752451
-600.0,600,3237.352394
-144.0,45,3242.508935
-600.0,600,3257.027466
-600.0,600,3257.625193
-600.0,600,3260.812262
-600.0,600,3283.511949
-600.0,600,3290.72874
-600.0,600,3293.382535
-600.0,600,3298.860006
-600.0,600,3311.149815
-600.0,600,3325.200346
-600.0,600,3325.7298
-600.0,600,3328.761662
-289.0,190,3346.560499
-600.0,600,3351.525854
-600.0,600,3358.788185
-600.0,600,3361.54102
-102.0,3,3361.896876
-600.0,600,3366.87167
-247.0,148,3375.627069
-600.0,600,3379.231331
-472.0,373,3389.155641
-600.0,600,3394.129734
-600.0,600,3397.148648
-600.0,600,3419.734054
-600.0,600,3429.899362
-600.0,600,3434.838143
-600.0,600,3443.622576
-147.0,148,3446.480079
-600.0,600,3446.944496
-43.0,44,3451.368963
-600.0,600,3456.931725
-600.0,600,3461.779437
-383.0,384,3463.115515
-253.0,254,3463.693781
-600.0,600,3464.952154
-265.0,166,3465.93637
-428.0,329,3671.738523
-600.0,600,3680.123915
-135.0,136,3686.714719
-600.0,600,3687.755956
-101.0,2,3687.981219
-600.0,600,3692.959189
-600.0,600,3697.435498
-600.0,600,3698.589198
-600.0,600,3699.151299
-600.0,600,3700.362081
-170.0,71,3705.216331
-541.0,442,3728.082304
-285.0,186,3748.585016
-600.0,600,3752.326138
-600.0,600,3753.559621
-600.0,600,3758.700354
-600.0,600,3764.404606
-600.0,600,3764.926849
-600.0,600,3766.057194
-600.0,600,3770.893645
-351.0,252,3776.136065
-408.0,309,3785.85645
-397.0,298,3785.856519
-240.0,241,3790.663547
-127.0,128,3799.993137
-172.0,173,3809.862672
-600.0,600,3824.342448
-600.0,600,3830.823291
-600.0,600,3832.010325
-37.0,38,3836.057546
-600.0,600,3836.702406
-600.0,600,3841.930217
-275.0,176,3849.866092
-128.0,129,3850.086415
-600.0,600,3851.833881
-600.0,600,3865.802001
-600.0,600,3875.590448
-42.0,43,3880.248254
-600.0,600,3890.480172
-547.0,448,3899.7644
-90.0,91,3900.53088
-600.0,600,3902.912724
-600.0,600,3908.248868
-263.0,264,3909.777943
-600.0,600,3916.305382
-600.0,600,3918.109032
-600.0,600,3932.10636
-416.0,417,3948.614693
-600.0,600,3965.494467
-600.0,600,3966.241161
-585.0,486,3971.108842
-600.0,600,3973.705061
-600.0,600,3975.137957
-600.0,600,3981.759146
-82.0,83,3982.801691
-98.0,99,3992.632458
-171.0,172,3994.067346
-600.0,600,3997.605509
-110.0,111,4004.56476
-356.0,257,4010.964083
-164.0,65,4011.847696
-167.0,168,4012.389664
-600.0,600,4014.16136
-457.0,458,4015.452325
-67.0,68,4018.292478
-68.0,69,4019.753739
-41.0,42,4019.866331
-123.0,24,4020.905268
-673.0,574,4028.676901
-600.0,600,4036.312388
-329.0,330,4055.53584
-435.0,436,4059.004339
-285.0,286,4059.685327
-45.0,46,4060.634063
-600.0,600,4062.992298
-67.0,68,4067.304977
-64.0,65,4070.041265
-600.0,600,4079.618912
-600.0,600,4085.651215
-600.0,600,4086.644735
-191.0,92,4090.085278
-600.0,600,4103.282247
-202.0,203,4126.225207
-600.0,600,4126.775849
-600.0,600,4128.319204
-600.0,600,4134.989532
-600.0,600,4137.818694
-567.0,568,4150.09851
-600.0,600,4155.06889
-600.0,600,4158.471227
-31.0,32,4158.790216
-243.0,244,4162.913192
-42.0,43,4163.12574
-52.0,53,4164.546653
-33.0,34,4166.647813
-69.0,70,4170.921093
-59.0,60,4173.333807
-106.0,107,4176.36474
-145.0,146,4187.271608
-132.0,133,4191.419899
-600.0,600,4193.911041
-698.0,599,4194.375418
-134.0,35,4195.345156
-600.0,600,4196.024082
-185.0,86,4203.930345
-600.0,600,4205.68226
-75.0,76,4344.067046
-285.0,186,4346.04868
-288.0,189,4347.008681
-30.0,31,4347.323154
-600.0,600,4347.437847
-157.0,158,4351.550427
-68.0,69,4354.749467
-72.0,73,4362.824099
-687.0,588,4369.241719
-180.0,181,4372.100985
-137.0,138,4378.778305
-43.0,44,4383.721102
-600.0,600,4384.778396
-55.0,56,4391.032037
-600.0,600,4391.357404
-155.0,156,4401.274083
-159.0,160,4409.220045
-600.0,600,4414.01699
-600.0,600,4415.385886
-600.0,600,4415.501019
-32.0,33,4417.898167
-77.0,78,4418.22366
-405.0,406,4418.223724
-29.0,30,4419.059139
-573.0,474,4423.29754
-49.0,50,4428.890266
-132.0,133,4433.262871
-600.0,600,4459.581244
-64.0,65,4467.070419
-451.0,352,4468.959521
-600.0,600,4469.80827
-199.0,100,4481.202499
-600.0,600,4483.840174
-600.0,600,4486.161494
-600.0,600,4486.526188
-600.0,600,4487.37796
-59.0,60,4490.709253
-153.0,54,4496.896551
-132.0,133,4501.604954
-600.0,600,4501.605022
-220.0,221,4525.953939
-347.0,248,4528.982901
-600.0,600,4534.632602
-345.0,346,4535.278089
-58.0,59,4535.716485
-600.0,600,4536.383482
-25.0,26,4538.0665
-60.0,61,4544.813892
-537.0,538,4547.27799
-600.0,600,4548.163113
-42.0,43,4553.064935
-600.0,600,4553.178914
-128.0,29,4556.239364
-600.0,600,4593.523828
-43.0,44,4598.604035
-600.0,600,4602.403272
-600.0,600,4603.55974
-600.0,600,4604.24007
-600.0,600,4612.628833
-104.0,105,4615.199918
-600.0,600,4615.199985
-600.0,600,4621.193727
-600.0,600,4624.284636
-137.0,138,4628.559484
-149.0,150,4632.464868
-165.0,166,4643.313954
-502.0,503,4655.840268
-465.0,466,4668.564671
-600.0,600,4670.719441
-600.0,600,4672.40101
-155.0,156,4673.564223
-40.0,41,4678.041069
-327.0,328,4680.355326
-600.0,600,4689.108836
-142.0,43,4693.955271
-156.0,157,4695.638736
-600.0,600,4696.300403
-600.0,600,4700.042064
-302.0,203,4716.761264
-600.0,600,4736.450428
-600.0,600,4738.442007
-600.0,600,4740.176457
-36.0,37,4742.701329
-600.0,600,4748.759382
-244.0,145,4759.188717
-600.0,600,4763.973854
-600.0,600,4764.693306
-600.0,600,4768.555173
-90.0,91,4769.481861
-363.0,264,4770.308321
-167.0,68,4777.73931
-137.0,138,4780.08001
-30.0,31,4781.185691
-313.0,314,4783.974078
-600.0,600,4785.04909
-72.0,73,4792.079563
-356.0,257,4792.809975
-130.0,131,4794.842418
-294.0,295,4801.416298
-600.0,600,4803.810813
-325.0,226,4806.6872
-173.0,174,4811.878733
-103.0,104,4816.133178
-33.0,34,4819.955014
-442.0,343,4824.002123
-530.0,531,4829.599708
-224.0,125,4843.858937
-357.0,258,4849.293619
-145.0,46,4854.350068
-103.0,104,4855.606444
-131.0,32,4857.988301
-600.0,600,4860.94608
-600.0,600,4863.046484
-106.0,7,4863.933271
-162.0,63,4868.267262
-395.0,396,4869.100996
-600.0,600,4869.997769
-130.0,131,4870.495821
-246.0,147,4874.873157
-600.0,600,4875.200399
-600.0,600,4880.44587
-124.0,125,4882.609339
-50.0,51,4886.155534
-142.0,143,4886.38288
-118.0,119,4888.421732
-122.0,123,4889.249751
-42.0,43,4891.362607
-110.0,111,4895.638271
-60.0,61,4895.775552
-161.0,62,4896.66755
-57.0,58,4903.115499
-250.0,151,4903.543442
-141.0,142,4907.941228
-90.0,91,5033.588742
-117.0,118,5037.173307
-585.0,486,5039.816544
-66.0,67,5047.290471
-600.0,600,5058.192439
-264.0,265,5058.326545
-600.0,600,5059.597958
-69.0,70,5066.162111
-40.0,41,5070.90114
-35.0,36,5075.012989
-188.0,189,5080.032074
-600.0,600,5084.686511
-600.0,600,5084.798922
-83.0,84,5094.105365
-306.0,207,5098.751283
-143.0,144,5100.882769
-600.0,600,5102.251096
-31.0,32,5104.429073
-600.0,600,5105.806343
-137.0,138,5109.719638
-96.0,97,5115.945497
-600.0,600,5116.564497
-600.0,600,5128.800714
-176.0,177,5136.488092
-600.0,600,5148.823493
-307.0,208,5152.241843
-69.0,70,5160.511756
-109.0,110,5161.732496
-631.0,532,5163.933067
-358.0,259,5166.366833
-600.0,600,5168.10573
-109.0,110,5173.148998
-600.0,600,5175.257652
-600.0,600,5178.98476
-33.0,34,5179.115413
-600.0,600,5185.42907
-214.0,115,5186.196397
-105.0,106,5191.0539
-44.0,45,5191.284201
-54.0,55,5191.617464
-75.0,76,5199.696647
-410.0,311,5201.563784
-139.0,140,5207.169088
-50.0,51,5213.055372
-130.0,131,5214.733718
-454.0,355,5219.669403
-26.0,27,5222.738409
-600.0,600,5230.468185
-600.0,600,5232.547342
-28.0,29,5235.879915
-600.0,600,5236.573388
-144.0,145,5239.281353
-228.0,229,5241.080123
-77.0,78,5248.199512
-21.0,22,5250.764459
-185.0,186,5251.726771
-150.0,151,5253.198697
-66.0,67,5258.5041
-153.0,154,5258.885178
-600.0,600,5260.66578
-98.0,99,5264.669823
-355.0,256,5266.03222
-600.0,600,5270.735376
-120.0,121,5274.677016
-160.0,161,5276.982007
-59.0,60,5281.300483
-600.0,600,5282.080514
-136.0,137,5292.321903
-217.0,118,5295.166038
-58.0,59,5298.789053
-38.0,39,5299.527359
-430.0,331,5308.157036
-600.0,600,5320.045714
-594.0,495,5320.858981
-323.0,224,5325.592004
-394.0,395,5326.480766
-600.0,600,5327.596565
-77.0,78,5329.601405
-131.0,32,5330.482056
-600.0,600,5334.848298
-64.0,65,5337.069055
-222.0,223,5351.649178
-213.0,214,5352.482215
-277.0,278,5353.522679
-154.0,155,5354.95226
-96.0,97,5363.132616
-102.0,103,5367.315428
-600.0,600,5369.198055
-128.0,29,5370.820631
-600.0,600,5378.219856
-190.0,91,5381.11568
-252.0,253,5381.990212
-212.0,113,5393.824462
-600.0,600,5399.921017
-600.0,600,5404.635532
-222.0,223,5407.724272
-39.0,40,5409.06012
-434.0,435,5413.623895
-118.0,119,5414.021662
-73.0,74,5416.523571
-600.0,600,5423.114104
-92.0,93,5424.419768
-276.0,277,5425.964418
-84.0,85,5435.908653
-600.0,600,5438.316852
-223.0,224,5439.369859
-141.0,142,5441.076162
-600.0,600,5447.768032
-100.0,101,5447.981982
-41.0,42,5452.773666
-51.0,52,5453.645855
-118.0,119,5454.859516
-161.0,162,5457.09921
-42.0,43,5457.530182
-36.0,37,5458.963238
-179.0,180,5460.09999
-58.0,59,5463.655308
-101.0,102,5468.965596
-23.0,24,5471.650239
-122.0,123,5474.057928
-120.0,121,5477.506399
-600.0,600,5478.247237
-547.0,548,5479.324064
-64.0,65,5484.926945
-124.0,125,5486.056659
-93.0,94,5490.25277
-600.0,600,5492.309714
-78.0,79,5494.352963
-526.0,427,5502.589202
-222.0,223,5504.04757
-105.0,106,5504.500968
-127.0,128,5505.05984
-174.0,175,5506.370381
-35.0,36,5508.632297
-72.0,73,5511.012692
-103.0,104,5516.115396
-121.0,122,5519.481101
-409.0,410,5521.820356
-115.0,116,5522.4117
-600.0,600,5528.473658
-25.0,26,5531.540947
-34.0,35,5535.769588
-140.0,141,5539.014298
-174.0,175,5540.09468
-119.0,120,5549.595268
-105.0,106,5551.205533
-45.0,46,5556.563319
-420.0,321,5559.213778
-600.0,600,5564.343547
-131.0,32,5567.852149
-119.0,120,5573.164271
-150.0,151,5574.116967
-600.0,600,5576.56297
-600.0,600,5580.887378
-109.0,110,5585.718976
-600.0,600,5585.95616
-163.0,164,5586.816344
-104.0,105,5588.514747
-65.0,66,5593.497494
-94.0,95,5597.645192
-147.0,148,5597.865786
-120.0,121,5599.621916
-57.0,58,5600.220167
-19.0,20,5602.070214
-37.0,38,5604.734955
-140.0,141,5604.851928
-600.0,600,5753.569605
-88.0,89,5756.612097
-83.0,84,5758.894147
-161.0,162,5760.778054
-600.0,600,5763.128906
-57.0,58,5765.381751
-138.0,139,5779.535246
-359.0,260,5783.845851
-313.0,314,5785.428858
-600.0,600,5787.823782
-115.0,116,5792.867318
-73.0,74,5794.078624
-54.0,55,5794.226727
-111.0,112,5796.99506
-27.0,28,5800.208967
-127.0,128,5808.114881
-600.0,600,5812.539162
-116.0,117,5814.290844
-600.0,600,5826.895765
-550.0,551,5830.176077
-600.0,600,5831.076585
-184.0,185,5835.744607
-63.0,64,5843.250309
-524.0,425,5844.180194
-168.0,169,5850.74483
-610.0,511,5853.939795
-241.0,242,5854.983524
-183.0,184,5864.397642
-325.0,326,5867.896582
-213.0,214,5875.358521
-600.0,600,5877.737771
-600.0,600,5881.886834
-125.0,126,5892.71876
-101.0,102,5894.093899
-71.0,72,5901.034725
-105.0,6,5901.719178
-94.0,95,5905.030392
-72.0,73,5913.507896
-600.0,600,5913.772928
-61.0,62,5920.785703
-274.0,175,5921.813965
-600.0,600,5923.484042
-600.0,600,5924.45728
-600.0,600,5934.197471
-600.0,600,5937.695165
-171.0,172,5942.095762
-166.0,167,5944.113154
-600.0,600,5945.229798
-91.0,92,5948.461764
-259.0,260,5951.267933
-159.0,160,5952.759935
-95.0,96,5953.114133
-129.0,130,5959.388906
-58.0,59,5960.246988
-67.0,68,5960.967369
-114.0,115,5961.981863
-154.0,155,5963.515495
-211.0,112,5964.423538
-40.0,41,5964.973722
-443.0,444,5965.357661
-118.0,19,5967.576888
-111.0,112,5975.061387
-139.0,140,5977.325834
-122.0,123,5981.765187
-169.0,170,5983.184198
-170.0,171,5984.228415
-87.0,88,5987.363751
-208.0,209,5989.410313
-600.0,600,5993.661696
-118.0,119,5998.138667
-139.0,140,5999.549987
-66.0,67,6001.487251
-88.0,89,6008.570584
-217.0,218,6012.782444
-132.0,133,6014.953296
-116.0,117,6014.953366
-138.0,139,6029.258042
-600.0,600,6029.548891
-291.0,292,6042.989226
-580.0,581,6043.102868
-123.0,124,6044.19962
-50.0,51,6049.105371
-54.0,55,6050.552332
-600.0,600,6052.263228
-600.0,600,6059.639973
-277.0,178,6063.714072
-175.0,176,6072.766659
-130.0,131,6075.069753
-286.0,287,6083.00885
-600.0,600,6086.045751
-600.0,600,6086.045815
-67.0,68,6091.244247
-43.0,44,6091.356414
-51.0,52,6097.368467
-600.0,600,6100.206447
-201.0,102,6103.333614
-45.0,46,6105.675416
-73.0,74,6106.014478
-180.0,81,6112.812237
-72.0,73,6114.557563
-90.0,91,6116.37846
-23.0,24,6119.23046
-600.0,600,6121.477749
-33.0,34,6125.293435
-600.0,600,6134.395229
-107.0,108,6137.668069
-26.0,27,6140.835745
-203.0,204,6142.560996
-74.0,75,6143.020576
-600.0,600,6143.289185
-107.0,8,6143.973978
-600.0,600,6145.574106
-44.0,45,6146.224248
-28.0,29,6146.903492
-109.0,10,6148.112309
-76.0,77,6155.70367
-600.0,600,6156.650866
-170.0,171,6164.435221
-190.0,191,6165.3604
-152.0,153,6166.180788
-132.0,133,6171.888972
-98.0,99,6177.651356
-115.0,116,6177.877249
-219.0,220,6181.025508
-600.0,600,6182.758877
-600.0,600,6184.581175
-172.0,173,6185.454814
-89.0,90,6188.307834
-103.0,104,6193.568795
-45.0,46,6193.810177
-433.0,434,6196.676552
-102.0,103,6196.812238
-47.0,48,6199.247614
-165.0,166,6204.965143
-101.0,102,6205.32131
-138.0,139,6215.285512
-129.0,130,6219.976431
-131.0,132,6220.582099
-273.0,274,6228.461891
-139.0,140,6236.848514
-169.0,170,6239.671086
-600.0,600,6241.758799
-50.0,51,6242.644902
-31.0,32,6243.27967
-164.0,165,6247.634081
-600.0,600,6247.753843
-159.0,60,6249.794852
-469.0,470,6251.393744
-73.0,74,6252.130744
-600.0,600,6252.891387
-53.0,54,6254.158382
-114.0,15,6255.817769
-78.0,79,6260.863054
-90.0,91,6261.504405
-174.0,175,6267.613835
-171.0,172,6272.352527
-99.0,100,6272.470589
-159.0,160,6273.984911
-539.0,540,6277.692029
-281.0,282,6282.218414
-382.0,383,6286.198862
-73.0,74,6286.538386
-60.0,61,6289.442784
-256.0,257,6291.676737
-83.0,84,6296.164141
-62.0,63,6303.592219
-168.0,169,6309.412746
-207.0,208,6310.778409
-80.0,81,6319.035234
-123.0,124,6325.369632
-59.0,60,6326.124027
-341.0,242,6332.70171
-600.0,600,6415.37662
-663.0,564,6417.686907
-600.0,600,6420.224281
-600.0,600,6420.336661
-257.0,158,6421.744121
-201.0,202,6426.084611
-106.0,107,6432.680712
-100.0,101,6433.362952
-228.0,229,6436.167912
-168.0,169,6437.243351
-112.0,113,6439.28717
-600.0,600,6439.287246
-58.0,59,6439.697143
-53.0,54,6439.838757
-334.0,235,6442.763293
-37.0,38,6443.701795
-69.0,70,6448.03681
-105.0,106,6451.762093
-116.0,117,6453.44875
-153.0,154,6454.402993
-83.0,84,6457.884818
-85.0,86,6462.022971
-101.0,102,6466.462846
-513.0,414,6468.679125
-49.0,50,6472.048731
-250.0,251,6473.053894
-141.0,142,6474.235451
-391.0,292,6476.840663
-142.0,143,6478.306113
-103.0,104,6484.379606
-121.0,122,6488.822787
-149.0,150,6490.828554
-330.0,331,6492.254408
-204.0,205,6492.731265
-35.0,36,6493.088989
-122.0,23,6494.876301
-73.0,74,6499.506513
-55.0,56,6499.652227
-600.0,600,6507.925305
-116.0,117,6508.951581
-113.0,114,6513.178329
-75.0,76,6518.072789
-316.0,217,6518.702148
-40.0,41,6523.301817
-203.0,204,6523.886816
-107.0,108,6536.620796
-223.0,224,6539.6238
-600.0,600,6548.005949
-600.0,600,6549.684544
-600.0,600,6555.48317
-194.0,95,6559.44952
-103.0,104,6562.081473
-201.0,202,6563.805211
-442.0,343,6564.178133
-135.0,136,6571.576764
-600.0,600,6579.028728
-145.0,146,6579.249931
-69.0,70,6579.840542
-19.0,20,6582.199509
-511.0,412,6585.511947
-169.0,70,6587.183986
-600.0,600,6588.733214
-86.0,87,6589.338948
-360.0,361,6601.625983
-168.0,169,6601.74081
-197.0,198,6608.60561
-171.0,172,6609.536684
-240.0,241,6615.459226
-554.0,455,6617.035165
-79.0,80,6618.959498
-153.0,154,6619.897873
-47.0,48,6625.627662
-94.0,95,6628.143013
-78.0,79,6628.143076
-231.0,132,6630.781321
-674.0,575,6631.371815
-202.0,203,6632.283435
-149.0,50,6638.481285
-448.0,349,6643.205637
-133.0,134,6644.30487
-146.0,147,6649.002436
-313.0,214,6650.926319
-563.0,564,6655.436473
-119.0,120,6657.343748
-138.0,139,6667.366992
-116.0,117,6669.17024
-114.0,115,6670.923897
-461.0,362,6686.903531
-600.0,501,6687.47152
-162.0,163,6688.239192
-584.0,485,6688.239251
-88.0,89,6698.785398
-92.0,93,6699.336074
-111.0,112,6700.798578
-38.0,39,6705.431576
-177.0,178,6707.997791
-317.0,318,6708.427603
-600.0,600,6709.322029
-612.0,513,6709.568472
-89.0,90,6709.893758
-40.0,41,6713.148831
-448.0,449,6720.238491
-91.0,92,6720.724883
-241.0,142,6721.983258
-121.0,122,6723.811569
-140.0,141,6724.409071
-141.0,142,6725.937559
-49.0,50,6727.887394
-352.0,253,6728.53459
-139.0,40,6728.534643
-135.0,136,6729.127374
-29.0,30,6729.470587
-116.0,117,6733.876012
-77.0,78,6737.648953
-55.0,56,6740.493964
-141.0,142,6741.103443
-44.0,45,6743.018396
-242.0,143,6744.750062
-36.0,37,6744.980211
-246.0,147,6746.528946
-185.0,186,6750.637845
-179.0,180,6750.885628
-257.0,258,6751.232925
-80.0,81,6754.670838
-146.0,47,6756.435457
-139.0,140,6759.668155
-141.0,142,6761.541796
-106.0,107,6763.787783
-20.0,21,6764.05222
-93.0,94,6765.657021
-229.0,130,6765.930561
-321.0,222,6772.94087
-240.0,141,6773.177818
-89.0,90,6774.828447
-151.0,152,6777.786435
-131.0,32,6778.624239
-164.0,165,6783.498629
-109.0,110,6786.185014
-180.0,181,6787.504225
-411.0,412,6790.065376
-112.0,113,6791.932193
-182.0,183,6799.485136
-325.0,226,6799.725258
-123.0,124,6800.972584
-440.0,341,6806.063117
-129.0,130,6807.187155
-174.0,175,6808.016228
-88.0,89,6809.926409
-220.0,221,6816.058037
-143.0,144,6816.299314
-137.0,138,6817.047989
-128.0,29,6819.565106
-452.0,353,6825.134333
-151.0,152,6825.253986
-83.0,84,6826.368406
-145.0,146,6834.344709
-266.0,267,6837.572873
-28.0,29,6837.684915
-155.0,156,6837.90143
-111.0,112,6838.333578
-114.0,15,6839.366261
-40.0,41,6842.306034
-54.0,55,6844.414924
-156.0,157,6844.797539
-79.0,80,6848.033343
-71.0,72,6848.182269
-298.0,199,6848.789554
-452.0,353,6852.071708
-94.0,95,6856.288641
-81.0,82,6857.960673
-171.0,172,6863.043718
-158.0,159,6867.624622
-165.0,166,6871.704216
-238.0,239,6876.438129
-159.0,160,6876.877303
-126.0,127,6878.066635
-600.0,600,6879.365966
-166.0,67,6879.685878
-214.0,215,6881.640942
-48.0,49,6882.540728
-137.0,138,6883.852407
-42.0,43,6884.24867
-39.0,40,6884.248734
-58.0,59,6888.391033
-484.0,385,6890.016059
-168.0,69,6892.28404
-104.0,105,6896.436629
-299.0,200,6899.784571
-118.0,119,6902.406594
-328.0,229,6909.359238
-115.0,116,6909.991541
-112.0,113,6913.03636
-425.0,326,6916.138669
-121.0,122,6916.718034
-78.0,79,6922.207539
-223.0,124,6924.483379
-159.0,160,6927.903162
-394.0,395,6929.920377
-157.0,58,6931.276355
-33.0,34,6933.726767
-151.0,152,6934.163102
-108.0,9,6934.715599
-111.0,112,6934.961774
-166.0,167,6935.287474
-145.0,46,6936.346637
-118.0,19,6937.138328
-89.0,90,6938.17498
-33.0,34,6942.28811
-174.0,75,6944.168676
-569.0,470,6944.774123
-39.0,40,6947.025501
-579.0,480,6948.266772
-211.0,112,6949.796145
-144.0,145,6951.373792
-62.0,63,6951.765088
-154.0,155,6953.14719
-196.0,97,6956.187019
-58.0,59,6956.546369
-190.0,191,6959.920914
-117.0,118,6961.158534
-95.0,96,6962.900143
-103.0,104,6964.123204
-105.0,106,6969.2599
-132.0,133,6969.259961
-73.0,74,6973.212428
-52.0,53,6975.674001
-242.0,243,6977.525955
-180.0,181,6978.625894
-82.0,83,6979.290114
-152.0,153,6979.727459
-174.0,175,6981.071181
-46.0,47,6981.17654
-177.0,178,6984.347605
-151.0,52,6984.82495
-213.0,114,6986.985697
-92.0,93,6988.773978
-63.0,64,6989.020164
-52.0,53,6990.833521
-56.0,57,6991.801175
-50.0,51,6993.056566
-47.0,48,6997.281971
-46.0,47,6998.408662
-142.0,43,7002.279978
-221.0,222,7101.099219
-162.0,163,7102.93792
-361.0,262,7107.071603
-103.0,4,7107.530011
-135.0,36,7111.752415
-351.0,252,7115.3001
-122.0,123,7115.417662
-19.0,20,7117.713187
-58.0,59,7122.101635
-208.0,209,7127.184763
-505.0,406,7131.571626
-138.0,139,7134.103718
-227.0,228,7138.599585
-78.0,79,7140.917675
-168.0,169,7142.131048
-127.0,128,7142.462658
-527.0,428,7143.695592
-600.0,600,7144.855967
-106.0,107,7146.64788
-74.0,75,7150.794628
-139.0,40,7151.255903
-92.0,93,7153.28495
-165.0,166,7158.083066
-125.0,126,7158.551764
-184.0,85,7161.395087
-92.0,93,7161.865081
-77.0,78,7162.548728
-36.0,37,7162.933735
-175.0,176,7165.656904
-600.0,600,7167.920063
-77.0,78,7170.686062
-206.0,107,7178.292108
-105.0,6,7178.994015
-147.0,148,7179.400858
-76.0,77,7179.768955
-142.0,143,7179.887266
-103.0,104,7180.238741
-201.0,202,7181.982728
-165.0,166,7182.252894
-80.0,81,7189.041998
-58.0,59,7189.308383
-84.0,85,7190.013179
-91.0,92,7190.013236
-135.0,136,7196.107618
-248.0,149,7198.178752
-98.0,99,7201.091331
-111.0,112,7203.634664
-238.0,139,7206.250317
-145.0,146,7207.805646
-113.0,114,7210.055718
-586.0,587,7210.966773
-110.0,111,7214.651155
-98.0,99,7218.202649
-144.0,145,7221.191153
-62.0,63,7225.694905
-501.0,402,7230.438465
-300.0,201,7231.831908
-192.0,193,7232.98746
-201.0,202,7234.886888
-55.0,56,7238.406297
-69.0,70,7238.62826
-51.0,52,7239.103383
-158.0,159,7239.905068
-109.0,10,7240.233719
-124.0,125,7240.357871
-236.0,237,7242.619018
-186.0,87,7245.226798
-71.0,72,7246.934564
-87.0,88,7250.754951
-114.0,115,7252.319151
-108.0,109,7253.445638
-567.0,468,7254.137677
-106.0,107,7255.549205
-105.0,106,7258.049723
-80.0,81,7261.976834
-109.0,110,7268.322189
-126.0,127,7268.322252
-172.0,173,7274.288903
-146.0,147,7274.961926
-298.0,299,7275.08211
-220.0,221,7276.676521
-84.0,85,7278.256224
-186.0,187,7283.763938
-60.0,61,7285.496115
-101.0,102,7287.192625
-95.0,96,7288.150776
-198.0,199,7291.957472
-193.0,94,7295.066616
-86.0,87,7295.902321
-198.0,199,7298.118767
-126.0,127,7302.275336
-66.0,67,7302.911523
-80.0,81,7307.474659
-144.0,145,7308.88643
-46.0,47,7313.040962
-118.0,119,7316.90222
-600.0,600,7317.657998
-52.0,53,7319.108156
-147.0,148,7319.437114
-391.0,292,7322.349784
-501.0,402,7322.485526
-108.0,9,7323.625001
-169.0,70,7325.076531
-150.0,51,7325.206088
-48.0,49,7325.310833
-65.0,66,7325.428485
-147.0,148,7326.235369
-113.0,14,7327.011364
-54.0,55,7331.458501
-47.0,48,7331.825831
-192.0,93,7333.466402
-104.0,105,7336.061045
-217.0,118,7345.254994
-180.0,181,7346.493357
-147.0,148,7349.104309
-203.0,204,7350.848453
-135.0,136,7351.733007
-159.0,160,7351.973027
-73.0,74,7353.898044
-517.0,518,7356.434124
-49.0,50,7356.679168
-84.0,85,7358.973032
-107.0,108,7364.277467
-180.0,81,7366.011657
-126.0,127,7366.720426
-28.0,29,7369.39119
-56.0,57,7370.973317
-133.0,134,7372.048085
-226.0,227,7372.900857
-460.0,461,7379.20136
-211.0,112,7380.20077
-181.0,182,7380.555374
-130.0,131,7385.028462
-269.0,270,7385.578978
-116.0,117,7386.691506
-164.0,165,7390.385174
-203.0,104,7391.224367
-63.0,64,7392.506433
-98.0,99,7398.230104
-156.0,157,7398.679114
-63.0,64,7399.798208
-287.0,288,7405.668871
-172.0,73,7408.331654
-349.0,250,7409.287137
-312.0,213,7410.401985
-107.0,108,7410.839393
-106.0,107,7411.16761
-321.0,222,7416.3418
-56.0,57,7417.493942
-86.0,87,7419.380481
-179.0,80,7420.636354
-106.0,107,7420.992715
-141.0,142,7422.592153
-289.0,290,7425.375227
-71.0,72,7428.03031
-65.0,66,7428.519805
-110.0,111,7429.526144
-130.0,131,7433.195808
-123.0,124,7435.860539
-65.0,66,7437.601038
-117.0,18,7438.078105
-241.0,242,7439.231473
-138.0,139,7439.231535
-183.0,84,7443.200425
-149.0,150,7446.530246
-72.0,73,7447.869892
-115.0,116,7451.251851
-209.0,210,7453.110399
-235.0,136,7454.133523
-144.0,145,7456.270847
-174.0,75,7456.616512
-102.0,103,7458.481132
-154.0,155,7461.420263
-155.0,56,7462.95738
-153.0,54,7463.074986
-116.0,117,7465.151048
-106.0,7,7466.030341
-111.0,112,7466.40436
-245.0,146,7471.561262
-111.0,112,7471.995812
-101.0,102,7473.869275
-95.0,96,7474.70733
-438.0,439,7477.735453
-48.0,49,7479.66371
-84.0,85,7481.781525
-139.0,140,7482.780429
-34.0,35,7485.760608
-152.0,153,7490.307086
-113.0,114,7493.219775
-131.0,132,7493.339689
-326.0,227,7493.460782
-61.0,62,7497.629711
-45.0,46,7498.91616
-222.0,223,7501.263017
-70.0,71,7501.761427
-69.0,70,7501.761496
-37.0,38,7502.24945
-100.0,1,7502.375627
-36.0,37,7503.476811
-179.0,180,7504.380009
-383.0,384,7508.882673
-172.0,73,7509.947338
-93.0,94,7513.563513
-239.0,240,7514.547945
-63.0,64,7516.474869
-156.0,157,7520.325443
-143.0,144,7521.191127
-151.0,152,7521.308934
-94.0,95,7524.54692
-229.0,230,7529.028598
-64.0,65,7529.028662
-128.0,129,7529.758316
-150.0,151,7534.241854
-104.0,105,7537.07704
-150.0,151,7538.171606
-167.0,168,7541.249644
-46.0,47,7543.732098
-134.0,135,7545.02316
-142.0,143,7545.942971
-100.0,101,7546.287723
-127.0,128,7552.071492
-57.0,58,7552.889018
-121.0,122,7555.453098
-226.0,227,7556.240466
-147.0,148,7560.909903
-186.0,87,7562.233031
-192.0,193,7567.253235
-47.0,48,7567.705016
-98.0,99,7567.705071
-129.0,130,7570.599829
-168.0,169,7572.826433
-52.0,53,7574.315736
-256.0,257,7576.202775
-568.0,569,7577.248529
-138.0,139,7577.682149
-56.0,57,7577.802155
-34.0,35,7582.00612
-145.0,146,7585.767108
-157.0,158,7586.71872
-118.0,119,7588.816428
-144.0,145,7590.355762
-228.0,129,7593.125471
-95.0,96,7593.510575
-136.0,137,7593.646898
-163.0,164,7595.861298
-40.0,41,7597.895732
-89.0,90,7601.050056
-153.0,154,7603.848887
-47.0,48,7606.738755
-119.0,120,7612.100218
-317.0,218,7612.367605
-139.0,140,7612.367664
-263.0,164,7612.909515
-58.0,59,7613.590555
-220.0,221,7614.747317
-70.0,71,7620.363494
-273.0,274,7625.488032
-111.0,112,7626.518777
-155.0,156,7630.391086
-241.0,242,7631.986133
-60.0,61,7632.55505
-263.0,164,7633.692955
-194.0,195,7634.818144
-156.0,157,7638.591839
-136.0,37,7639.279767
-110.0,111,7639.525481
-53.0,54,7645.879526
-231.0,132,7645.879625
-102.0,103,7645.879652
-88.0,89,7649.165896
-314.0,315,7649.744957
-51.0,52,7652.134822
-98.0,99,7657.480104
-101.0,102,7657.852159
-104.0,105,7661.604394
-186.0,87,7662.405195
-200.0,201,7663.091903
-260.0,261,7663.458236
-277.0,178,7670.854977
-181.0,82,7671.358447
-82.0,83,7672.274876
-133.0,134,7673.900819
-131.0,32,7675.084023
-389.0,390,7678.170872
-135.0,136,7679.627239
-97.0,98,7682.429121
-39.0,40,7682.929868
-104.0,105,7684.821092
-184.0,185,7685.164121
-98.0,99,7685.776692
-55.0,56,7686.355371
-27.0,28,7688.476171
-128.0,129,7763.048888
-41.0,42,7763.831044
-122.0,23,7766.52387
-82.0,83,7767.9261
-228.0,129,7772.325401
-458.0,359,7772.590799
-144.0,45,7773.125782
-159.0,160,7779.580844
-225.0,226,7781.822801
-188.0,189,7784.855396
-257.0,258,7785.102393
-30.0,31,7785.434909
-159.0,160,7791.734109
-272.0,173,7799.686023
-301.0,302,7801.552843
-164.0,165,7804.124163
-285.0,286,7805.842876
-122.0,123,7806.063116
-107.0,108,7812.04043
-28.0,29,7815.571675
-158.0,159,7820.046209
-127.0,128,7820.951594
-86.0,87,7829.807188
-124.0,125,7829.807247
-324.0,225,7829.91944
-625.0,526,7833.248417
-517.0,418,7833.50433
-418.0,419,7833.972528
-131.0,132,7836.128478
-69.0,70,7838.108853
-153.0,54,7839.820539
-68.0,69,7842.067643
-317.0,318,7842.640235
-104.0,5,7843.216583
-86.0,87,7843.504646
-47.0,48,7847.799018
-155.0,156,7848.40447
-180.0,181,7851.365067
-67.0,68,7851.478003
-204.0,205,7860.26228
-192.0,193,7860.892232
-177.0,178,7860.892296
-255.0,156,7861.930768
-96.0,97,7862.789522
-153.0,154,7866.474148
-56.0,57,7867.56422
-56.0,57,7867.564284
-173.0,174,7868.261279
-80.0,81,7871.617946
-120.0,121,7877.331065
-87.0,88,7878.185697
-109.0,110,7881.511575
-190.0,191,7883.072544
-381.0,282,7884.783164
-217.0,118,7885.771366
-65.0,66,7886.155105
-169.0,170,7887.042454
-44.0,45,7888.601223
-50.0,51,7891.056988
-40.0,41,7891.177606
-47.0,48,7892.824123
-164.0,65,7893.591022
-141.0,142,7894.240332
-118.0,19,7895.736618
-243.0,144,7898.653352
-86.0,87,7898.77055
-276.0,277,7900.682874
-81.0,82,7903.735734
-44.0,45,7903.887868
-110.0,111,7904.035203
-165.0,166,7910.489658
-165.0,166,7912.230948
-76.0,77,7913.066384
-141.0,142,7915.668248
-167.0,168,7915.668309
-126.0,127,7915.790276
-76.0,77,7921.499234
-198.0,199,7927.968532
-152.0,153,7928.920717
-133.0,134,7929.244661
-133.0,134,7931.699431
-154.0,155,7934.43027
-220.0,121,7935.99915
-378.0,279,7937.273393
-133.0,34,7938.410818
-98.0,99,7940.636154
-211.0,112,7941.216871
-218.0,219,7941.777183
-161.0,162,7948.438656
-121.0,22,7950.954499
-177.0,178,7952.648993
-131.0,132,7952.649049
-224.0,125,7952.999259
-146.0,147,7953.225461
-106.0,107,7953.671127
-113.0,114,7955.091209
-35.0,36,7957.977884
-184.0,185,7962.281013
-82.0,83,7962.419731
-187.0,88,7963.618779
-74.0,75,7971.278172
-178.0,179,7971.977947
-172.0,173,7973.03408
-138.0,139,7974.361177
-163.0,164,7974.478869
-35.0,36,7977.162335
-40.0,41,7981.892604
-65.0,66,7981.892658
-106.0,107,7984.330558
-273.0,274,7985.044384
-165.0,166,7990.521997
-95.0,96,7993.224
-112.0,113,7995.256771
-97.0,98,7996.741412
-66.0,67,7998.61917
-84.0,85,8005.321563
-308.0,209,8009.01596
-398.0,399,8009.136815
-487.0,388,8009.136859
-91.0,92,8009.354765
-32.0,33,8013.232609
-76.0,77,8014.298724
-145.0,46,8014.549611
-193.0,194,8016.117147
-357.0,358,8016.445784
-78.0,79,8018.242168
-200.0,201,8020.144333
-239.0,140,8025.621303
-181.0,82,8026.13212
-165.0,66,8028.149622
-131.0,132,8030.081273
-142.0,143,8030.081331
-136.0,37,8032.361398
-254.0,155,8032.472603
-71.0,72,8034.353699
-261.0,162,8034.876403
-29.0,30,8035.630805
-99.0,100,8036.974573
-77.0,78,8038.753005
-183.0,184,8039.448428
-35.0,36,8043.336794
-57.0,58,8043.336856
-75.0,76,8044.033476
-144.0,145,8046.180016
-158.0,159,8050.001974
-170.0,71,8051.819477
-123.0,124,8052.3421
-187.0,188,8055.073237
-152.0,53,8058.485498
-178.0,79,8058.944801
-108.0,109,8067.705112
-224.0,225,8068.80037
-274.0,275,8074.35925
-151.0,152,8075.615762
-304.0,305,8080.505716
-56.0,57,8080.760937
-200.0,201,8081.664626
-168.0,169,8087.600288
-326.0,327,8088.878141
-93.0,94,8091.196175
-92.0,93,8091.305814
-25.0,26,8094.170963
-166.0,167,8094.618279
-49.0,50,8097.114852
-104.0,105,8100.925829
-600.0,600,8102.578605
-72.0,73,8105.458881
-53.0,54,8107.176876
-119.0,120,8107.913932
-57.0,58,8113.566658
-51.0,52,8113.68649
-285.0,186,8115.738848
-135.0,136,8120.595582
-51.0,52,8126.345366
-359.0,260,8131.652454
-600.0,600,8135.414652
-45.0,46,8140.636185
-251.0,252,8144.299897
-168.0,169,8145.778831
-168.0,69,8148.553926
-409.0,310,8148.697107
-600.0,600,8149.675017
-49.0,50,8149.900436
-115.0,16,8151.485399
-180.0,181,8152.338206
-349.0,350,8153.170044
-86.0,87,8155.345354
-600.0,600,8155.562463
-63.0,64,8155.674651
-61.0,62,8159.009396
-36.0,37,8159.378015
-173.0,74,8163.646868
-129.0,130,8167.548541
-49.0,50,8169.300271
-177.0,178,8169.50913
-157.0,158,8173.244207
-130.0,131,8174.06908
-79.0,80,8176.476918
-159.0,160,8176.918258
-268.0,269,8181.129958
-43.0,44,8181.248457
-62.0,63,8183.770805
-144.0,145,8185.527897
-438.0,339,8185.939404
-155.0,156,8186.489315
-34.0,35,8187.597853
-235.0,136,8188.190987
-148.0,149,8190.49976
-119.0,120,8194.579911
-88.0,89,8196.134549
-181.0,82,8203.853147
-219.0,120,8204.059059
-155.0,156,8205.754682
-168.0,169,8206.611674
-217.0,118,8209.093611
-69.0,70,8211.549713
-336.0,237,8212.152966
-288.0,289,8219.0776
-113.0,114,8219.505358
-43.0,44,8223.753392
-131.0,132,8223.870917
-179.0,180,8223.980696
-112.0,113,8224.099106
-120.0,121,8225.499123
-186.0,187,8226.441479
-42.0,43,8228.763754
-46.0,47,8228.980779
-431.0,432,8229.360104
-160.0,161,8237.222954
-101.0,102,8237.887337
-85.0,86,8238.990221
-138.0,139,8239.479835
-107.0,108,8240.926281
-177.0,178,8245.368152
-204.0,205,8246.572751
-165.0,166,8247.521427
-68.0,69,8248.573169
-96.0,97,8248.722763
-112.0,113,8249.810235
-172.0,173,8258.275827
-98.0,99,8259.751989
-187.0,188,8260.434611
-144.0,145,8262.777844
-158.0,159,8263.0989
-252.0,153,8265.67193
-265.0,166,8266.175049
-163.0,164,8268.314555
-69.0,70,8270.842908
-90.0,91,8270.842968
-226.0,127,8274.345237
-81.0,82,8275.310631
-106.0,107,8275.525832
-177.0,178,8278.545102
-92.0,93,8278.902358
-132.0,133,8281.427114
-82.0,83,8284.720076
-130.0,131,8285.566643
-79.0,80,8287.420062
-106.0,107,8290.657367
-48.0,49,8290.870372
-172.0,173,8294.433144
-109.0,110,8296.825858
-35.0,36,8298.361612
-94.0,95,8301.293183
-153.0,154,8304.47227
-123.0,124,8304.711102
-391.0,392,8314.573889
-159.0,160,8314.684567
-110.0,111,8316.887552
-179.0,180,8318.470765
-513.0,414,8320.324035
-191.0,192,8322.553226
-57.0,58,8323.261616
-83.0,84,8323.817304
-215.0,216,8328.689813
-111.0,112,8330.871182
-158.0,159,8332.354208
-113.0,114,8429.319467
-71.0,72,8430.109118
-607.0,508,8431.082944
-167.0,168,8432.259116
-237.0,138,8432.474309
-159.0,160,8433.773144
-48.0,49,8437.887966
-41.0,42,8438.511568
-118.0,119,8438.939852
-99.0,100,8442.240637
-184.0,185,8444.85007
-139.0,140,8444.975596
-53.0,54,8448.457856
-103.0,104,8450.229196
-110.0,111,8450.33559
-166.0,167,8451.338022
-211.0,212,8453.883246
-85.0,86,8454.553341
-113.0,114,8457.78533
-103.0,104,8460.032018
-84.0,85,8460.837739
-59.0,60,8461.267045
-203.0,204,8461.840806
-138.0,139,8465.792598
-67.0,68,8468.984724
-169.0,170,8469.453697
-72.0,73,8470.198149
-116.0,117,8474.159257
-128.0,129,8474.721937
-153.0,154,8475.369531
-63.0,64,8476.839291
-99.0,100,8477.336294
-101.0,102,8480.609355
-48.0,49,8480.826029
-339.0,240,8481.068085
-33.0,34,8484.895162
-115.0,116,8487.747758
-98.0,99,8488.326728
-173.0,174,8489.760645
-137.0,138,8492.290636
-115.0,116,8493.932907
-123.0,124,8494.610694
-99.0,100,8501.198743
-150.0,151,8501.961211
-129.0,130,8502.498923
-141.0,142,8504.385362
-105.0,106,8506.501922
-60.0,61,8508.04135
-327.0,328,8511.205317
-41.0,42,8511.340632
-155.0,156,8511.589854
-177.0,178,8512.495675
-56.0,57,8514.558537
-121.0,122,8515.80787
-47.0,48,8516.765343
-109.0,110,8517.00947
-156.0,157,8520.361179
-126.0,127,8527.111961
-113.0,114,8527.743073
-130.0,131,8530.917647
-170.0,171,8531.251068
-58.0,59,8533.786383
-195.0,196,8533.786457
-147.0,148,8533.907056
-158.0,159,8534.915769
-67.0,68,8538.557744
-170.0,171,8539.928795
-128.0,129,8542.389669
-65.0,66,8542.50459
-121.0,122,8545.050854
-124.0,125,8547.984956
-64.0,65,8549.723109
-161.0,162,8551.997321
-90.0,91,8552.49632
-182.0,183,8554.326685
-52.0,53,8555.53176
-95.0,96,8555.667128
-71.0,72,8555.992959
-152.0,153,8557.000539
-46.0,47,8557.215687
-183.0,184,8559.058205
-43.0,44,8561.921858
-68.0,69,8562.049176
-75.0,76,8567.590848
-109.0,110,8568.287907
-221.0,122,8569.324535
-78.0,79,8570.881376
-138.0,139,8571.097971
-228.0,129,8571.681287
-181.0,182,8572.760996
-160.0,61,8576.109874
-101.0,102,8582.39475
-129.0,130,8582.960191
-105.0,106,8584.823275
-203.0,204,8584.935913
-125.0,126,8585.958177
-155.0,156,8588.80429
-187.0,188,8588.924869
-119.0,120,8589.885822
-68.0,69,8591.005704
-126.0,27,8592.038765
-80.0,81,8595.242257
-98.0,99,8596.145279
-49.0,50,8596.602357
-83.0,84,8601.653669
-56.0,57,8601.869692
-52.0,53,8602.315343
-157.0,158,8603.086727
-62.0,63,8603.848776
-135.0,136,8604.494137
-220.0,221,8607.588163
-52.0,53,8608.145607
-43.0,44,8609.375707
-72.0,73,8609.718423
-61.0,62,8609.950086
-76.0,77,8612.36265
-111.0,112,8614.221165
-65.0,66,8617.001751
-24.0,25,8619.75333
-90.0,91,8619.96991
-123.0,124,8621.363009
-312.0,313,8625.109344
-101.0,102,8625.669104
-152.0,153,8626.408793
-52.0,53,8630.881284
-205.0,206,8630.996372
-48.0,49,8636.176891
-143.0,144,8637.030467
-227.0,128,8639.427809
-105.0,6,8640.123964
-193.0,94,8641.037892
-224.0,225,8644.470787
-178.0,179,8645.831167
-326.0,327,8648.138436
-106.0,107,8648.658661
-111.0,112,8652.219146
-122.0,123,8657.799354
-131.0,132,8660.219092
-344.0,245,8663.049173
-103.0,104,8663.80687
-139.0,140,8664.157829
-78.0,79,8668.934488
-60.0,61,8669.726702
-45.0,46,8674.929948
-156.0,157,8675.259357
-57.0,58,8675.546849
-431.0,332,8677.69284
-221.0,122,8677.807887
-55.0,56,8681.775636
-57.0,58,8682.233158
-185.0,186,8684.749756
-600.0,600,8686.366945
-187.0,88,8687.849159
-66.0,67,8689.679487
-227.0,128,8692.325887
-186.0,187,8696.315061
-64.0,65,8697.265874
-556.0,457,8699.438783
-221.0,122,8700.216619
-187.0,188,8702.931067
-60.0,61,8703.053428
-70.0,71,8707.168358
-47.0,48,8708.133058
-113.0,114,8709.575216
-64.0,65,8710.051067
-185.0,186,8712.807522
-40.0,41,8714.169989
-63.0,64,8717.231534
-95.0,96,8718.872409
-157.0,158,8724.923629
-91.0,92,8729.236748
-414.0,415,8731.249701
-124.0,125,8731.366331
-191.0,192,8736.019653
-110.0,111,8741.897929
-270.0,271,8743.602181
-178.0,179,8745.198727
-443.0,444,8750.005621
-183.0,184,8752.280795
-188.0,189,8752.712584
-600.0,600,8755.154529
-185.0,186,8756.835856
-112.0,113,8757.687358
-148.0,149,8758.524633
-55.0,56,8758.885155
-37.0,38,8763.098519
-193.0,194,8765.639859
-93.0,94,8767.750757
-159.0,160,8770.496754
-141.0,142,8771.575972
-91.0,92,8773.600085
-164.0,165,8776.751261
-125.0,126,8779.82634
-56.0,57,8779.971858
-216.0,217,8783.473053
-122.0,123,8784.12943
-163.0,164,8786.063519
-129.0,130,8791.077378
-161.0,162,8797.656132
-182.0,183,8799.97188
-25.0,26,8800.704869
-159.0,160,8801.988088
-150.0,151,8802.82628
-73.0,74,8810.184112
-204.0,205,8813.847628
-600.0,600,8817.133095
-175.0,176,8819.546597
-199.0,200,8822.908418
-134.0,135,8825.211115
-474.0,375,8825.211191
-127.0,128,8828.181404
-93.0,94,8830.155611
-30.0,31,8831.686174
-268.0,269,8832.916272
-118.0,19,8833.787777
-42.0,43,8835.058182
-165.0,166,8835.835807
-111.0,12,8837.241495
-108.0,109,8837.581241
-600.0,600,8838.464958
-36.0,37,8841.43311
-64.0,65,8842.435756
-79.0,80,8842.887624
-176.0,177,8842.996952
-96.0,97,8843.829893
-39.0,40,8848.365763
-89.0,90,8848.612464
-111.0,112,8854.022902
-120.0,121,8856.034296
-123.0,124,8857.015701
-184.0,185,8858.476127
-167.0,168,8861.952242
-130.0,131,8863.35716
-91.0,92,8866.630494
-374.0,375,8867.796456
-122.0,123,8868.115665
-120.0,121,8870.880377
-31.0,32,8871.457897
-116.0,117,8875.281276
-358.0,259,8878.11202
-169.0,70,8879.382498
-105.0,106,8880.248449
-87.0,88,8880.893292
-229.0,130,8881.493366
-23.0,24,8882.179602
-178.0,179,8883.779707
-52.0,53,8887.115433
-108.0,109,8887.922225
-256.0,257,8888.034837
-99.0,100,8889.756713
-88.0,89,8891.798272
-132.0,133,8895.4977
-117.0,118,8895.714759
-113.0,114,8899.866784
-151.0,152,8901.003654
-120.0,121,8901.472319
-87.0,88,8905.216416
-166.0,167,8906.707447
-209.0,110,8907.922
-177.0,178,8909.637313
-179.0,180,8912.029326
-78.0,79,8918.609346
-177.0,178,8920.038937
-77.0,78,8920.832521
-174.0,175,8920.832591
-186.0,187,8922.619898
-66.0,67,8927.42095
-101.0,102,8929.926923
-211.0,212,8931.697318
-134.0,135,8937.381337
-153.0,154,8937.699257
-72.0,73,8939.824178
-193.0,194,8942.234531
-357.0,358,8946.693305
-40.0,41,8946.829221
-174.0,175,8946.829276
-84.0,85,8947.308981
-155.0,156,8947.309042
-80.0,81,8948.835364
-118.0,119,8950.643505
-36.0,37,8950.754489
-74.0,75,8957.104125
-503.0,504,8961.487768
-152.0,153,8963.73715
-116.0,117,8963.737206
-126.0,127,8964.713569
-163.0,164,8964.984541
-44.0,45,8966.547789
-29.0,30,8968.198864
-51.0,52,8973.937219
-101.0,102,8975.167543
-264.0,165,8975.515688
-116.0,117,8976.866829
-105.0,106,8978.266431
-137.0,138,8980.380671
-56.0,57,8981.523309
-74.0,75,8982.246207
-35.0,36,8985.445672
-220.0,121,8988.987959
-111.0,112,9087.78017
-43.0,44,9092.456991
-123.0,124,9094.341028
-154.0,155,9095.882342
-178.0,79,9095.986555
-290.0,191,9097.826501
-584.0,485,9099.431725
-103.0,104,9107.658267
-147.0,148,9109.039985
-118.0,119,9111.149946
-600.0,600,9112.455323
-142.0,143,9115.481288
-51.0,52,9118.261661
-99.0,100,9120.148281
-216.0,217,9120.148338
-231.0,132,9122.447134
-51.0,52,9123.971709
-51.0,52,9125.861834
-58.0,59,9126.67926
-110.0,111,9127.799851
-38.0,39,9128.270183
-161.0,162,9129.206083
-35.0,36,9132.358379
-60.0,61,9132.808598
-350.0,351,9133.630317
-105.0,106,9134.336125
-84.0,85,9136.279218
-477.0,478,9137.212394
-53.0,54,9138.489209
-69.0,70,9141.561275
-124.0,125,9142.021903
-31.0,32,9145.56793
-247.0,148,9151.191159
-196.0,197,9151.676141
-165.0,166,9151.816455
-58.0,59,9152.55357
-140.0,141,9153.527663
-112.0,113,9154.721347
-34.0,35,9155.856881
-174.0,175,9158.801771
-96.0,97,9163.03703
-105.0,106,9163.485624
-109.0,110,9166.080897
-101.0,102,9166.351655
-206.0,107,9168.090739
-142.0,143,9169.055776
-136.0,137,9174.285309
-97.0,98,9174.613412
-99.0,100,9177.654065
-136.0,137,9178.577927
-128.0,129,9180.724931
-247.0,148,9185.663873
-103.0,104,9186.348794
-113.0,114,9187.135095
-98.0,99,9192.007694
-58.0,59,9192.480862
-336.0,237,9194.883438
-97.0,98,9197.394194
-195.0,196,9199.726173
-120.0,121,9200.769377
-107.0,108,9204.553197
-600.0,600,9204.684914
-232.0,233,9204.931226
-152.0,153,9209.236305
-43.0,44,9209.587019
-208.0,109,9209.807096
-46.0,47,9210.310053
-108.0,109,9213.309617
-40.0,41,9214.279387
-186.0,187,9216.312696
-94.0,95,9220.218882
-80.0,81,9222.6177
-40.0,41,9224.805733
-132.0,133,9225.031601
-192.0,193,9226.734001
-160.0,161,9228.531282
-54.0,55,9230.746635
-282.0,283,9231.813931
-174.0,175,9233.992782
-56.0,57,9240.54858
-115.0,116,9241.682823
-135.0,136,9242.047403
-181.0,182,9243.040875
-53.0,54,9248.195053
-182.0,183,9252.712599
-152.0,153,9257.936771
-148.0,149,9258.646133
-318.0,319,9261.0271
-224.0,125,9266.970318
-90.0,91,9268.949557
-436.0,337,9269.163431
-54.0,55,9273.106945
-120.0,121,9274.815524
-289.0,290,9276.020054
-163.0,164,9276.606427
-102.0,103,9280.575513
-600.0,600,9284.039371
-97.0,98,9284.151256
-138.0,139,9284.860786
-23.0,24,9287.55855
-103.0,104,9287.664839
-177.0,178,9295.294451
-171.0,172,9296.375788
-183.0,184,9301.788412
-168.0,169,9303.795554
-149.0,150,9305.091247
-172.0,173,9307.857083
-236.0,237,9311.313169
-69.0,70,9312.970011
-160.0,161,9314.621362
-600.0,600,9316.545584
-195.0,196,9317.5758
-45.0,46,9319.779535
-165.0,166,9320.582618
-71.0,72,9324.698007
-137.0,138,9328.737339
-81.0,82,9330.048957
-172.0,173,9331.060587
-272.0,273,9334.658029
-131.0,132,9339.479534
-52.0,53,9340.530347
-133.0,134,9344.894465
-350.0,351,9347.1532
-147.0,148,9347.403145
-170.0,171,9347.617977
-82.0,83,9348.739882
-294.0,295,9352.707247
-60.0,61,9354.07759
-96.0,97,9355.57458
-104.0,105,9359.278795
-93.0,94,9366.041832
-158.0,159,9366.391552
-128.0,129,9367.119666
-71.0,72,9367.232804
-131.0,132,9368.914493
-382.0,283,9372.017679
-58.0,59,9375.515551
-112.0,113,9379.002228
-109.0,110,9379.550487
-148.0,149,9382.82223
-107.0,108,9384.158338
-600.0,600,9384.795152
-177.0,178,9387.337657
-33.0,34,9388.711069
-121.0,122,9392.98917
-106.0,107,9396.411145
-39.0,40,9397.525723
-91.0,92,9397.786627
-178.0,179,9400.069606
-154.0,155,9400.48199
-116.0,117,9401.864601
-48.0,49,9401.864657
-78.0,79,9406.514452
-30.0,31,9410.022731
-600.0,600,9414.895974
-454.0,355,9415.975705
-182.0,183,9418.717723
-151.0,152,9419.418598
-172.0,173,9420.282922
-187.0,188,9423.377434
-209.0,210,9423.89632
-126.0,127,9424.475149
-68.0,69,9427.123129
-31.0,32,9427.573318
-146.0,147,9432.268137
-120.0,121,9433.678458
-61.0,62,9434.311693
-101.0,102,9434.616467
-175.0,176,9438.372634
-50.0,51,9440.680493
-164.0,165,9443.133479
-94.0,95,9443.273841
-80.0,81,9443.692876
-47.0,48,9448.956327
-81.0,82,9452.391761
-171.0,172,9453.118349
-232.0,233,9453.224199
-139.0,140,9456.259596
-181.0,182,9458.923595
-69.0,70,9460.318523
-110.0,111,9461.63088
-136.0,137,9468.48589
-88.0,89,9468.818326
-176.0,177,9472.995109
-60.0,61,9475.483474
-129.0,130,9475.806524
-185.0,186,9476.903513
-54.0,55,9479.133499
-20.0,21,9479.388361
-188.0,189,9481.255353
-446.0,347,9481.838974
-600.0,600,9482.172074
-59.0,60,9482.281207
-33.0,34,9482.975489
-33.0,34,9485.080042
-85.0,86,9485.555812
-65.0,66,9489.581042
-189.0,190,9489.69298
-61.0,62,9492.620852
-96.0,97,9492.83956
-158.0,159,9497.297447
-148.0,49,9498.369954
-157.0,158,9500.748134
-150.0,151,9502.037542
-125.0,126,9503.609072
-199.0,200,9504.573544
-141.0,142,9505.515325
-141.0,142,9508.391408
-119.0,120,9510.677059
-69.0,70,9512.552044
-139.0,140,9517.607789
-161.0,162,9518.746127
-109.0,110,9520.716236
-91.0,92,9522.768116
-175.0,176,9523.318339
-52.0,53,9526.532844
-83.0,84,9532.879896
-61.0,62,9533.685771
-217.0,218,9535.129519
-146.0,147,9535.353016
-23.0,24,9535.571121
-117.0,118,9536.106108
-450.0,351,9537.603299
-47.0,48,9540.753659
-140.0,141,9549.516851
-145.0,146,9551.580118
-108.0,9,9552.675484
-146.0,147,9552.783495
-251.0,152,9554.813919
-139.0,140,9556.555735
-21.0,22,9557.207914
-493.0,394,9562.101051
-108.0,109,9564.920897
-129.0,130,9567.415705
-159.0,160,9567.659665
-202.0,103,9568.962319
-589.0,590,9572.106494
-102.0,103,9573.828135
-270.0,171,9576.054225
-356.0,357,9576.054296
-96.0,97,9576.054315
-73.0,74,9577.452328
-138.0,39,9580.407276
-131.0,132,9582.556892
-139.0,140,9583.244902
-106.0,107,9585.695902
-122.0,123,9585.802834
-127.0,128,9589.997231
-75.0,76,9590.725161
-46.0,47,9590.839465
-147.0,148,9593.472085
-170.0,171,9594.611728
-40.0,41,9595.242784
-122.0,123,9596.454318
-122.0,123,9598.952357
-155.0,56,9599.476407
-107.0,108,9601.716325
-48.0,49,9604.515882
-138.0,139,9606.086736
-61.0,62,9608.905078
-129.0,130,9609.266176
-133.0,134,9610.347811
-40.0,41,9614.9521
-165.0,166,9615.162361
-114.0,115,9619.002356
-88.0,89,9619.113197
-134.0,135,9619.663395
-203.0,204,9622.40869
-65.0,66,9622.408751
-68.0,69,9622.520795
-67.0,68,9626.66692
-67.0,68,9627.192273
-90.0,91,9629.120067
-48.0,49,9632.154699
-612.0,513,9637.272268
-161.0,162,9640.631835
-195.0,96,9643.071391
-202.0,203,9645.501266
-156.0,157,9646.987764
-295.0,196,9649.377002
-53.0,54,9704.561323
-90.0,91,9706.36299
-117.0,118,9707.031464
-293.0,294,9708.529665
-85.0,86,9714.337554
-131.0,132,9714.995422
-70.0,71,9716.829191
-162.0,163,9725.154079
-571.0,572,9726.689009
-91.0,92,9727.478503
-338.0,339,9729.143394
-136.0,137,9730.848737
-151.0,152,9731.916475
-51.0,52,9734.953722
-85.0,86,9741.862472
-131.0,132,9741.862532
-94.0,95,9745.956125
-514.0,415,9750.227949
-219.0,220,9750.563131
-183.0,184,9752.143111
-88.0,89,9752.251447
-168.0,69,9754.112898
-108.0,109,9754.564488
-57.0,58,9757.307236
-78.0,79,9761.224217
-81.0,82,9761.709324
-306.0,307,9762.998267
-91.0,92,9765.274215
-147.0,148,9771.404322
-74.0,75,9771.873361
-186.0,187,9772.101492
-104.0,105,9773.728645
-105.0,106,9774.330229
-26.0,27,9775.190363
-600.0,600,9776.867083
-50.0,51,9777.592688
-111.0,112,9778.646413
-38.0,39,9779.826702
-201.0,202,9781.244475
-76.0,77,9786.076117
-75.0,76,9786.62529
-33.0,34,9790.672734
-170.0,171,9792.496749
-154.0,155,9792.722917
-163.0,164,9793.184641
-104.0,105,9798.256491
-154.0,155,9799.399657
-170.0,171,9799.84391
-78.0,79,9801.51512
-197.0,198,9801.752845
-43.0,44,9804.844655
-108.0,109,9805.217962
-40.0,41,9806.538975
-116.0,117,9806.685324
-71.0,72,9810.002772
-30.0,31,9810.265801
-93.0,94,9810.39225
-47.0,48,9810.641469
-215.0,216,9815.66414
-154.0,155,9816.232822
-58.0,59,9817.404272
-64.0,65,9817.523855
-112.0,113,9818.444563
-82.0,83,9819.941371
-45.0,46,9821.006867
-127.0,128,9821.610204
-21.0,22,9823.480478
-88.0,89,9827.647835
-113.0,114,9829.403106
-169.0,170,9829.896271
-99.0,100,9831.492073
-140.0,141,9833.770624
-142.0,143,9834.889271
-58.0,59,9836.133954
-134.0,135,9837.059488
-111.0,112,9842.876134
-109.0,110,9846.733967
-169.0,170,9847.532709
-355.0,256,9853.516158
-163.0,164,9855.705509
-171.0,172,9857.529675
-74.0,75,9862.311844
-143.0,144,9863.657601
-347.0,248,9864.174432
-282.0,283,9864.767426
-154.0,155,9865.829534
-203.0,204,9867.022425
-44.0,45,9867.653994
-43.0,44,9870.243736
-30.0,31,9873.978028
-67.0,68,9875.380867
-197.0,198,9879.345962
-194.0,195,9880.943953
-139.0,140,9882.887781
-81.0,82,9883.793713
-136.0,137,9884.244351
-182.0,183,9885.653088
-152.0,53,9890.467086
-227.0,228,9891.574506
-97.0,98,9894.431086
-116.0,117,9894.770734
-97.0,98,9895.345429
-195.0,196,9898.519456
-162.0,163,9898.519514
-81.0,82,9900.920435
-137.0,138,9901.696234
-207.0,108,9907.671121
-116.0,117,9908.101124
-91.0,92,9909.060134
-131.0,132,9909.531883
-52.0,53,9913.98719
-59.0,60,9915.347239
-120.0,121,9916.069468
-87.0,88,9919.618945
-258.0,259,9920.819539
-191.0,192,9923.706339
-131.0,132,9925.39461
-39.0,40,9928.415493
-145.0,146,9933.244993
-105.0,6,9933.921533
-160.0,161,9934.261649
-180.0,181,9935.371565
-134.0,135,9935.498338
-314.0,315,9935.498405
-45.0,46,9940.753028
-172.0,173,9941.083287
-68.0,69,9943.501969
-147.0,148,9945.661882
-101.0,102,9947.387925
-164.0,165,9953.308625
-87.0,88,9953.892631
-176.0,77,9956.564176
-190.0,191,9956.790219
-201.0,202,9964.851361
-162.0,163,9964.851437
-95.0,96,9967.879897
-233.0,234,9968.386215
-129.0,130,9972.264237
-31.0,32,9972.264298
-177.0,178,9974.367379
-189.0,190,9976.206897
-97.0,98,9976.325965
-132.0,133,9980.417391
-72.0,73,9982.707738
-58.0,59,9983.035764
-110.0,111,9984.864399
-196.0,197,9990.52957
-576.0,577,9992.653617
-103.0,104,9994.869698
-183.0,184,9997.509859
-159.0,160,10001.017441
-199.0,200,10003.368697
-372.0,273,10003.495851
-166.0,167,10004.147366
-45.0,46,10006.457289
-120.0,121,10006.666503
-159.0,160,10008.965654
-65.0,66,10011.023345
-70.0,71,10012.134701
-154.0,155,10012.724393
-167.0,168,10016.659625
-41.0,42,10016.89602
-37.0,38,10017.015493
-102.0,103,10020.659221
-106.0,107,10023.148662
-160.0,161,10024.810694
-71.0,72,10025.168416
-186.0,187,10027.619892
-228.0,229,10029.44029
-116.0,117,10030.229331
-57.0,58,10034.332464
-175.0,176,10036.734349
-80.0,81,10039.31066
-171.0,172,10040.123831
-138.0,139,10040.920971
-168.0,169,10042.260786
-155.0,156,10042.478261
-104.0,105,10045.843845
-50.0,51,10046.522123
-50.0,51,10047.960572
-91.0,92,10049.693382
-119.0,120,10050.224459
-140.0,141,10056.068199
-86.0,87,10059.399285
-102.0,103,10059.506302
-166.0,167,10061.121644
-111.0,112,10062.578531
-153.0,154,10063.817984
-55.0,56,10065.705044
-122.0,123,10069.689466
-222.0,223,10070.932556
-87.0,88,10072.558341
-96.0,97,10074.819106
-141.0,142,10077.173
-109.0,110,10078.227052
-63.0,64,10078.227104
-175.0,176,10079.22026
-54.0,55,10081.075409
-148.0,149,10089.178538
-177.0,178,10089.606842
-33.0,34,10093.474237
-158.0,159,10094.991612
-151.0,152,10096.205308
-135.0,136,10096.205371
-600.0,600,10096.740634
-21.0,22,10098.651889
-285.0,186,10098.986016
-272.0,273,10108.796241
-173.0,174,10108.796306
-161.0,162,10113.213255
-145.0,146,10113.213331
-187.0,188,10114.644066
-168.0,169,10115.184421
-88.0,89,10118.865647
-182.0,183,10119.311845
-115.0,116,10121.915718
-205.0,206,10122.293449
-91.0,92,10123.748386
-88.0,89,10124.914137
-108.0,109,10127.725416
-227.0,128,10127.839926
-88.0,89,10129.18374
-80.0,81,10131.722726
-107.0,108,10131.835163
-130.0,131,10137.033032
-80.0,81,10137.173735
-116.0,117,10138.254461
-84.0,85,10138.848569
-124.0,25,10140.020933
-82.0,83,10141.377014
-151.0,152,10145.049791
-120.0,121,10150.703435
-54.0,55,10156.946858
-292.0,293,10157.065008
-163.0,164,10157.389634
-170.0,171,10157.626706
-170.0,171,10160.524682
-34.0,35,10160.963246
-358.0,259,10160.963302
-172.0,173,10164.590374
-105.0,106,10169.233468
-133.0,134,10172.560869
-117.0,118,10174.164729
-129.0,130,10175.561715
-156.0,157,10178.143821
-97.0,98,10180.339252
-167.0,168,10183.418396
-67.0,68,10185.700394
-507.0,408,10185.819587
-145.0,146,10189.11619
-120.0,121,10189.215665
-164.0,165,10192.777467
-111.0,112,10192.913924
-64.0,65,10193.23307
-82.0,83,10195.309611
-78.0,79,10198.215376
-153.0,154,10200.827366
-66.0,67,10200.827425
-110.0,111,10201.632336
-70.0,71,10203.194747
-110.0,111,10205.378542
-140.0,41,10206.115627
-212.0,113,10210.740212
-97.0,98,10214.171832
-132.0,133,10215.707827
-214.0,215,10216.956919
-122.0,123,10220.127292
-170.0,171,10220.127356
-45.0,46,10222.227992
-587.0,588,10223.152782
-170.0,171,10224.753244
-83.0,84,10225.377463
-142.0,143,10227.017767
-51.0,52,10228.892412
-164.0,165,10232.919171
-102.0,103,10233.948823
-66.0,67,10236.658251
-149.0,150,10237.129106
-154.0,155,10237.657233
-127.0,128,10239.756599
-116.0,117,10240.213923
-77.0,78,10242.749529
-45.0,46,10242.855577
-28.0,29,10243.084114
-201.0,202,10247.496964
-129.0,130,10251.168427
-136.0,137,10252.405458
-99.0,100,10254.013718
-153.0,154,10257.604391
-37.0,38,10258.473799
-138.0,139,10258.845729
-148.0,149,10259.63347
-123.0,124,10261.80579
-122.0,123,10265.63406
-74.0,75,10266.651497
-123.0,124,10267.078673
-43.0,44,10267.078733
-81.0,82,10268.520447
-94.0,95,10269.72079
-326.0,327,10270.443148
-95.0,96,10271.019265
-49.0,50,10274.229603
-78.0,79,10278.721434
-41.0,42,10279.073446
-134.0,135,10344.711317
-112.0,113,10345.97212
-151.0,152,10347.020513
-169.0,170,10347.626723
-159.0,160,10347.861819
-61.0,62,10351.512647
-168.0,169,10352.569569
-100.0,101,10352.569669
-63.0,64,10353.960473
-111.0,112,10354.111336
-50.0,51,10358.167365
-65.0,66,10359.74146
-121.0,122,10360.948531
-75.0,76,10362.241063
-174.0,75,10362.241139
-115.0,116,10364.158987
-170.0,171,10364.633032
-154.0,155,10364.859637
-35.0,36,10368.281357
-125.0,126,10374.11823
-145.0,146,10374.713881
-166.0,67,10376.055002
-41.0,42,10378.85286
-157.0,158,10378.95042
-124.0,125,10379.224507
-159.0,160,10383.048833
-180.0,181,10383.048903
-73.0,74,10383.171247
-52.0,53,10385.12914
-23.0,24,10385.777017
-124.0,25,10385.990681
-89.0,90,10386.329292
-83.0,84,10388.76548
-103.0,104,10390.754682
-120.0,121,10396.855249
-126.0,127,10400.154367
-156.0,157,10403.732505
-164.0,165,10403.732563
-63.0,64,10403.98281
-124.0,125,10404.991381
-162.0,163,10407.342345
-187.0,188,10407.668956
-67.0,68,10411.50225
-70.0,71,10413.017411
-130.0,131,10415.140483
-82.0,83,10416.830263
-126.0,127,10418.587188
-113.0,114,10420.698816
-150.0,151,10421.034632
-62.0,63,10422.344085
-121.0,122,10425.612338
-90.0,91,10427.376494
-145.0,146,10429.924605
-600.0,600,10431.001746
-39.0,40,10432.022285
-120.0,121,10435.113976
-152.0,153,10436.296077
-108.0,109,10442.759223
-204.0,105,10443.375616
-188.0,189,10444.429816
-110.0,111,10444.963414
-121.0,122,10450.4264
-360.0,261,10451.052942
-75.0,76,10451.409204
-82.0,83,10452.848087
-67.0,68,10452.848145
-152.0,153,10452.956075
-84.0,85,10454.198071
-156.0,57,10459.18813
-79.0,80,10460.032594
-415.0,316,10461.993326
-132.0,133,10465.698381
-156.0,157,10469.258312
-139.0,140,10470.027602
-54.0,55,10471.86447
-172.0,173,10472.536886
-181.0,182,10473.399334
-158.0,159,10477.244239
-141.0,142,10478.104465
-263.0,164,10478.677029
-94.0,95,10480.731651
-164.0,165,10487.8166
-150.0,151,10488.852776
-102.0,103,10488.852837
-158.0,159,10490.53096
-38.0,39,10495.239951
-149.0,150,10495.496795
-157.0,158,10497.007983
-143.0,144,10497.482617
-90.0,91,10498.653912
-105.0,106,10501.267353
-67.0,68,10505.02844
-382.0,283,10505.703644
-161.0,162,10507.5025
-113.0,114,10508.333329
-22.0,23,10508.3334
-77.0,78,10510.062418
-163.0,164,10513.846046
-80.0,81,10514.264133
-60.0,61,10515.33141
-167.0,168,10516.0515
-99.0,100,10519.907602
-89.0,90,10520.489029
-63.0,64,10521.329467
-142.0,143,10524.056234
-93.0,94,10526.167557
-134.0,135,10529.954288
-89.0,90,10530.841478
-269.0,170,10535.709894
-329.0,330,10536.405537
-108.0,109,10536.633978
-136.0,137,10537.100584
-213.0,114,10539.397428
-280.0,181,10540.798682
-166.0,67,10544.369575
-63.0,64,10548.260353
-151.0,152,10548.481301
-160.0,161,10548.599246
-107.0,108,10548.98117
-86.0,87,10549.574381
-124.0,125,10550.33065
-161.0,62,10555.399946
-157.0,58,10556.894735
-77.0,78,10557.52791
-186.0,187,10558.677254
-85.0,86,10558.81452
-137.0,138,10560.305755
-115.0,116,10561.825755
-27.0,28,10564.939961
-90.0,91,10567.894633
-89.0,90,10568.978761
-237.0,138,10571.043487
-40.0,41,10572.494092
-28.0,29,10574.377924
-318.0,219,10574.493024
-51.0,52,10574.993723
-97.0,98,10576.160591
-154.0,155,10576.382089
-147.0,148,10577.215478
-135.0,36,10578.549546
-75.0,76,10584.531473
-88.0,89,10586.200569
-95.0,96,10589.088659
-150.0,151,10589.460705
-43.0,44,10589.46076
-302.0,303,10591.208669
-176.0,177,10594.894828
-74.0,75,10598.096564
-223.0,224,10599.693748
-205.0,206,10600.238227
-54.0,55,10601.061209
-198.0,199,10608.992947
-98.0,99,10609.428184
-179.0,180,10610.078943
-89.0,90,10610.079002
-202.0,103,10612.163153
-33.0,34,10614.025446
-46.0,47,10614.817904
-182.0,83,10618.606848
-167.0,68,10620.060963
-123.0,124,10624.460915
-92.0,93,10624.826476
-374.0,375,10632.038041
-72.0,73,10632.997999
-161.0,162,10633.346717
-163.0,164,10637.208338
-165.0,166,10638.892961
-83.0,84,10643.025386
-213.0,114,10645.074795
-185.0,186,10645.507738
-87.0,88,10648.904775
-154.0,155,10650.619916
-58.0,59,10652.237087
-62.0,63,10652.237148
-37.0,38,10653.29808
-98.0,99,10654.270796
-156.0,157,10655.2144
-696.0,597,10659.591155
-55.0,56,10660.895634
-118.0,119,10664.482606
-137.0,138,10668.314094
-600.0,600,10670.03266
-21.0,22,10670.833565
-152.0,153,10671.087111
-106.0,107,10671.830257
-165.0,166,10674.214112
-109.0,110,10677.036752
-180.0,181,10681.473947
-97.0,98,10681.94764
-116.0,117,10683.357791
-66.0,67,10684.743727
-176.0,177,10694.533916
-308.0,209,10694.873722
-474.0,375,10695.305099
-137.0,138,10697.86545
-150.0,151,10698.848695
-151.0,152,10700.770941
-142.0,43,10702.694676
-103.0,104,10706.421211
-122.0,123,10709.327217
-154.0,155,10712.656696
-245.0,246,10712.875561
-110.0,111,10715.445856
-432.0,433,10721.522051
-144.0,145,10723.218599
-99.0,100,10724.281745
-32.0,33,10726.974116
-159.0,160,10727.912058
-352.0,253,10729.838855
-147.0,148,10729.980415
-79.0,80,10736.35834
-160.0,161,10740.295686
-130.0,131,10743.326318
-163.0,164,10743.447544
-142.0,143,10746.819026
-90.0,91,10747.0398
-158.0,159,10748.616548
-79.0,80,10749.724819
-74.0,75,10755.431442
-75.0,76,10757.12583
-97.0,98,10758.115507
-27.0,28,10760.209723
-114.0,115,10762.434833
-34.0,35,10766.540484
-547.0,448,10767.15121
-600.0,600,10768.002444
-114.0,115,10768.500506
-232.0,233,10770.13934
-55.0,56,10775.05923
-153.0,154,10775.940011
-81.0,82,10776.163112
-70.0,71,10776.273546
-49.0,50,10780.697342
-57.0,58,10782.976629
-204.0,205,10784.04961
-74.0,75,10784.603751
-90.0,91,10786.659092
-171.0,172,10787.188629
-164.0,165,10789.293312
-40.0,41,10791.42014
-91.0,92,10793.641041
-441.0,442,10794.184757
-95.0,96,10795.653313
-132.0,133,10799.415588
-32.0,33,10799.550118
-121.0,122,10801.404421
-185.0,186,10802.381768
-127.0,128,10804.114011
-118.0,119,10807.316226
-139.0,140,10807.550128
-73.0,74,10807.896216
-146.0,147,10811.119653
-84.0,85,10812.041412
-38.0,39,10812.393637
-20.0,21,10813.482685
-124.0,125,10813.803952
-48.0,49,10817.512028
-93.0,94,10818.199431
-164.0,165,10820.090506
-55.0,56,10820.201107
-142.0,143,10820.327004
-101.0,102,10824.116785
-149.0,150,10824.608822
-122.0,123,10827.545177
-82.0,83,10827.767211
-47.0,48,10829.929266
-90.0,91,10830.688311
-87.0,88,10834.148613
-155.0,156,10835.56017
-52.0,53,10836.853869
-88.0,89,10838.136398
-169.0,170,10840.02673
-64.0,65,10843.172805
-81.0,82,10843.756972
-68.0,69,10844.904739
-50.0,51,10845.985362
-81.0,82,10847.770515
-39.0,40,10848.506346
-158.0,159,10848.618565
-84.0,85,10857.591718
-143.0,144,10860.012165
-119.0,120,10860.01223
-343.0,344,10860.163865
-107.0,108,10861.189827
-38.0,39,10864.599571
-72.0,73,10868.29579
-98.0,99,10868.974709
-181.0,182,10869.424663
-95.0,96,10875.375817
-155.0,156,10877.675742
-161.0,162,10879.484906
-78.0,79,10886.726634
-165.0,166,10887.173574
-172.0,173,10889.111697
-232.0,133,10890.616875
-27.0,28,10893.739048
-583.0,584,10894.786624
-151.0,152,10896.900702
-95.0,96,10900.245686
-33.0,34,10900.985386
-69.0,70,10903.034955
-165.0,166,10906.449598
-62.0,63,10908.263266
-70.0,71,10908.526033
-41.0,42,10911.267897
-600.0,600,10913.941849
-49.0,50,10913.941912
-249.0,250,10975.446071
-60.0,61,10980.508227
-108.0,109,10980.508288
-88.0,89,10983.699681
-268.0,269,10984.355898
-212.0,213,10986.963353
-253.0,154,10988.337413
-84.0,85,10990.136658
-133.0,134,10990.423958
-66.0,67,10991.3465
-160.0,61,10991.346573
-658.0,559,10992.59047
-125.0,126,10994.903117
-91.0,92,10998.915316
-68.0,69,10999.232877
-61.0,62,10999.719941
-144.0,145,11003.641026
-81.0,82,11009.180031
-96.0,97,11010.487307
-60.0,61,11010.7198
-180.0,181,11011.049604
-22.0,23,11013.551767
-134.0,135,11014.338046
-250.0,251,11019.986373
-229.0,130,11025.109199
-330.0,331,11028.116815
-132.0,133,11029.449918
-171.0,172,11030.101769
-162.0,63,11032.377461
-108.0,109,11032.493944
-198.0,199,11036.033546
-90.0,91,11038.468167
-32.0,33,11042.211044
-122.0,123,11044.06645
-155.0,156,11047.202649
-135.0,136,11047.785636
-135.0,136,11047.897149
-93.0,94,11052.94276
-153.0,154,11053.617595
-86.0,87,11056.931849
-163.0,64,11060.888405
-600.0,600,11063.207461
-160.0,161,11066.222335
-126.0,127,11067.567283
-148.0,149,11074.107934
-115.0,116,11074.240116
-232.0,233,11074.467792
-108.0,109,11075.658787
-600.0,600,11077.351875
-133.0,34,11079.486881
-119.0,120,11081.14594
-131.0,132,11081.146005
-195.0,96,11085.107542
-107.0,108,11086.394297
-53.0,54,11087.284791
-25.0,26,11088.073947
-96.0,97,11088.429852
-33.0,34,11091.135014
-50.0,51,11096.931279
-181.0,182,11101.674352
-137.0,138,11103.998089
-266.0,267,11104.706644
-600.0,600,11112.380116
-148.0,149,11113.891585
-340.0,241,11115.491654
-113.0,114,11117.719076
-50.0,51,11118.174235
-151.0,152,11119.08567
-291.0,292,11119.554892
-69.0,70,11123.341849
-56.0,57,11124.094584
-185.0,186,11125.029247
-180.0,81,11128.515624
-53.0,54,11130.020477
-52.0,53,11130.977414
-73.0,74,11131.565776
-123.0,124,11131.996588
-208.0,209,11137.2449
-168.0,169,11137.891972
-168.0,69,11139.372906
-111.0,112,11141.224383
-139.0,140,11146.807033
-600.0,600,11147.369727
-106.0,107,11149.314785
-122.0,23,11152.066377
-154.0,155,11155.570422
-127.0,128,11162.175438
-148.0,149,11164.134481
-357.0,258,11170.841273
-140.0,141,11171.895056
-136.0,137,11177.55517
-589.0,490,11185.561867
-136.0,137,11185.88974
-212.0,213,11187.774419
-275.0,176,11191.269634
-43.0,44,11192.580079
-553.0,554,11194.491688
-163.0,164,11195.749451
-412.0,413,11198.49368
-47.0,48,11199.912211
-153.0,154,11203.213506
-97.0,98,11203.735135
-600.0,600,11207.248524
-142.0,143,11207.635397
-96.0,97,11209.855444
-68.0,69,11211.147937
-38.0,39,11212.052388
-145.0,146,11212.500222
-129.0,130,11214.855057
-96.0,97,11214.855124
-202.0,103,11218.890069
-128.0,129,11224.402986
-185.0,86,11224.648189
-112.0,113,11227.705556
-387.0,388,11229.483052
-95.0,96,11229.855689
-152.0,153,11229.855751
-170.0,171,11230.568622
-183.0,184,11232.902772
-115.0,116,11237.608793
-82.0,83,11238.901886
-103.0,104,11242.432912
-92.0,93,11243.585515
-42.0,43,11243.952626
-142.0,143,11246.189007
-47.0,48,11251.717893
-71.0,72,11252.165871
-197.0,198,11252.51166
-244.0,245,11252.649383
-25.0,26,11254.713098
-30.0,31,11255.735215
-262.0,163,11256.368053
-18.0,19,11256.937558
-134.0,135,11259.127591
-278.0,279,11259.734907
-139.0,40,11260.437251
-121.0,122,11266.623136
-338.0,239,11269.918517
-101.0,102,11271.284869
-128.0,129,11273.691361
-68.0,69,11274.281352
-153.0,154,11274.403174
-150.0,51,11275.599223
-161.0,162,11278.722592
-72.0,73,11282.681145
-93.0,94,11284.431567
-246.0,247,11284.431622
-92.0,93,11289.28102
-50.0,51,11290.106541
-138.0,139,11291.226089
-178.0,179,11291.44833
-162.0,163,11292.677995
-86.0,87,11300.133048
-85.0,86,11301.355507
-151.0,152,11301.704834
-136.0,137,11304.857495
-205.0,206,11306.098702
-178.0,179,11313.062356
-130.0,131,11314.990229
-131.0,132,11316.592698
-32.0,33,11316.815386
-224.0,225,11316.815444
-130.0,31,11320.149058
-600.0,600,11320.598905
-131.0,132,11320.826131
-91.0,92,11325.086181
-82.0,83,11325.9437
-59.0,60,11332.406483
-157.0,158,11333.871546
-129.0,130,11335.111393
-140.0,141,11335.675558
-117.0,118,11337.973224
-31.0,32,11341.487568
-81.0,82,11343.016246
-152.0,153,11349.712623
-59.0,60,11349.928525
-135.0,136,11351.016458
-94.0,95,11352.403386
-38.0,39,11354.278462
-189.0,190,11356.534767
-47.0,48,11357.679908
-76.0,77,11363.025954
-526.0,527,11363.811121
-127.0,128,11365.483159
-600.0,600,11368.587793
-73.0,74,11374.011222
-103.0,104,11374.883691
-177.0,178,11378.091588
-162.0,163,11382.215961
-74.0,75,11386.497996
-600.0,600,11388.027117
-142.0,143,11391.039588
-61.0,62,11393.54487
-72.0,73,11396.301084
-131.0,132,11397.197789
-251.0,252,11402.558536
-71.0,72,11411.013958
-175.0,176,11411.35551
-585.0,486,11412.051046
-146.0,147,11414.293563
-181.0,182,11414.507743
-600.0,600,11418.187462
-38.0,39,11422.700608
-597.0,498,11425.699629
-107.0,108,11426.878739
-163.0,164,11429.863815
-181.0,182,11432.205999
-154.0,155,11432.333203
-26.0,27,11432.934221
-152.0,153,11440.227913
-485.0,386,11440.935201
-252.0,253,11441.179995
-150.0,151,11444.060532
-174.0,175,11445.604217
-58.0,59,11446.872007
-137.0,138,11448.119788
-145.0,146,11449.503628
-36.0,37,11450.942404
-181.0,182,11452.882608
-120.0,121,11454.464042
-81.0,82,11454.844564
-67.0,68,11455.842245
-179.0,180,11461.547847
-73.0,74,11463.362648
-192.0,193,11466.079094
-120.0,121,11466.860941
-107.0,108,11466.98273
-140.0,141,11467.263695
-48.0,49,11471.633345
-95.0,96,11472.543383
-162.0,163,11474.452257
-197.0,98,11474.569398
-113.0,114,11479.83382
-121.0,122,11480.96754
-78.0,79,11481.433205
-108.0,109,11483.842269
-165.0,166,11485.456223
-103.0,104,11486.018451
-70.0,71,11487.699292
-121.0,122,11488.137985
-41.0,42,11490.166027
-467.0,368,11491.18098
-110.0,111,11493.381057
-107.0,108,11498.315758
-173.0,74,11498.665362
-160.0,161,11499.659701
-115.0,116,11501.032072
-171.0,172,11503.297589
-210.0,111,11503.820442
-57.0,58,11504.907538
-181.0,182,11508.887153
-55.0,56,11510.212285
-148.0,149,11510.322362
-53.0,54,11511.025256
-128.0,129,11515.578254
-172.0,173,11518.214048
-85.0,86,11518.590374
-98.0,99,11521.327495
-121.0,122,11523.91567
-189.0,190,11524.627458
-226.0,227,11525.100459
-179.0,80,11527.008624
-103.0,104,11527.008682
-41.0,42,11528.493443
-168.0,169,11529.752904
-144.0,45,11530.001373
-44.0,45,11534.943707
-188.0,189,11539.662329
-59.0,60,11541.693477
-187.0,188,11605.806385
-142.0,143,11606.620952
-165.0,166,11609.216232
-188.0,189,11609.327715
-168.0,169,11611.045263
-172.0,173,11612.941071
-167.0,68,11614.110569
-98.0,99,11614.110629
-178.0,79,11614.554358
-32.0,33,11614.666724
-52.0,53,11615.140174
-78.0,79,11623.380107
-79.0,80,11624.043071
-138.0,139,11624.628621
-130.0,131,11627.566043
-119.0,120,11628.111913
-216.0,217,11629.278551
-55.0,56,11629.638033
-172.0,173,11633.506512
-155.0,56,11633.835739
-185.0,186,11634.973712
-46.0,47,11634.97378
-32.0,33,11638.673229
-26.0,27,11641.788841
-169.0,170,11643.239165
-139.0,140,11643.903218
-84.0,85,11644.575747
-136.0,137,11644.824919
-109.0,110,11646.343215
-200.0,201,11647.396486
-22.0,23,11647.509432
-254.0,155,11651.195148
-83.0,84,11651.46115
-60.0,61,11651.690825
-79.0,80,11652.498578
-92.0,93,11657.321538
-48.0,49,11657.581249
-187.0,88,11657.820477
-111.0,112,11660.732285
-100.0,101,11662.966834
-93.0,94,11663.455397
-86.0,87,11667.571445
-96.0,97,11668.452736
-164.0,165,11670.294364
-147.0,148,11673.698059
-117.0,118,11675.790428
-141.0,142,11679.037816
-101.0,2,11679.253999
-344.0,345,11682.863933
-224.0,225,11685.332068
-158.0,159,11685.847171
-186.0,187,11688.144035
-166.0,167,11688.695574
-34.0,35,11692.734013
-64.0,65,11692.839036
-56.0,57,11694.691941
-159.0,160,11697.26132
-100.0,101,11697.374218
-209.0,210,11699.556165
-177.0,178,11703.134148
-57.0,58,11703.886971
-22.0,23,11706.441683
-237.0,138,11708.269167
-145.0,146,11709.332097
-43.0,44,11714.124918
-169.0,170,11716.322801
-124.0,125,11716.934397
-199.0,200,11717.066177
-140.0,141,11722.254472
-43.0,44,11727.520346
-89.0,90,11727.520415
-167.0,168,11727.520428
-142.0,143,11730.781383
-230.0,131,11732.420397
-40.0,41,11735.342757
-173.0,74,11735.927254
-600.0,600,11741.52329
-106.0,7,11742.326896
-232.0,233,11743.146405
-158.0,159,11745.487979
-29.0,30,11748.878388
-120.0,121,11749.558252
-64.0,65,11750.475711
-134.0,135,11750.594967
-21.0,22,11751.487164
-120.0,21,11753.86637
-104.0,105,11754.338264
-195.0,196,11754.559125
-372.0,273,11758.651654
-91.0,92,11760.279552
-61.0,62,11761.619667
-116.0,117,11764.374991
-600.0,600,11768.214371
-84.0,85,11768.69865
-156.0,157,11768.925549
-129.0,130,11769.136587
-122.0,23,11770.800281
-113.0,114,11773.649461
-55.0,56,11775.172441
-180.0,181,11775.772166
-124.0,125,11783.581612
-178.0,179,11785.126541
-217.0,218,11786.911278
-140.0,141,11787.132557
-47.0,48,11790.489299
-36.0,37,11791.268842
-161.0,162,11792.219985
-47.0,48,11792.335556
-151.0,152,11792.59387
-34.0,35,11795.437313
-105.0,106,11795.759596
-62.0,63,11799.530796
-217.0,218,11800.674452
-60.0,61,11802.569278
-107.0,108,11804.849845
-141.0,142,11806.687301
-82.0,83,11808.938953
-65.0,66,11810.065652
-134.0,135,11810.669048
-472.0,373,11811.618049
-105.0,106,11812.785059
-182.0,183,11813.109704
-105.0,106,11817.210261
-41.0,42,11817.778512
-60.0,61,11817.89922
-83.0,84,11818.892692
-86.0,87,11821.763138
-147.0,148,11823.786794
-148.0,149,11827.447139
-139.0,140,11829.461396
-124.0,125,11831.522638
-123.0,124,11832.121963
-122.0,123,11835.963907
-109.0,110,11836.580236
-160.0,161,11837.321524
-55.0,56,11837.942954
-144.0,145,11843.977966
-133.0,134,11844.627038
-82.0,83,11845.35238
-79.0,80,11845.584546
-76.0,77,11846.034058
-41.0,42,11849.559911
-265.0,166,11851.173511
-55.0,56,11851.862007
-129.0,130,11852.878658
-89.0,90,11856.403298
-182.0,183,11864.896033
-140.0,141,11865.538587
-184.0,185,11866.616689
-162.0,163,11869.535024
-147.0,148,11873.057905
-93.0,94,11877.149089
-114.0,115,11878.381705
-61.0,62,11880.041498
-355.0,256,11880.740538
-680.0,581,11883.959686
-180.0,181,11885.419911
-57.0,58,11886.855586
-83.0,84,11886.995553
-327.0,328,11890.147769
-106.0,107,11890.887802
-191.0,192,11891.578134
-89.0,90,11894.537591
-72.0,73,11898.562565
-56.0,57,11901.036855
-44.0,45,11906.207141
-167.0,168,11906.317683
-311.0,212,11909.771505
-170.0,171,11911.11235
-267.0,268,11911.585362
-183.0,184,11911.942607
-134.0,135,11914.020353
-69.0,70,11914.24036
-60.0,61,11918.145002
-115.0,116,11919.386189
-406.0,307,11921.988585
-110.0,111,11926.645567
-135.0,136,11929.784688
-200.0,101,11930.928307
-108.0,109,11934.438444
-222.0,223,11935.237707
-211.0,212,11942.199865
-265.0,266,11942.19993
-63.0,64,11942.441457
-126.0,127,11944.140318
-154.0,155,11944.254858
-150.0,151,11948.112201
-114.0,115,11955.426398
-184.0,185,11955.544311
-108.0,109,11956.79768
-126.0,127,11957.006009
-133.0,134,11957.641792
-127.0,128,11958.92971
-547.0,448,11963.064316
-73.0,74,11965.573077
-63.0,64,11966.459158
-84.0,85,11967.010857
-81.0,82,11967.262509
-185.0,186,11969.70151
-132.0,133,11971.05657
-33.0,34,11973.605643
-87.0,88,11976.625084
-182.0,183,11976.734905
-51.0,52,11977.122244
-132.0,133,11978.372152
-96.0,97,11978.50062
-121.0,122,11981.251156
-140.0,141,11981.916287
-51.0,52,11982.795399
-31.0,32,11985.644686
-125.0,126,11988.351439
-112.0,113,11991.581652
-53.0,54,11991.857148
-140.0,141,11993.360404
-163.0,164,11995.502545
-249.0,150,11995.626965
-139.0,140,11997.278013
-63.0,64,11998.904781
-66.0,67,12001.018932
-186.0,187,12004.289531
-155.0,156,12006.093462
-78.0,79,12006.305674
-107.0,108,12008.010537
-96.0,97,12010.090528
-76.0,77,12013.254787
-84.0,85,12015.958541
-141.0,142,12017.504009
-110.0,111,12019.096311
-211.0,212,12019.846396
-269.0,270,12022.681072
-36.0,37,12024.046695
-142.0,143,12024.373182
-48.0,49,12028.091332
-162.0,163,12028.437889
-115.0,116,12030.334839
-165.0,166,12031.788633
-111.0,12,12033.090046
-158.0,159,12033.659911
-31.0,32,12033.875558
-134.0,135,12034.116647
-121.0,122,12041.766945
-73.0,74,12042.016869
-180.0,181,12044.671741
-191.0,192,12045.576533
-114.0,115,12046.122719
-134.0,135,12049.297899
-71.0,72,12053.613826
-102.0,103,12053.613897
-76.0,77,12054.725547
-23.0,24,12056.287564
-143.0,144,12058.033997
-277.0,278,12059.62651
-27.0,28,12061.15108
-159.0,160,12062.698482
-33.0,34,12063.569852
-78.0,79,12063.679304
-274.0,275,12064.876207
-33.0,34,12067.32613
-61.0,62,12068.117138
-44.0,45,12068.638403
-175.0,176,12069.066362
-259.0,160,12071.558769
-48.0,49,12072.848769
-78.0,79,12077.443032
-147.0,48,12078.064428
-109.0,110,12080.263345
-160.0,161,12080.500386
-110.0,111,12081.351972
-256.0,157,12082.234018
-110.0,111,12083.688335
-51.0,52,12083.688397
-112.0,113,12094.868058
-98.0,99,12094.86813
-161.0,162,12095.431099
-123.0,124,12097.621756
-173.0,174,12099.681549
-206.0,207,12103.585586
-90.0,91,12108.009624
-120.0,121,12108.601029
-153.0,154,12112.869243
-262.0,163,12113.341869
-535.0,536,12116.335379
-44.0,45,12117.888526
-221.0,122,12121.85142
-56.0,57,12124.396716
-196.0,197,12126.039641
-232.0,233,12126.146885
-157.0,158,12126.537142
-119.0,120,12126.999971
-447.0,448,12131.971765
-140.0,141,12132.478393
-85.0,86,12136.856555
-130.0,131,12136.856623
-98.0,99,12137.457072
-44.0,45,12142.49033
-97.0,98,12143.211497
-156.0,157,12144.420575
-184.0,185,12145.511472
-159.0,160,12150.722854
-80.0,81,12153.662021
-161.0,162,12155.199946
-127.0,128,12157.516494
-277.0,278,12157.626641
-141.0,142,12158.41036
-192.0,193,12158.525841
-99.0,100,12161.71453
-140.0,41,12162.132913
-43.0,44,12162.384203
-98.0,99,12164.520836
-155.0,56,12164.754997
-45.0,46,12167.446082
-82.0,83,12167.785462
-326.0,227,12170.973585
-165.0,166,12173.575903
-117.0,118,12237.15044
-110.0,111,12238.512322
-139.0,140,12242.023502
-127.0,128,12243.217182
-127.0,128,12243.573009
-93.0,94,12247.830387
-116.0,117,12248.355682
-63.0,64,12250.742432
-170.0,171,12251.64111
-91.0,92,12252.317365
-45.0,46,12253.426528
-253.0,154,12255.819227
-49.0,50,12257.271139
-131.0,132,12258.086189
-143.0,44,12262.180707
-100.0,101,12263.695889
-113.0,114,12266.278501
-99.0,100,12267.056274
-175.0,176,12267.50275
-72.0,73,12270.456268
-187.0,188,12271.889744
-44.0,45,12272.103266
-127.0,128,12272.430511
-226.0,127,12280.567529
-89.0,90,12280.567588
-152.0,153,12280.906754
-110.0,11,12281.902393
-99.0,100,12283.453583
-136.0,137,12287.927261
-187.0,188,12288.743539
-69.0,70,12289.748525
-600.0,600,12290.787083
-172.0,173,12291.462111
-165.0,66,12297.439853
-59.0,60,12297.815701
-163.0,164,12299.410087
-182.0,183,12302.008487
-183.0,184,12304.589948
-162.0,63,12304.701691
-118.0,119,12305.315367
-151.0,52,12305.427919
-154.0,155,12305.860867
-165.0,166,12307.901779
-47.0,48,12310.835309
-60.0,61,12311.630035
-94.0,95,12312.898406
-142.0,143,12314.241132
-23.0,24,12316.96927
-224.0,125,12319.637933
-30.0,31,12323.193821
-152.0,153,12325.353143
-111.0,112,12325.569965
-77.0,78,12325.817566
-185.0,186,12325.933199
-186.0,187,12332.363914
-73.0,74,12334.706259
-97.0,98,12336.884232
-122.0,123,12339.977694
-147.0,148,12340.449959
-153.0,154,12343.746915
-101.0,102,12344.136636
-52.0,53,12350.162048
-390.0,391,12350.83436
-142.0,143,12351.059378
-118.0,119,12354.110884
-161.0,162,12355.485559
-42.0,43,12356.082604
-26.0,27,12357.414501
-158.0,159,12358.500185
-111.0,112,12363.947596
-72.0,73,12364.656464
-63.0,64,12364.778141
-296.0,197,12366.696971
-269.0,170,12370.129282
-68.0,69,12372.896018
-84.0,85,12374.646466
-187.0,188,12377.604845
-63.0,64,12377.604904
-569.0,570,12377.714158
-180.0,181,12379.586781
-30.0,31,12381.327124
-149.0,150,12381.548367
-44.0,45,12386.356174
-86.0,87,12387.478319
-71.0,72,12389.81515
-151.0,152,12390.489411
-213.0,214,12391.49523
-63.0,64,12393.921921
-163.0,164,12396.483752
-79.0,80,12398.97312
-180.0,181,12400.44528
-324.0,225,12400.714526
-116.0,117,12404.961464
-156.0,157,12405.672019
-150.0,151,12407.724803
-131.0,132,12411.464672
-103.0,104,12412.185735
-138.0,139,12414.741916
-72.0,73,12415.931706
-204.0,205,12417.079119
-43.0,44,12417.079215
-250.0,151,12417.647736
-118.0,119,12419.035533
-26.0,27,12420.151194
-81.0,82,12425.166741
-80.0,81,12426.815952
-120.0,121,12428.421592
-175.0,76,12428.8053
-219.0,220,12429.84564
-94.0,95,12429.845699
-55.0,56,12431.653151
-310.0,211,12435.353834
-66.0,67,12436.370808
-119.0,120,12440.626925
-109.0,110,12441.096596
-130.0,131,12444.979167
-125.0,126,12446.27507
-52.0,53,12446.836634
-105.0,106,12447.814195
-162.0,163,12448.780332
-67.0,68,12449.110242
-46.0,47,12450.453372
-66.0,67,12454.600191
-51.0,52,12456.471463
-87.0,88,12458.023272
-105.0,106,12458.567502
-121.0,122,12463.101528
-71.0,72,12464.769547
-177.0,178,12469.321591
-457.0,458,12469.852442
-112.0,113,12471.036742
-98.0,99,12474.725408
-156.0,157,12476.714952
-76.0,77,12480.020755
-148.0,149,12482.095086
-122.0,123,12483.633203
-31.0,32,12483.738442
-162.0,163,12488.883887
-105.0,106,12489.137519
-128.0,129,12489.736382
-58.0,59,12490.640807
-136.0,137,12497.981894
-63.0,64,12497.981955
-248.0,149,12500.775619
-129.0,130,12503.95786
-600.0,600,12505.901539
-165.0,166,12507.877565
-188.0,189,12511.297104
-126.0,127,12512.472579
-155.0,156,12515.875471
-659.0,560,12519.329203
-66.0,67,12520.261582
-132.0,133,12521.249792
-201.0,202,12524.060629
-174.0,175,12524.176644
-39.0,40,12524.831242
-102.0,103,12527.687016
-298.0,199,12534.277332
-72.0,73,12536.05505
-120.0,121,12537.867671
-276.0,277,12539.63941
-138.0,139,12539.968479
-280.0,181,12539.968533
-196.0,197,12547.129974
-341.0,242,12548.75346
-101.0,102,12549.370221
-103.0,104,12551.780866
-165.0,166,12553.097206
-165.0,166,12559.198434
-50.0,51,12559.198495
-45.0,46,12564.522728
-140.0,141,12565.916164
-173.0,174,12567.486346
-165.0,166,12568.172369
-78.0,79,12568.280008
-304.0,305,12574.905309
-65.0,66,12575.146762
-86.0,87,12575.893067
-97.0,98,12579.369572
-57.0,58,12582.396327
-134.0,135,12583.630417
-171.0,172,12584.065941
-139.0,140,12590.775903
-142.0,143,12591.35236
-182.0,83,12591.90385
-74.0,75,12592.224464
-484.0,385,12596.198044
-105.0,106,12596.317898
-155.0,156,12597.259507
-69.0,70,12599.990535
-54.0,55,12602.48037
-600.0,600,12604.989376
-26.0,27,12608.065132
-140.0,141,12608.559954
-100.0,101,12608.904602
-161.0,162,12609.445002
-197.0,98,12613.888114
-180.0,181,12617.211779
-242.0,243,12619.278675
-86.0,87,12619.397445
-181.0,182,12620.908325
-110.0,111,12621.59337
-119.0,120,12622.306926
-78.0,79,12626.049825
-105.0,106,12631.301731
-307.0,208,12631.68547
-128.0,129,12633.862893
-193.0,194,12635.778444
-132.0,133,12636.582547
-101.0,102,12637.583532
-43.0,44,12642.459532
-294.0,195,12644.285353
-126.0,127,12645.801969
-238.0,239,12647.985407
-124.0,125,12650.810843
-269.0,170,12651.091905
-74.0,75,12651.202578
-168.0,169,12653.089952
-159.0,160,12653.958778
-70.0,71,12656.139431
-90.0,91,12656.272117
-125.0,126,12658.690118
-169.0,70,12662.172877
-152.0,53,12662.393783
-134.0,135,12666.459053
-140.0,141,12667.296459
-101.0,102,12667.800112
-66.0,67,12669.834136
-145.0,146,12669.948112
-60.0,61,12674.944822
-153.0,154,12676.439834
-127.0,128,12677.015989
-109.0,110,12680.004504
-75.0,76,12683.50292
-156.0,157,12684.497827
-331.0,332,12688.82034
-167.0,168,12689.036486
-100.0,101,12691.513254
-144.0,145,12693.061933
-55.0,56,12698.091213
-126.0,127,12698.199084
-197.0,198,12699.768309
-93.0,94,12699.989682
-140.0,141,12700.747289
-38.0,39,12702.419035
-136.0,137,12704.583696
-133.0,134,12708.34618
-120.0,121,12713.715024
-146.0,147,12714.800651
-200.0,101,12716.030713
-140.0,141,12716.786133
-149.0,150,12716.786199
-149.0,150,12719.503617
-115.0,116,12721.49373
-59.0,60,12721.603612
-35.0,36,12725.67633
-133.0,134,12728.956189
-123.0,124,12730.979728
-559.0,560,12733.888395
-162.0,163,12734.886111
-49.0,50,12736.841522
-181.0,182,12737.822152
-145.0,146,12738.565755
-113.0,114,12739.202437
-176.0,177,12740.156536
-86.0,87,12745.310744
-53.0,54,12745.688251
-72.0,73,12747.361263
-173.0,174,12749.55216
-36.0,37,12749.883008
-156.0,157,12752.350899
-141.0,142,12753.477298
-83.0,84,12754.94439
-155.0,156,12756.111402
-39.0,40,12759.469936
-108.0,109,12761.883375
-206.0,207,12763.868251
-161.0,162,12765.587123
-162.0,163,12768.281576
-134.0,135,12768.752859
-222.0,123,12769.880009
-98.0,99,12772.926632
-224.0,125,12773.388513
-102.0,3,12773.745083
-94.0,95,12774.548768
-85.0,86,12784.14754
-146.0,147,12784.769859
-177.0,178,12788.952684
-215.0,216,12790.140291
-151.0,152,12790.35776
-188.0,189,12791.362704
-28.0,29,12793.637699
-100.0,101,12795.938128
-201.0,202,12796.902004
-146.0,147,12801.953366
-102.0,103,12802.066532
-73.0,74,12804.443736
-138.0,139,12807.330598
-73.0,74,12910.772921
-160.0,161,12912.512563
-139.0,140,12913.291524
-97.0,98,12913.512698
-50.0,51,12918.946774
-66.0,67,12920.015319
-600.0,600,12920.958019
-170.0,171,12924.159208
-140.0,141,12926.471113
-187.0,188,12928.7755
-162.0,163,12931.666896
-390.0,391,12933.647201
-167.0,68,12934.095095
-129.0,130,12934.610565
-240.0,141,12936.785083
-179.0,180,12939.252661
-51.0,52,12940.483096
-66.0,67,12941.765117
-100.0,101,12943.149637
-170.0,171,12943.379547
-130.0,131,12943.597467
-85.0,86,12946.642609
-231.0,132,12948.82374
-93.0,94,12950.173549
-67.0,68,12951.599974
-115.0,116,12955.102929
-207.0,108,12955.950561
-91.0,92,12957.352837
-68.0,69,12958.199928
-84.0,85,12958.788565
-157.0,158,12958.896622
-55.0,56,12961.873339
-87.0,88,12962.002285
-167.0,168,12962.930881
-77.0,78,12968.055874
-43.0,44,12973.26093
-140.0,141,12975.280813
-35.0,36,12977.305972
-183.0,184,12977.516888
-168.0,169,12977.835423
-164.0,165,12981.091964
-168.0,169,12981.459545
-40.0,41,12982.211499
-48.0,49,12983.461102
-99.0,100,12986.590276
-258.0,259,12987.310499
-55.0,56,12987.801122
-60.0,61,12988.02074
-47.0,48,12988.939138
-121.0,122,12991.148578
-64.0,65,12995.344908
-123.0,124,12996.193141
-51.0,52,12997.024266
-38.0,39,13000.676738
-119.0,120,13001.393119
-58.0,59,13003.95349
-164.0,165,13005.484228
-155.0,156,13006.745919
-122.0,123,13009.404974
-71.0,72,13012.106748
-130.0,131,13015.945263
-157.0,158,13019.79922
-67.0,68,13023.776892
-157.0,158,13023.776957
-166.0,167,13026.195004
-36.0,37,13028.132332
-161.0,162,13031.03799
-188.0,189,13031.515048
-600.0,600,13032.074116
-121.0,122,13033.874187
-109.0,110,13036.492105
-106.0,107,13038.477833
-60.0,61,13040.78488
-113.0,114,13041.141975
-91.0,92,13042.469367
-74.0,75,13044.86064
-123.0,124,13044.998346
-60.0,61,13045.220381
-56.0,57,13047.643465
-160.0,161,13049.761765
-94.0,95,13051.555092
-94.0,95,13055.661864
-600.0,600,13056.026578
-57.0,58,13056.247551
-113.0,114,13058.073999
-109.0,110,13060.033872
-49.0,50,13061.399567
-59.0,60,13062.903836
-111.0,112,13064.329221
-47.0,48,13065.623394
-297.0,198,13067.7311
-223.0,224,13067.840691
-145.0,146,13072.666739
-112.0,113,13074.105021
-112.0,113,13075.630463
-159.0,160,13076.071053
-123.0,124,13078.194454
-144.0,145,13084.325994
-153.0,154,13085.29315
-225.0,126,13088.553072
-110.0,111,13090.946274
-150.0,151,13092.914502
-23.0,24,13093.744973
-46.0,47,13098.237207
-199.0,200,13098.939654
-118.0,119,13102.292691
-52.0,53,13105.214718
-286.0,187,13106.907426
-91.0,92,13109.000101
-136.0,137,13109.582059
-325.0,326,13110.249889
-242.0,243,13112.194727
-78.0,79,13114.134728
-65.0,66,13117.558798
-90.0,91,13119.073737
-169.0,170,13125.792985
-91.0,92,13129.579876
-163.0,164,13130.699205
-600.0,600,13133.744668
-230.0,231,13135.584682
-89.0,90,13136.198556
-200.0,201,13136.870465
-63.0,64,13136.870519
-170.0,171,13136.98087
-28.0,29,13137.093557
-35.0,36,13141.15631
-94.0,95,13141.6202
-44.0,45,13142.260165
-54.0,55,13147.776477
-88.0,89,13151.162594
-142.0,143,13151.843446
-153.0,154,13154.315054
-155.0,156,13154.573447
-124.0,125,13156.41084
-184.0,185,13157.249622
-110.0,11,13157.715631
-22.0,23,13160.402601
-625.0,526,13162.228969
-69.0,70,13162.573745
-148.0,149,13164.978088
-129.0,130,13169.629035
-113.0,114,13170.432178
-172.0,173,13171.788908
-88.0,89,13172.352295
-196.0,197,13173.851097
-30.0,31,13173.983905
-38.0,39,13176.794563
-65.0,66,13177.12396
-42.0,43,13178.799772
-151.0,152,13179.788996
-171.0,172,13180.008957
-74.0,75,13180.223566
-136.0,137,13180.444768
-161.0,62,13183.669638
-130.0,131,13191.798126
-98.0,99,13194.769511
-151.0,152,13195.773658
-199.0,200,13196.205269
-156.0,157,13197.791769
-166.0,167,13198.753466
-36.0,37,13199.996038
-198.0,199,13202.712693
-22.0,23,13205.30641
-133.0,134,13206.691535
-257.0,258,13208.664257
-124.0,125,13208.789515
-103.0,104,13209.492787
-119.0,120,13212.236716
-149.0,150,13213.17906
-64.0,65,13216.126503
-76.0,77,13217.364312
-164.0,165,13218.44043
-132.0,133,13220.184726
-116.0,117,13222.464406
-94.0,95,13222.685228
-106.0,107,13228.044573
-47.0,48,13228.158614
-101.0,102,13228.73254
-23.0,24,13230.800203
-233.0,134,13233.573976
-42.0,43,13233.704224
-185.0,186,13234.056481
-36.0,37,13235.128986
-114.0,115,13235.718325
-359.0,260,13236.199095
-151.0,152,13237.587341
-111.0,112,13241.017336
-47.0,48,13241.602995
-73.0,74,13242.48273
-90.0,91,13244.141848
-63.0,64,13248.369358
-143.0,44,13249.222804
-74.0,75,13251.225858
-83.0,84,13251.33648
-165.0,166,13254.252476
-184.0,185,13254.888512
-178.0,179,13256.243696
-170.0,171,13257.165025
-75.0,76,13257.993643
-93.0,94,13259.258782
-54.0,55,13260.464533
-59.0,60,13266.057539
-144.0,145,13267.84756
-93.0,94,13267.95905
-18.0,19,13268.351408
-19.0,20,13270.693236
-170.0,171,13271.030658
-155.0,156,13274.237255
-57.0,58,13274.673949
-126.0,127,13275.128082
-178.0,179,13275.460384
-23.0,24,13277.076198
-69.0,70,13279.167303
-33.0,34,13280.967299
-60.0,61,13282.208865
-103.0,104,13282.644274
-71.0,72,13282.966122
-205.0,106,13287.518775
-69.0,70,13290.851925
-200.0,201,13290.851987
-77.0,78,13296.604381
-127.0,128,13296.880995
-166.0,167,13298.225083
-182.0,183,13301.840517
-172.0,173,13302.409782
-58.0,59,13304.871449
-140.0,141,13307.050398
-93.0,94,13307.527405
-50.0,51,13312.891086
-107.0,108,13314.749225
-29.0,30,13316.348785
-223.0,224,13316.630606
-104.0,105,13316.984567
-179.0,180,13317.254709
-145.0,146,13318.632684
-100.0,101,13319.300264
-22.0,23,13321.399132
-51.0,52,13323.173943
-59.0,60,13324.270047
-70.0,71,13324.693151
-600.0,600,13327.068108
-50.0,51,13327.309989
-115.0,116,13328.295965
-109.0,110,13329.453408
-102.0,103,13331.193731
-41.0,42,13332.105448
-32.0,33,13334.973985
-91.0,92,13338.814353
-33.0,34,13338.814412
-149.0,150,13340.27523
-144.0,145,13340.84806
-47.0,48,13346.490763
-127.0,128,13346.848595
-151.0,152,13346.968544
-73.0,74,13348.923369
-139.0,140,13355.041547
-142.0,143,13355.366138
-77.0,78,13355.953158
-132.0,133,13362.145798
-114.0,115,13362.14587
-165.0,166,13365.668014
-365.0,366,13366.960968
-150.0,151,13372.658126
-109.0,110,13374.985693
-114.0,115,13375.556436
-174.0,175,13375.66482
-32.0,33,13376.347335
-178.0,179,13376.694314
-101.0,102,13377.505408
-122.0,123,13381.23156
-64.0,65,13383.234966
-61.0,62,13384.63912
-183.0,84,13386.01657
-83.0,84,13386.439329
-150.0,151,13392.246771
-153.0,154,13393.145823
-91.0,92,13393.634011
-600.0,600,13396.127434
-58.0,59,13402.789277
-161.0,162,13403.010691
-167.0,168,13405.445136
-227.0,128,13406.813786
-34.0,35,13407.026372
-38.0,39,13409.808005
-159.0,160,13411.738425
-180.0,181,13413.758241
-56.0,57,13416.374212
-144.0,145,13423.2694
-354.0,355,13426.381614
-172.0,173,13426.78576
-421.0,422,13429.367048
-147.0,148,13430.773806
-143.0,144,13432.944381
-113.0,114,13442.618465
-253.0,154,13444.394864
-98.0,99,13444.506039
-193.0,194,13445.864787
-166.0,167,13446.225163
-139.0,140,13447.080127
-413.0,314,13448.205075
-77.0,78,13455.107394
-97.0,98,13455.930555
-130.0,131,13457.961604
-212.0,113,13459.400381
-97.0,98,13459.512161
-63.0,64,13462.327694
-64.0,65,13463.253909
-34.0,35,13463.374154
-168.0,169,13464.048857
-153.0,154,13464.837756
-78.0,79,13468.458694
-108.0,109,13470.247355
-67.0,68,13470.933553
-600.0,600,13471.960974
-98.0,99,13474.829443
-89.0,90,13475.274139
-35.0,36,13475.274191
-44.0,45,13480.494025
-146.0,147,13481.08614
-173.0,174,13544.556673
-125.0,126,13547.063846
-44.0,45,13548.2217
-154.0,55,13550.57625
-149.0,150,13554.403355
-217.0,218,13555.636409
-201.0,202,13557.23399
-94.0,95,13558.964818
-153.0,154,13560.002173
-130.0,31,13560.669406
-151.0,52,13561.478428
-135.0,136,13566.06702
-60.0,61,13566.869969
-98.0,99,13570.22169
-94.0,95,13571.400264
-51.0,52,13571.991785
-235.0,236,13573.700635
-61.0,62,13573.94719
-185.0,186,13575.595047
-147.0,148,13578.374717
-74.0,75,13578.829556
-36.0,37,13579.912165
-103.0,104,13583.416616
-95.0,96,13584.916909
-63.0,64,13585.570246
-137.0,138,13587.753311
-95.0,96,13590.653131
-156.0,157,13591.615643
-72.0,73,13593.14931
-72.0,73,13593.838156
-194.0,195,13601.007146
-72.0,73,13601.571727
-136.0,137,13603.346004
-124.0,125,13604.959517
-600.0,600,13605.202078
-122.0,123,13607.999147
-321.0,222,13608.699121
-158.0,159,13609.840992
-46.0,47,13610.680928
-54.0,55,13616.260376
-171.0,172,13620.855857
-140.0,141,13621.284603
-99.0,100,13622.239687
-119.0,120,13622.61059
-174.0,175,13623.619187
-161.0,162,13626.847614
-43.0,44,13627.430004
-82.0,83,13631.101274
-95.0,96,13632.207538
-144.0,145,13633.206179
-60.0,61,13633.986536
-35.0,36,13636.209416
-144.0,45,13636.209488
-124.0,125,13637.084199
-107.0,108,13639.751424
-61.0,62,13640.879693
-154.0,155,13641.507785
-58.0,59,13643.790494
-57.0,58,13648.108715
-114.0,115,13649.269369
-537.0,438,13652.016362
-111.0,112,13653.74905
-65.0,66,13657.037493
-180.0,181,13657.037566
-314.0,215,13657.781039
-129.0,130,13658.851838
-167.0,68,13660.014881
-188.0,189,13661.64445
-169.0,70,13661.986168
-130.0,131,13663.361148
-113.0,114,13671.138599
-115.0,116,13672.394028
-138.0,139,13673.146837
-158.0,159,13675.511117
-140.0,141,13676.42203
-144.0,145,13678.566462
-247.0,148,13679.285933
-64.0,65,13679.982584
-145.0,146,13680.467988
-71.0,72,13681.66596
-120.0,121,13685.326116
-121.0,122,13690.004121
-100.0,101,13690.618852
-64.0,65,13693.128935
-119.0,120,13694.849737
-161.0,162,13695.843145
-128.0,129,13697.055508
-154.0,155,13697.758248
-271.0,172,13700.453619
-71.0,72,13704.019076
-139.0,140,13706.368288
-87.0,88,13707.279743
-120.0,121,13707.27982
-46.0,47,13709.693814
-143.0,144,13711.763228
-120.0,121,13712.037847
-54.0,55,13713.972071
-99.0,100,13718.423305
-138.0,139,13723.824075
-132.0,133,13725.517882
-116.0,117,13725.630843
-64.0,65,13726.135732
-120.0,121,13726.356097
-234.0,235,13728.318341
-258.0,159,13732.632028
-503.0,404,13738.061123
-86.0,87,13738.203843
-23.0,24,13740.968023
-132.0,133,13741.644936
-151.0,152,13743.146077
-171.0,172,13743.695383
-169.0,170,13745.61703
-156.0,57,13747.52687
-191.0,192,13747.647888
-98.0,99,13753.082552
-107.0,108,13755.590389
-93.0,94,13756.485527
-217.0,218,13757.605524
-98.0,99,13758.919481
-58.0,59,13759.750093
-190.0,191,13759.967772
-129.0,130,13762.424008
-48.0,49,13763.173328
-172.0,173,13763.568746
-45.0,46,13765.317459
-88.0,89,13766.620025
-46.0,47,13770.610928
-131.0,132,13774.874865
-115.0,116,13775.625576
-177.0,178,13775.842182
-118.0,119,13777.035997
-58.0,59,13777.253787
-135.0,136,13778.578662
-113.0,114,13779.495559
-188.0,189,13780.476702
-35.0,36,13781.170276
-58.0,59,13782.33732
-40.0,41,13783.408901
-22.0,23,13785.045532
-110.0,111,13788.601529
-77.0,78,13789.562806
-110.0,111,13790.14489
-170.0,171,13794.363383
-56.0,57,13795.096488
-146.0,147,13798.119214
-130.0,131,13798.471224
-169.0,170,13799.171878
-124.0,125,13799.39193
-108.0,109,13802.678817
-71.0,72,13802.793369
-41.0,42,13803.340909
-80.0,81,13804.468135
-121.0,122,13812.366687
-117.0,118,13812.942487
-91.0,92,13813.530297
-223.0,224,13815.461008
-144.0,145,13819.512434
-141.0,142,13819.876015
-146.0,147,13821.549279
-202.0,203,13822.95764
-90.0,91,13825.935924
-47.0,48,13828.545327
-152.0,153,13830.052678
-101.0,102,13831.278144
-166.0,167,13832.202521
-39.0,40,13833.125767
-32.0,33,13833.862167
-184.0,185,13834.885632
-120.0,121,13835.602127
-157.0,158,13838.023948
-54.0,55,13839.422373
-168.0,169,13845.701266
-93.0,94,13845.924478
-71.0,72,13846.605357
-68.0,69,13847.620217
-129.0,130,13848.969419
-177.0,178,13852.906272
-86.0,87,13856.07474
-90.0,91,13856.307924
-101.0,102,13859.519544
-245.0,246,13859.957149
-46.0,47,13861.338531
-59.0,60,13866.374017
-150.0,151,13866.484178
-150.0,151,13870.251392
-317.0,218,13871.697498
-122.0,123,13875.641019
-149.0,150,13877.235691
-99.0,100,13878.008873
-100.0,101,13878.008932
-114.0,15,13879.707778
-72.0,73,13880.18356
-68.0,69,13883.521751
-45.0,46,13885.542083
-53.0,54,13886.009313
-101.0,102,13888.854572
-167.0,168,13889.660445
-36.0,37,13889.660515
-336.0,337,13895.016823
-192.0,93,13899.586348
-180.0,181,13904.29985
-600.0,600,13904.919299
-174.0,175,13906.055893
-105.0,106,13907.18558
-71.0,72,13907.917062
-163.0,164,13908.651833
-46.0,47,13911.581299
-229.0,230,13916.152687
-191.0,92,13917.740447
-62.0,63,13918.678039
-133.0,134,13919.758064
-130.0,131,13920.006144
-101.0,102,13920.342512
-25.0,26,13921.705641
-142.0,143,13924.283583
-68.0,69,13927.949651
-103.0,104,13928.209197
-90.0,91,13930.912024
-59.0,60,13931.372082
-120.0,21,13933.838363
-121.0,122,13933.98145
-119.0,120,13935.710914
-70.0,71,13936.325225
-164.0,165,13937.038934
-626.0,527,13938.831805
-122.0,23,13939.568559
-87.0,88,13945.750428
-157.0,158,13946.475316
-115.0,116,13947.292751
-145.0,146,13947.790476
-129.0,130,13948.871381
-35.0,36,13950.086674
-127.0,128,13953.490533
-157.0,158,13954.405644
-50.0,51,13959.38671
-154.0,155,13966.319661
-185.0,186,13967.60062
-176.0,177,13967.868193
-196.0,197,13969.718909
-189.0,190,13971.601579
-56.0,57,13974.260872
-179.0,180,13974.893239
-155.0,156,13977.072509
-76.0,77,13980.340872
-118.0,119,13981.488875
-61.0,62,13982.018877
-183.0,184,13987.570797
-147.0,148,13991.342514
-81.0,82,13991.609247
-208.0,209,13993.875658
-54.0,55,13993.987034
-119.0,120,13994.351774
-106.0,107,14003.671087
-85.0,86,14003.78974
-198.0,199,14004.581043
-19.0,20,14005.968224
-144.0,145,14008.365263
-600.0,600,14008.6187
-82.0,83,14014.216208
-213.0,214,14018.655181
-142.0,143,14020.234639
-123.0,124,14022.601184
-157.0,158,14026.606804
-179.0,180,14026.606863
-314.0,315,14030.52516
-232.0,133,14035.580644
-154.0,155,14036.550695
-91.0,92,14037.415081
-204.0,205,14037.866401
-529.0,530,14038.34976
-67.0,68,14038.60451
-139.0,140,14038.836037
-154.0,55,14045.217536
-82.0,83,14046.425627
-88.0,89,14047.913322
-141.0,42,14051.245164
-106.0,107,14051.380985
-229.0,230,14053.557474
-167.0,168,14055.305661
-197.0,98,14056.499055
-161.0,162,14057.280753
-170.0,171,14057.866433
-60.0,61,14058.366522
-119.0,20,14059.597196
-93.0,94,14062.240946
-78.0,79,14064.456608
-64.0,65,14065.886788
-169.0,170,14067.608058
-47.0,48,14067.853774
-103.0,104,14071.882802
-161.0,162,14072.566108
-232.0,133,14073.445914
-161.0,162,14075.375745
-80.0,81,14077.20503
-115.0,116,14081.455318
-186.0,187,14086.306431
-125.0,126,14086.430171
-179.0,180,14086.877981
-232.0,133,14090.847182
-166.0,167,14092.8215
-129.0,130,14096.506961
-82.0,83,14096.507022
-89.0,90,14096.859336
-213.0,214,14097.346177
-59.0,60,14103.596079
-110.0,111,14103.823387
-54.0,55,14103.823444
-168.0,69,14105.015535
-167.0,168,14105.941325
-126.0,127,14107.62149
-75.0,76,14112.66847
-69.0,70,14115.716488
-126.0,127,14119.48183
-472.0,373,14120.262998
-206.0,207,14120.382949
-131.0,132,14120.916479
-27.0,28,14191.532817
-183.0,184,14192.017423
-47.0,48,14193.292932
-192.0,193,14193.292988
-28.0,29,14196.439629
-62.0,63,14198.665776
-200.0,201,14202.828181
-180.0,181,14203.609496
-117.0,118,14206.72679
-169.0,170,14207.066806
-180.0,181,14207.533
-85.0,86,14212.58341
-87.0,88,14213.65493
-195.0,196,14214.375577
-79.0,80,14216.150722
-177.0,178,14218.882791
-56.0,57,14220.686758
-136.0,137,14222.122245
-93.0,94,14224.195123
-151.0,152,14229.746116
-201.0,202,14230.382712
-38.0,39,14234.259368
-260.0,161,14234.372159
-90.0,91,14234.58873
-142.0,143,14235.139986
-342.0,343,14235.465189
-176.0,177,14240.904513
-64.0,65,14242.007789
-181.0,182,14242.881245
-129.0,130,14245.138353
-126.0,127,14248.791727
-142.0,143,14250.733978
-137.0,138,14251.33056
-112.0,113,14255.067639
-35.0,36,14255.546814
-141.0,142,14257.317281
-73.0,74,14257.436187
-207.0,208,14259.116332
-145.0,146,14259.816822
-18.0,19,14261.269441
-38.0,39,14261.777567
-55.0,56,14262.027208
-147.0,148,14262.397283
-88.0,89,14265.554141
-57.0,58,14266.759435
-20.0,21,14267.993647
-53.0,54,14268.225448
-109.0,110,14270.368932
-73.0,74,14271.121804
-93.0,94,14273.098968
-143.0,44,14273.321694
-193.0,194,14273.457578
-220.0,121,14275.575347
-72.0,73,14279.622331
-70.0,71,14281.709456
-134.0,135,14283.535305
-101.0,102,14285.115013
-135.0,136,14286.075992
-56.0,57,14288.349741
-141.0,142,14289.556222
-220.0,221,14292.386635
-153.0,154,14293.423584
-121.0,122,14293.760022
-107.0,108,14297.594846
-100.0,101,14297.713658
-43.0,44,14298.818095
-111.0,112,14306.397681
-66.0,67,14306.644083
-123.0,124,14306.760725
-172.0,173,14309.787604
-226.0,227,14310.120394
-114.0,115,14311.191633
-118.0,119,14311.767195
-395.0,296,14322.74903
-144.0,145,14323.608753
-162.0,163,14325.419475
-164.0,165,14326.042326
-152.0,153,14329.432576
-56.0,57,14330.154513
-173.0,174,14330.268996
-64.0,65,14330.269063
-176.0,177,14331.593179
-176.0,77,14338.99414
-123.0,124,14340.320182
-92.0,93,14341.002753
-98.0,99,14341.663794
-115.0,116,14344.982283
-179.0,180,14346.170086
-66.0,67,14346.764358
-40.0,41,14351.459965
-103.0,104,14352.32718
-137.0,138,14356.798688
-121.0,122,14358.881212
-160.0,161,14360.014268
-36.0,37,14360.889521
-111.0,112,14364.857142
-169.0,170,14365.40382
-231.0,132,14366.304794
-72.0,73,14367.083487
-35.0,36,14370.504072
-66.0,67,14372.569046
-123.0,124,14375.104081
-94.0,95,14376.416577
-42.0,43,14377.527457
-600.0,600,14378.620188
-166.0,167,14379.08046
-77.0,78,14384.148123
-85.0,86,14386.50203
-167.0,168,14386.71939
-524.0,525,14389.82512
-83.0,84,14393.912071
-85.0,86,14396.458032
-150.0,151,14396.597615
-167.0,168,14396.933733
-31.0,32,14400.369613
-106.0,107,14402.080443
-167.0,168,14405.900535
-79.0,80,14406.385868
-86.0,87,14410.463953
-285.0,286,14411.938393
-141.0,142,14413.095195
-166.0,167,14413.35133
-165.0,66,14413.595957
-375.0,376,14414.170271
-137.0,138,14418.36955
-49.0,50,14419.523016
-134.0,135,14422.295621
-197.0,98,14423.585666
-229.0,130,14425.903679
-108.0,109,14427.019582
-55.0,56,14428.692512
-32.0,33,14432.239495
-165.0,166,14432.504999
-193.0,194,14435.432852
-152.0,153,14435.807313
-136.0,137,14439.086989
-319.0,220,14444.832258
-180.0,181,14446.456396
-176.0,177,14447.145164
-92.0,93,14449.824757
-123.0,124,14450.2233
-37.0,38,14454.574675
-66.0,67,14454.909855
-77.0,78,14455.493017
-210.0,211,14456.959698
-191.0,192,14457.800838
-32.0,33,14461.5793
-107.0,108,14462.375169
-152.0,153,14462.488277
-22.0,23,14464.263402
-40.0,41,14467.327327
-122.0,123,14469.268632
-114.0,115,14470.286709
-136.0,137,14470.509014
-76.0,77,14471.315552
-247.0,148,14472.69253
-91.0,92,14474.923985
-62.0,63,14477.645826
-60.0,61,14479.755576
-149.0,150,14486.688883
-181.0,182,14491.63338
-127.0,128,14492.433076
-216.0,117,14493.360678
-167.0,168,14494.426879
-382.0,283,14500.119549
-115.0,116,14500.119611
-73.0,74,14501.039375
-600.0,600,14501.867656
-75.0,76,14502.200489
-121.0,122,14505.798407
-300.0,301,14506.242131
-108.0,109,14507.037102
-65.0,66,14507.718649
-85.0,86,14511.748368
-50.0,51,14512.797984
-123.0,124,14516.257329
-44.0,45,14516.735397
-140.0,141,14517.087578
-129.0,130,14520.693827
-179.0,180,14520.807152
-60.0,61,14523.936053
-163.0,164,14525.091277
-155.0,156,14525.68991
-74.0,75,14525.939081
-133.0,134,14532.262035
-72.0,73,14534.758088
-32.0,33,14536.195494
-204.0,205,14537.033505
-140.0,141,14537.542039
-121.0,122,14539.801726
-177.0,178,14545.23901
-88.0,89,14545.353014
-134.0,135,14553.461111
-149.0,150,14553.965825
-287.0,288,14554.962173
-84.0,85,14555.193213
-170.0,171,14557.185547
-61.0,62,14560.927184
-188.0,189,14561.752632
-420.0,321,14563.429808
-163.0,164,14564.345831
-92.0,93,14565.82568
-95.0,96,14565.952881
-44.0,45,14568.637161
-147.0,148,14570.342641
-101.0,102,14572.591856
-110.0,111,14576.837519
-99.0,100,14577.054866
-124.0,125,14580.006273
-174.0,175,14581.67783
-115.0,116,14583.596531
-51.0,52,14586.050977
-121.0,122,14586.506337
-26.0,27,14589.133128
-139.0,140,14593.248011
-64.0,65,14594.040158
-333.0,234,14595.460559
-342.0,343,14596.345703
-173.0,174,14596.88057
-149.0,150,14600.930997
-181.0,182,14602.849285
-143.0,144,14610.009071
-189.0,190,14611.2743
-96.0,97,14612.202687
-164.0,165,14615.732064
-134.0,135,14618.63792
-106.0,107,14622.744741
-359.0,260,14624.610538
-291.0,292,14629.533908
-173.0,174,14631.603302
-112.0,113,14631.722956
-185.0,186,14637.177137
-130.0,131,14639.465997
-90.0,91,14639.911721
-377.0,378,14640.841166
-35.0,36,14641.290518
-166.0,167,14641.767143
-286.0,287,14645.513979
-61.0,62,14652.769181
-184.0,185,14652.998607
-205.0,106,14653.244407
-119.0,120,14655.81075
-143.0,144,14656.290076
-172.0,173,14661.587355
-91.0,92,14663.926197
-136.0,137,14668.780364
-137.0,138,14669.374803
-146.0,147,14672.860466
-396.0,297,14674.445847
-112.0,113,14674.565761
-161.0,162,14675.006723
-57.0,58,14675.330812
-127.0,128,14678.380139
-35.0,36,14678.595831
-45.0,46,14679.621761
-35.0,36,14682.527952
-105.0,106,14685.007763
-138.0,139,14685.27262
-34.0,35,14686.591936
-99.0,100,14686.807917
-85.0,86,14688.59939
-515.0,516,14691.537977
-163.0,164,14694.196238
-95.0,96,14698.174999
-92.0,93,14699.78212
-50.0,51,14700.228216
-144.0,145,14702.126784
-48.0,49,14705.362156
-185.0,186,14707.032418
-129.0,130,14713.042745
-240.0,241,14714.914304
-148.0,149,14717.206624
-425.0,326,14717.562341
-47.0,48,14718.419149
-25.0,26,14720.154479
-174.0,175,14722.096701
-144.0,145,14723.680821
-78.0,79,14724.083969
-169.0,170,14724.982103
-56.0,57,14725.240549
-127.0,128,14732.600712
-114.0,115,14735.798601
-103.0,104,14736.019626
-138.0,139,14736.550768
-106.0,107,14737.704523
-116.0,117,14738.573903
-34.0,35,14741.537543
-52.0,53,14742.52483
-118.0,19,14743.855555
-174.0,175,14744.443632
-95.0,96,14746.854158
-204.0,105,14748.235018
-86.0,87,14748.796249
-245.0,146,14749.606949
-77.0,78,14753.003469
-55.0,56,14753.366251
-30.0,31,14756.947538
-564.0,565,14757.171349
-107.0,108,14762.132256
-145.0,146,14765.162576
-159.0,160,14767.381915
-146.0,147,14819.812306
-132.0,133,14822.390212
-163.0,164,14825.611563
-120.0,121,14825.724576
-44.0,45,14830.686373
-154.0,155,14832.567621
-169.0,170,14836.2576
-382.0,383,14836.367424
-165.0,166,14838.419608
-140.0,141,14841.480353
-216.0,217,14847.106122
-129.0,130,14851.385543
-174.0,175,14852.731563
-131.0,132,14854.000756
-125.0,126,14856.447608
-203.0,204,14860.269841
-64.0,65,14861.623549
-600.0,600,14863.530983
-141.0,142,14863.646776
-125.0,126,14866.264953
-67.0,68,14869.761128
-68.0,69,14871.961571
-52.0,53,14872.528618
-194.0,195,14875.758467
-485.0,386,14875.758527
-144.0,145,14877.414709
-200.0,201,14880.119276
-102.0,103,14881.645191
-75.0,76,14885.938375
-194.0,195,14886.271848
-47.0,48,14887.131149
-256.0,157,14890.009473
-159.0,160,14890.977626
-110.0,111,14892.777841
-57.0,58,14893.001899
-175.0,176,14895.864453
-286.0,187,14897.119224
-175.0,76,14898.827242
-131.0,132,14901.162433
-82.0,83,14905.444758
-126.0,127,14905.58044
-76.0,77,14906.02477
-164.0,165,14906.153198
-120.0,121,14906.76682
-77.0,78,14907.868214
-23.0,24,14909.029391
-173.0,174,14913.27729
-151.0,152,14918.910038
-120.0,121,14919.558339
-60.0,61,14920.29289
-130.0,131,14920.867815
-129.0,130,14921.895538
-134.0,135,14924.739363
-46.0,47,14925.752975
-153.0,154,14925.753033
-181.0,182,14927.200046
-70.0,71,14930.114749
-121.0,122,14933.086973
-129.0,130,14934.621164
-80.0,81,14935.090198
-90.0,91,14935.202152
-110.0,111,14938.510632
-51.0,52,14938.965783
-39.0,40,14939.814656
-145.0,46,14940.404263
-172.0,173,14940.849058
-119.0,120,14941.089852
-148.0,149,14947.310174
-79.0,80,14949.657921
-100.0,101,14950.203853
-41.0,42,14952.117826
-111.0,112,14953.905818
-135.0,136,14955.322947
-284.0,185,14955.801444
-146.0,147,14957.831315
-120.0,21,14958.425769
-45.0,46,14960.931824
-193.0,194,14961.514882
-31.0,32,14961.629972
-68.0,69,14962.107007
-124.0,125,14964.242306
-82.0,83,14970.648842
-179.0,180,14971.241704
-85.0,86,14971.66833
-124.0,125,14973.040694
-199.0,100,14975.677835
-313.0,214,14976.914519
-68.0,69,14979.502395
-158.0,159,14979.815911
-163.0,164,14980.87464
-106.0,107,14983.119982
-85.0,86,14986.442795
-148.0,149,14989.506597
-93.0,94,14989.733171
-82.0,83,14989.953373
-133.0,134,14990.524431
-38.0,39,14993.900146
-226.0,227,14995.870411
-148.0,149,14996.235784
-134.0,135,14998.311841
-41.0,42,14998.768161
-80.0,81,14999.845322
-118.0,119,14999.975625
-97.0,98,15001.080991
-63.0,64,15007.736826
-75.0,76,15009.058196
-107.0,108,15009.30725
-132.0,133,15011.94838
-212.0,213,15015.060268
-79.0,80,15018.287823
-157.0,158,15019.756077
-188.0,189,15020.651353
-134.0,135,15023.696851
-228.0,129,15027.115491
-158.0,159,15028.073771
-75.0,76,15028.923201
-118.0,119,15029.172807
-88.0,89,15031.39694
-127.0,128,15033.605034
-60.0,61,15034.296478
-59.0,60,15036.001156
-324.0,325,15037.228535
-52.0,53,15037.483428
-116.0,117,15042.594683
-151.0,152,15045.945442
-105.0,106,15050.025727
-149.0,150,15051.12895
-130.0,131,15051.464401
-160.0,161,15056.040642
-128.0,129,15057.485251
-202.0,203,15057.854791
-68.0,69,15057.854849
-396.0,297,15058.333674
-82.0,83,15061.045419
-154.0,155,15063.816839
-54.0,55,15064.838966
-124.0,125,15065.633898
-103.0,104,15070.037162
-141.0,142,15072.607737
-130.0,131,15072.822575
-144.0,145,15074.731223
-119.0,120,15074.986781
-116.0,117,15077.399254
-112.0,113,15085.692337
-155.0,156,15088.078809
-195.0,196,15088.328659
-108.0,109,15090.097954
-168.0,169,15092.470109
-159.0,160,15093.399488
-51.0,52,15096.115888
-66.0,67,15096.115941
-280.0,281,15097.372042
-220.0,221,15100.655139
-137.0,138,15101.693924
-49.0,50,15101.918883
-28.0,29,15104.143774
-144.0,145,15105.079992
-107.0,108,15106.005404
-123.0,124,15106.90545
-187.0,88,15107.652133
-52.0,53,15107.895739
-111.0,112,15109.187228
-129.0,130,15117.163326
-115.0,116,15118.59655
-126.0,127,15120.772063
-149.0,150,15121.571084
-147.0,148,15124.97584
-143.0,144,15126.053082
-93.0,94,15131.672894
-206.0,207,15132.057557
-121.0,122,15132.717506
-236.0,237,15134.447505
-99.0,100,15137.617802
-161.0,162,15140.418856
-79.0,80,15142.081633
-94.0,95,15142.795437
-135.0,136,15148.056737
-267.0,268,15148.531061
-203.0,204,15148.902706
-77.0,78,15149.703991
-113.0,114,15151.13277
-90.0,91,15152.986559
-174.0,175,15155.180446
-118.0,119,15156.856504
-64.0,65,15158.768584
-118.0,119,15162.820441
-83.0,84,15166.635649
-170.0,171,15168.491902
-165.0,166,15169.088142
-149.0,150,15170.365834
-201.0,202,15171.690642
-35.0,36,15174.598765
-169.0,170,15174.9278
-139.0,140,15175.051666
-81.0,82,15178.083051
-156.0,157,15180.896283
-85.0,86,15181.44879
-79.0,80,15186.934464
-181.0,182,15187.394171
-113.0,114,15187.712261
-172.0,173,15188.733859
-138.0,139,15190.700382
-28.0,29,15192.039293
-159.0,160,15192.607738
-36.0,37,15194.882185
-96.0,97,15198.782526
-109.0,110,15199.975968
-113.0,114,15199.976029
-186.0,187,15202.68977
-30.0,31,15203.614475
-118.0,119,15205.92025
-156.0,57,15206.727995
-131.0,132,15207.923928
-64.0,65,15210.368953
-69.0,70,15211.758164
-174.0,175,15215.061882
-70.0,71,15215.982392
-83.0,84,15216.245082
-117.0,118,15219.397272
-84.0,85,15220.130755
-51.0,52,15221.257531
-195.0,196,15221.622675
-111.0,112,15224.872814
-79.0,80,15225.631809
-34.0,35,15225.860528
-101.0,102,15232.126444
-114.0,115,15232.902565
-94.0,95,15235.822526
-89.0,90,15236.187732
-179.0,180,15237.380906
-145.0,146,15238.346876
-118.0,119,15239.459712
-134.0,35,15241.592802
-74.0,75,15244.847921
-54.0,55,15244.963572
-114.0,115,15245.75901
-93.0,94,15247.43537
-51.0,52,15247.77602
-593.0,594,15249.946721
-157.0,158,15251.653116
-119.0,120,15253.577886
-86.0,87,15254.928612
-67.0,68,15255.622718
-101.0,102,15259.16755
-107.0,108,15262.268421
-164.0,165,15263.976933
-159.0,160,15264.225299
-65.0,66,15266.718835
-59.0,60,15269.3102
-153.0,154,15269.437722
-128.0,129,15270.621276
-137.0,138,15270.976239
-171.0,172,15273.582355
-76.0,77,15275.900363
-55.0,56,15275.900421
-124.0,125,15278.643935
-30.0,31,15279.546082
-60.0,61,15280.728761
-114.0,115,15283.070657
-104.0,105,15283.427241
-70.0,71,15287.833277
-150.0,151,15288.276216
-105.0,106,15288.276278
-74.0,75,15289.396776
-227.0,228,15290.870389
-151.0,152,15296.359375
-128.0,129,15298.269966
-135.0,136,15298.732634
-105.0,106,15300.634974
-100.0,101,15301.22097
-121.0,122,15302.585331
-146.0,147,15305.067413
-55.0,56,15307.81761
-98.0,99,15308.093771
-168.0,169,15310.766379
-27.0,28,15311.100763
-84.0,85,15312.549276
-38.0,39,15312.666326
-109.0,110,15313.622822
-157.0,158,15316.918235
-109.0,110,15317.945359
-37.0,38,15318.064203
-54.0,55,15318.980357
-67.0,68,15320.555992
-186.0,187,15320.695047
-87.0,88,15321.39044
-130.0,131,15326.150586
-62.0,63,15326.369283
-57.0,58,15327.380125
-88.0,89,15328.492339
-71.0,72,15329.246263
-135.0,136,15333.944757
-79.0,80,15337.003887
-31.0,32,15337.840077
-99.0,100,15338.090518
-76.0,77,15338.457181
-155.0,156,15339.926888
-43.0,44,15342.140081
-42.0,43,15342.830576
-224.0,225,15343.423624
-168.0,169,15346.426949
-185.0,186,15350.440611
-109.0,110,15350.931699
-116.0,117,15353.622137
-94.0,95,15353.94753
-23.0,24,15356.786015
-174.0,175,15358.953597
-108.0,109,15359.178158
-86.0,87,15361.163223
-116.0,117,15364.18098
-179.0,180,15364.540619
-116.0,117,15367.437599
-90.0,91,15369.950315
-22.0,23,15370.193863
-71.0,72,15372.818254
-161.0,162,15375.984687
-65.0,66,15377.955173
-331.0,332,15381.447291
-88.0,89,15383.49384
-120.0,121,15384.49222
-214.0,215,15384.607826
-195.0,196,15384.607889
-285.0,186,15386.816557
-21.0,22,15387.038136
-106.0,107,15388.816845
-35.0,36,15391.243381
-170.0,171,15398.327107
-91.0,92,15447.842675
-145.0,146,15449.899183
-159.0,160,15451.473466
-186.0,187,15453.597851
-206.0,207,15453.935081
-67.0,68,15454.388156
-174.0,175,15455.433002
-151.0,52,15455.852475
-162.0,163,15458.375517
-119.0,120,15461.730601
-64.0,65,15466.033183
-99.0,100,15466.033246
-131.0,132,15466.83574
-45.0,46,15467.057616
-135.0,136,15471.604728
-188.0,189,15475.254896
-187.0,188,15475.473114
-76.0,77,15475.697605
-82.0,83,15476.179571
-97.0,98,15477.112707
-34.0,35,15479.772995
-44.0,45,15481.525161
-230.0,231,15482.133022
-148.0,149,15483.211048
-114.0,115,15488.704924
-85.0,86,15492.050787
-149.0,150,15493.050238
-97.0,98,15494.572403
-211.0,112,15494.572469
-225.0,126,15494.572482
-158.0,159,15495.721352
-227.0,228,15498.022977
-119.0,120,15502.660396
-64.0,65,15503.227272
-80.0,81,15503.964758
-99.0,100,15506.223502
-117.0,118,15506.812426
-156.0,157,15510.28941
-76.0,77,15512.809779
-138.0,139,15514.12177
-179.0,180,15515.350582
-78.0,79,15515.869507
-146.0,47,15518.366289
-170.0,71,15518.618987
-157.0,158,15521.07319
-153.0,154,15524.190501
-89.0,90,15526.075644
-195.0,196,15526.18682
-89.0,90,15528.988789
-130.0,131,15529.6065
-52.0,53,15530.420226
-104.0,105,15531.000209
-131.0,132,15531.496501
-50.0,51,15535.131796
-68.0,69,15538.704492
-69.0,70,15539.428234
-138.0,139,15542.582637
-186.0,187,15543.291153
-160.0,161,15545.379661
-123.0,124,15546.271729
-157.0,158,15548.393659
-54.0,55,15549.096713
-53.0,54,15549.718317
-123.0,124,15549.855843
-37.0,38,15552.894973
-123.0,124,15553.339948
-76.0,77,15555.237164
-35.0,36,15557.351433
-40.0,41,15559.801158
-91.0,92,15560.263622
-198.0,199,15562.623017
-129.0,130,15564.755045
-173.0,174,15565.520116
-57.0,58,15566.63156
-257.0,158,15567.422546
-76.0,77,15569.367428
-57.0,58,15569.367483
-81.0,82,15574.171151
-86.0,87,15576.704372
-86.0,87,15577.342286
-176.0,177,15577.771011
-142.0,143,15581.828143
-259.0,260,15582.692333
-45.0,46,15583.013978
-129.0,130,15584.165352
-96.0,97,15585.216711
-148.0,149,15586.375787
-94.0,95,15588.307889
-79.0,80,15592.481172
-84.0,85,15595.393207
-161.0,162,15595.64748
-79.0,80,15596.003426
-164.0,165,15603.877839
-180.0,181,15604.283359
-73.0,74,15604.528617
-205.0,206,15606.380259
-87.0,88,15606.502124
-53.0,54,15610.963768
-75.0,76,15613.342139
-180.0,181,15614.214012
-87.0,88,15614.477962
-167.0,168,15615.598304
-79.0,80,15616.068996
-83.0,84,15624.25189
-154.0,155,15625.092617
-152.0,153,15629.272209
-122.0,123,15630.24262
-180.0,181,15634.824906
-183.0,184,15636.237576
-66.0,67,15637.10186
-44.0,45,15640.193205
-87.0,88,15640.546015
-147.0,148,15641.729681
-149.0,150,15642.791471
-55.0,56,15649.457942
-131.0,132,15651.890202
-168.0,169,15656.908284
-148.0,149,15657.950835
-153.0,154,15658.172595
-58.0,59,15658.65857
-80.0,81,15658.782131
-145.0,146,15658.782191
-600.0,600,15659.466676
-63.0,64,15667.059208
-86.0,87,15667.185404
-94.0,95,15669.423977
-42.0,43,15672.279885
-114.0,115,15672.279941
-127.0,128,15673.118895
-587.0,488,15673.615577
-125.0,126,15673.740963
-64.0,65,15674.829358
-65.0,66,15677.224449
-192.0,193,15681.657444
-86.0,87,15685.016861
-99.0,100,15685.47091
-69.0,70,15685.470967
-105.0,106,15685.587257
-119.0,120,15686.431714
-112.0,113,15686.914531
-175.0,176,15692.982923
-82.0,83,15694.805962
-111.0,112,15698.843108
-38.0,39,15699.542341
-126.0,127,15700.651482
-76.0,77,15702.365968
-129.0,130,15702.49019
-34.0,35,15703.111995
-181.0,182,15703.341079
-57.0,58,15707.51007
-179.0,180,15707.919688
-189.0,190,15708.260367
-86.0,87,15712.532605
-90.0,91,15713.739708
-131.0,132,15718.769399
-167.0,168,15719.341201
-108.0,109,15720.613491
-112.0,113,15721.412032
-177.0,178,15723.311401
-190.0,191,15729.878588
-70.0,71,15731.592393
-171.0,172,15732.665306
-97.0,98,15732.951533
-118.0,119,15733.331539
-184.0,185,15735.33993
-183.0,184,15740.338784
-51.0,52,15741.50614
-85.0,86,15741.756212
-111.0,112,15746.652092
-123.0,124,15747.489388
-159.0,160,15748.936956
-256.0,257,15751.140136
-109.0,110,15755.063406
-204.0,205,15757.377384
-74.0,75,15757.83819
-60.0,61,15758.30254
-149.0,150,15758.3026
-32.0,33,15762.150406
-183.0,184,15763.435697
-144.0,145,15763.780307
-162.0,163,15766.739237
-120.0,121,15769.16427
-53.0,54,15769.791872
-102.0,103,15769.911938
-103.0,104,15770.51552
-119.0,120,15771.460868
-60.0,61,15773.851843
-38.0,39,15776.07067
-134.0,135,15778.014796
-74.0,75,15779.436529
-82.0,83,15779.675772
-155.0,156,15782.362908
-115.0,116,15783.817096
-129.0,130,15784.720397
-55.0,56,15786.265445
-108.0,109,15789.049857
-64.0,65,15792.506345
-123.0,124,15792.979341
-112.0,113,15792.979404
-59.0,60,15793.527398
-95.0,96,15793.782544
-168.0,169,15794.113412
-86.0,87,15794.113472
-88.0,89,15799.582716
-72.0,73,15802.615209
-81.0,82,15803.086541
-94.0,95,15803.536884
-95.0,96,15804.856809
-20.0,21,15807.219567
-146.0,147,15809.791882
-164.0,165,15811.954893
-122.0,123,15816.861339
-150.0,151,15817.07969
-200.0,201,15817.457408
-128.0,129,15818.47811
-61.0,62,15819.303377
-81.0,82,15819.554226
-120.0,121,15821.331011
-159.0,160,15821.571774
-40.0,41,15823.87186
-84.0,85,15826.985189
-55.0,56,15827.646907
-123.0,124,15831.323872
-121.0,122,15833.629224
-138.0,139,15834.522299
-87.0,88,15837.88731
-101.0,102,15838.89109
-153.0,154,15839.224836
-195.0,196,15839.347353
-141.0,142,15840.244663
-33.0,34,15843.098928
-40.0,41,15843.577167
-115.0,116,15844.600924
-78.0,79,15846.898327
-123.0,124,15847.674155
-102.0,103,15856.582613
-109.0,110,15859.732375
-221.0,222,15860.085661
-149.0,150,15861.00756
-179.0,180,15864.068188
-39.0,40,15868.814772
-188.0,189,15869.894314
-257.0,258,15870.350558
-81.0,82,15870.686416
-125.0,126,15871.390808
-112.0,113,15873.014784
-45.0,46,15876.750441
-85.0,86,15878.892216
-182.0,183,15881.60097
-103.0,104,15882.88727
-119.0,120,15883.935993
-104.0,105,15888.932695
-164.0,165,15892.236198
-221.0,222,15896.122721
-139.0,140,15900.037203
-162.0,163,15900.373013
-194.0,195,15901.46747
-55.0,56,15902.667374
-121.0,122,15903.130193
-174.0,175,15903.130253
-56.0,57,15907.249565
-600.0,600,15909.272508
-68.0,69,15909.632445
-59.0,60,15910.22157
-34.0,35,15911.262248
-104.0,105,15912.407829
-82.0,83,15912.407903
-171.0,72,15917.966241
-140.0,141,15919.559959
-73.0,74,15920.906681
-362.0,263,15922.8288
-123.0,124,15924.499308
-105.0,106,15924.632735
-125.0,126,15925.777031
-120.0,121,15932.11245
-77.0,78,15933.835491
-127.0,128,15934.526546
-109.0,110,15935.662162
-166.0,167,15940.486729
-59.0,60,15940.862493
-376.0,277,15941.551552
-60.0,61,15941.667405
-147.0,148,15943.232289
-183.0,184,15946.138939
-95.0,96,15946.976306
-47.0,48,15948.777707
-159.0,160,15950.842924
-80.0,81,15951.184413
-88.0,89,15951.298195
-47.0,48,15951.775836
-198.0,99,15952.19728
-44.0,45,15957.034834
-65.0,66,15958.905552
-114.0,115,15960.393889
-99.0,100,15962.524303
-154.0,155,15967.132084
-72.0,73,15967.617409
-75.0,76,15969.56768
-212.0,113,15970.524122
-161.0,162,15970.524196
-264.0,265,15972.860673
-177.0,178,15973.245343
-126.0,127,15977.868418
-88.0,89,15978.350624
-92.0,93,15978.350683
-77.0,78,15979.874798
-76.0,77,15982.469826
-145.0,146,15988.020311
-48.0,49,15988.413803
-166.0,167,15989.665677
-45.0,46,15993.479593
-126.0,127,15993.479709
-140.0,141,15994.639506
-159.0,160,15997.362505
-46.0,47,15998.942464
-226.0,227,15999.931315
-180.0,181,16001.328525
-65.0,66,16002.379344
-140.0,141,16005.048077
-68.0,69,16007.128488
-83.0,84,16007.249224
-72.0,73,16013.346479
-177.0,178,16014.100625
-109.0,110,16015.043454
-110.0,111,16020.205945
-174.0,175,16020.447645
-176.0,177,16022.049003
-128.0,129,16022.19375
-79.0,80,16023.644649
-40.0,41,16026.802454
-65.0,66,16028.096598
-94.0,95,16031.182275
-462.0,363,16032.015878
-170.0,171,16033.382362
-114.0,115,16083.647757
-93.0,94,16085.824854
-108.0,109,16088.753412
-159.0,160,16090.230032
-36.0,37,16092.896229
-256.0,257,16093.013677
-122.0,123,16094.131763
-93.0,94,16096.511721
-154.0,155,16099.153003
-189.0,190,16100.943057
-59.0,60,16103.188119
-91.0,92,16104.66779
-144.0,145,16106.758123
-205.0,206,16107.082513
-134.0,135,16108.454164
-137.0,138,16108.71408
-59.0,60,16111.55846
-45.0,46,16113.835498
-114.0,115,16120.373741
-175.0,176,16121.268308
-194.0,195,16121.611062
-69.0,70,16121.841551
-113.0,114,16121.841613
-166.0,167,16122.507028
-161.0,162,16125.342557
-120.0,121,16125.467358
-34.0,35,16125.864834
-99.0,100,16132.68365
-113.0,114,16134.820239
-87.0,88,16135.540484
-177.0,178,16142.113583
-190.0,191,16144.526952
-95.0,96,16146.099195
-191.0,192,16147.706389
-107.0,108,16148.267386
-57.0,58,16151.40015
-74.0,75,16154.847236
-274.0,275,16157.666794
-321.0,222,16158.467251
-103.0,104,16160.117959
-130.0,131,16162.739922
-182.0,183,16163.340675
-82.0,83,16167.187138
-126.0,127,16169.47255
-175.0,176,16171.648791
-457.0,458,16173.21281
-151.0,152,16175.81676
-25.0,26,16176.044521
-117.0,118,16176.162888
-141.0,142,16176.375501
-119.0,120,16176.980549
-119.0,120,16181.033067
-24.0,25,16184.086372
-69.0,70,16185.366744
-85.0,86,16186.351287
-90.0,91,16187.308039
-170.0,171,16189.336687
-119.0,120,16190.03917
-55.0,56,16190.588583
-166.0,167,16191.064037
-130.0,131,16191.694913
-47.0,48,16192.917704
-41.0,42,16197.90228
-69.0,70,16198.384103
-77.0,78,16200.244602
-105.0,106,16201.789979
-142.0,143,16203.158983
-117.0,118,16204.585406
-163.0,164,16204.706507
-151.0,52,16208.040565
-57.0,58,16209.947295
-91.0,92,16211.060727
-149.0,150,16215.452515
-55.0,56,16216.53012
-224.0,225,16218.125614
-63.0,64,16218.570902
-174.0,175,16218.80176
-132.0,133,16220.084019
-244.0,145,16221.620734
-49.0,50,16222.355349
-133.0,134,16223.578037
-151.0,52,16226.215341
-25.0,26,16226.666532
-97.0,98,16229.944535
-84.0,85,16231.44844
-136.0,137,16233.960886
-149.0,150,16236.240535
-204.0,105,16238.421053
-66.0,67,16239.454149
-104.0,105,16242.353166
-173.0,174,16242.757768
-68.0,69,16244.503857
-155.0,156,16245.023402
-110.0,111,16247.308913
-83.0,84,16249.375159
-67.0,68,16252.766759
-125.0,126,16253.10102
-424.0,325,16253.348463
-101.0,102,16254.095486
-101.0,102,16254.415495
-82.0,83,16258.790663
-55.0,56,16259.279647
-71.0,72,16261.57269
-67.0,68,16262.130487
-153.0,154,16262.404472
-167.0,168,16266.594528
-110.0,111,16271.780411
-161.0,162,16273.442103
-105.0,106,16274.728232
-108.0,109,16274.844491
-19.0,20,16275.811922
-202.0,203,16277.092527
-167.0,168,16278.970179
-42.0,43,16279.805387
-162.0,163,16280.638741
-151.0,152,16284.525649
-88.0,89,16287.595832
-135.0,136,16287.828147
-118.0,119,16293.701215
-79.0,80,16293.805791
-158.0,159,16294.386232
-81.0,82,16297.329299
-28.0,29,16297.774819
-166.0,167,16298.424184
-54.0,55,16300.082433
-168.0,169,16300.23089
-43.0,44,16302.395357
-145.0,146,16304.366629
-64.0,65,16305.178976
-51.0,52,16306.217697
-69.0,70,16308.206142
-167.0,168,16313.180453
-133.0,134,16314.014709
-89.0,90,16315.050065
-83.0,84,16315.157733
-81.0,82,16315.964666
-68.0,69,16316.40283
-24.0,25,16316.964258
-71.0,72,16321.571136
-169.0,70,16323.087122
-80.0,81,16325.816205
-84.0,85,16326.819647
-62.0,63,16330.338507
-528.0,529,16336.426423
-281.0,182,16337.031297
-189.0,190,16337.151099
-164.0,165,16340.764579
-331.0,332,16341.004505
-158.0,159,16348.818715
-202.0,203,16350.284482
-90.0,91,16351.199881
-148.0,149,16353.572051
-46.0,47,16354.170282
-158.0,159,16355.429046
-164.0,165,16359.795224
-50.0,51,16361.259641
-219.0,220,16362.350075
-37.0,38,16365.805272
-117.0,118,16367.931537
-178.0,179,16371.090956
-172.0,173,16371.320689
-98.0,99,16371.548748
-160.0,161,16372.344118
-120.0,121,16376.576458
-51.0,52,16377.175096
-120.0,121,16380.183226
-123.0,124,16382.640096
-92.0,93,16383.549222
-67.0,68,16385.478486
-134.0,135,16387.532382
-172.0,173,16392.243972
-107.0,108,16393.11718
-600.0,600,16396.062119
-143.0,144,16400.653352
-75.0,76,16401.264298
-160.0,161,16401.85938
-228.0,229,16404.054678
-151.0,152,16405.528938
-51.0,52,16407.271556
-51.0,52,16411.473855
-168.0,169,16412.907912
-174.0,175,16416.401798
-125.0,126,16416.401857
-154.0,155,16418.556485
-99.0,100,16418.789873
-175.0,76,16420.107232
-305.0,306,16421.123976
-41.0,42,16424.880992
-83.0,84,16425.900189
-191.0,192,16425.900266
-118.0,119,16426.385963
-132.0,133,16433.799484
-153.0,154,16434.01071
-97.0,98,16437.67821
-144.0,145,16437.796435
-117.0,118,16438.430339
-120.0,121,16439.850112
-70.0,71,16442.044877
-40.0,41,16442.52036
-68.0,69,16450.516991
-90.0,91,16450.517054
-124.0,125,16453.095306
-58.0,59,16457.348614
-185.0,186,16459.38802
-300.0,301,16460.842586
-40.0,41,16464.258134
-130.0,131,16465.735027
-234.0,235,16469.340286
-81.0,82,16470.422606
-44.0,45,16471.047537
-168.0,169,16472.877643
-132.0,133,16473.017108
-133.0,134,16480.18967
-505.0,406,16481.605302
-105.0,106,16483.574952
-99.0,100,16484.763406
-109.0,110,16485.808443
-20.0,21,16487.234037
-600.0,600,16488.730875
-99.0,100,16493.39778
-210.0,211,16494.47341
-105.0,106,16498.431122
-94.0,95,16500.026926
-175.0,176,16501.006404
-388.0,289,16504.860091
-78.0,79,16507.889104
-178.0,179,16508.605655
-127.0,128,16508.605722
-144.0,145,16511.640914
-53.0,54,16514.984581
-124.0,125,16515.796627
-100.0,101,16516.743804
-82.0,83,16517.652021
-96.0,97,16523.044727
-67.0,68,16525.665578
-24.0,25,16526.053507
-154.0,155,16526.921506
-102.0,103,16527.183696
-39.0,40,16530.3999
-142.0,143,16532.667155
-141.0,142,16533.443782
-109.0,110,16538.780194
-130.0,131,16542.067112
-379.0,380,16544.680585
-143.0,144,16547.175092
-168.0,169,16552.59007
-319.0,220,16553.062144
-122.0,123,16553.512031
-600.0,600,16554.545747
-202.0,203,16557.23598
-120.0,121,16559.012185
-81.0,82,16564.085925
-44.0,45,16564.351586
-188.0,189,16564.483801
-125.0,126,16567.437097
-44.0,45,16569.573305
-64.0,65,16575.140688
-189.0,190,16575.51763
-161.0,162,16576.593078
-196.0,197,16576.820917
-355.0,256,16577.702823
-138.0,139,16581.038853
-146.0,147,16582.152315
-45.0,46,16582.152367
-171.0,72,16584.167632
-132.0,133,16585.374172
-31.0,32,16587.769015
-22.0,23,16588.004312
-65.0,66,16589.758673
-141.0,142,16591.816845
-158.0,159,16596.401787
-74.0,75,16596.892645
-169.0,170,16602.111116
-178.0,179,16602.111179
-221.0,222,16603.078488
-56.0,57,16603.18894
-105.0,106,16604.485192
-242.0,143,16604.730721
-73.0,74,16605.644169
-150.0,151,16607.47931
-40.0,41,16607.729304
-45.0,46,16610.029461
-110.0,111,16614.964941
-110.0,111,16615.996912
-62.0,63,16617.312763
-84.0,85,16617.453054
-134.0,135,16617.803278
-92.0,93,16618.626947
-115.0,116,16619.055193
-171.0,172,16624.222083
-78.0,79,16626.705358
-186.0,87,16628.990026
-119.0,120,16631.196864
-133.0,134,16631.425753
-116.0,117,16632.022884
-153.0,154,16632.753389
-153.0,154,16635.030871
-75.0,76,16635.610548
-167.0,168,16643.426026
-132.0,133,16644.130625
-107.0,108,16644.272001
-87.0,88,16645.483703
-106.0,107,16647.025707
-53.0,54,16650.206655
-71.0,72,16651.56438
-181.0,182,16651.834089
-64.0,65,16652.872433
-63.0,64,16654.367613
-202.0,203,16654.480485
-140.0,141,16660.300072
-89.0,90,16660.545418
-248.0,249,16661.067807
-117.0,118,16734.365634
-122.0,123,16737.789235
-56.0,57,16740.840214
-286.0,187,16743.450791
-175.0,176,16743.71012
-209.0,210,16745.112932
-140.0,141,16745.921082
-146.0,147,16746.406068
-56.0,57,16750.232844
-75.0,76,16755.249631
-217.0,218,16755.367438
-157.0,158,16756.041241
-211.0,112,16756.696408
-127.0,128,16759.867239
-62.0,63,16767.09278
-158.0,159,16768.399043
-125.0,126,16770.426908
-135.0,136,16770.787494
-56.0,57,16774.872562
-260.0,261,16775.943348
-169.0,170,16776.205177
-107.0,108,16779.726269
-227.0,228,16781.788366
-105.0,106,16783.35655
-115.0,116,16784.191245
-98.0,99,16786.821358
-103.0,104,16788.441947
-210.0,111,16794.790299
-71.0,72,16795.155817
-187.0,188,16802.052647
-163.0,164,16802.774369
-171.0,172,16804.474475
-588.0,589,16809.342518
-137.0,138,16811.209605
-198.0,199,16811.580737
-183.0,184,16816.065109
-126.0,127,16816.434799
-51.0,52,16817.550056
-54.0,55,16817.550121
-140.0,141,16818.869795
-128.0,129,16819.223837
-95.0,96,16820.493615
-40.0,41,16822.44209
-38.0,39,16823.519325
-73.0,74,16826.324862
-158.0,59,16830.331264
-131.0,132,16831.573549
-143.0,144,16833.340361
-101.0,102,16834.321499
-131.0,132,16834.679435
-131.0,132,16841.716048
-83.0,84,16844.189446
-125.0,126,16845.110555
-600.0,600,16846.501327
-56.0,57,16853.22333
-188.0,189,16853.808939
-89.0,90,16854.729012
-88.0,89,16855.546684
-192.0,193,16855.991654
-202.0,203,16858.241332
-63.0,64,16861.995241
-361.0,362,16862.703245
-75.0,76,16864.335784
-101.0,102,16865.089674
-187.0,88,16866.217602
-146.0,47,16868.353317
-86.0,87,16872.371667
-152.0,153,16876.248577
-114.0,115,16878.5048
-148.0,149,16881.705429
-342.0,243,16882.038482
-86.0,87,16882.381137
-122.0,123,16882.62762
-143.0,144,16882.961462
-61.0,62,16883.404943
-66.0,67,16889.538591
-57.0,58,16890.257673
-158.0,59,16896.438352
-157.0,158,16896.90629
-135.0,136,16898.498511
-138.0,139,16898.614088
-33.0,34,16900.280885
-156.0,157,16900.280942
-97.0,98,16901.602389
-54.0,55,16903.289599
-179.0,180,16903.950915
-62.0,63,16907.82898
-60.0,61,16908.811638
-600.0,600,16911.639405
-124.0,125,16913.096586
-60.0,61,16915.753989
-158.0,159,16916.94669
-116.0,117,16917.562524
-158.0,159,16918.804663
-76.0,77,16920.652405
-251.0,152,16921.040022
-44.0,45,16922.973169
-55.0,56,16929.360048
-116.0,117,16934.335155
-255.0,156,16935.317478
-191.0,192,16935.6922
-145.0,146,16936.07847
-188.0,189,16938.061841
-178.0,179,16950.3884
-130.0,131,16951.333166
-157.0,158,16954.189571
-286.0,287,16954.708018
-164.0,165,16954.708081
-188.0,189,16956.682635
-31.0,32,16958.595301
-77.0,78,16963.546733
-221.0,222,16964.270174
-22.0,23,16966.768837
-87.0,88,16966.888421
-172.0,173,16970.823036
-541.0,542,16971.272661
-144.0,145,16971.750995
-32.0,33,16974.699997
-233.0,234,16978.952584
-72.0,73,16979.927545
-196.0,197,16981.673541
-130.0,131,16982.246805
-161.0,162,16982.497701
-69.0,70,16987.081827
-45.0,46,16987.76128
-81.0,82,16989.421446
-42.0,43,16992.130323
-220.0,221,16992.797378
-114.0,115,16995.743852
-190.0,191,16997.203769
-316.0,217,16997.316067
-90.0,91,16998.584361
-62.0,63,16999.655827
-61.0,62,17000.220751
-161.0,162,17000.705294
-40.0,41,17002.027555
-26.0,27,17003.866403
-177.0,78,17008.944098
-180.0,181,17011.041364
-164.0,65,17011.760604
-142.0,143,17012.896985
-125.0,126,17017.236896
-67.0,68,17019.337171
-68.0,69,17020.117212
-201.0,202,17021.491551
-178.0,179,17021.710249
-122.0,123,17023.682619
-223.0,224,17025.293228
-74.0,75,17025.954107
-122.0,123,17027.368421
-92.0,93,17030.048226
-54.0,55,17031.622074
-68.0,69,17033.87912
-102.0,103,17035.478355
-84.0,85,17037.095011
-65.0,66,17037.535216
-58.0,59,17038.376527
-150.0,151,17038.827685
-48.0,49,17039.562732
-172.0,173,17041.684782
-197.0,198,17042.993418
-53.0,54,17044.7766
-93.0,94,17050.034857
-69.0,70,17051.266736
-93.0,94,17052.809122
-130.0,131,17053.069442
-113.0,114,17053.069505
-150.0,151,17053.32058
-140.0,141,17053.824507
-23.0,24,17056.140694
-65.0,66,17059.06536
-130.0,131,17060.291525
-76.0,77,17062.945599
-115.0,116,17066.886165
-91.0,92,17067.112332
-140.0,141,17069.743087
-168.0,169,17072.710814
-194.0,195,17072.953459
-113.0,114,17073.64623
-65.0,66,17074.439062
-205.0,106,17079.454596
-98.0,99,17081.277311
-73.0,74,17081.631467
-170.0,171,17082.856536
-211.0,112,17086.614201
-114.0,115,17087.727165
-89.0,90,17089.711245
-147.0,148,17089.851764
-102.0,103,17093.545066
-172.0,73,17096.387443
-138.0,139,17099.08447
-180.0,181,17102.355613
-56.0,57,17103.085008
-128.0,129,17104.976272
-178.0,179,17107.494831
-47.0,48,17107.810806
-126.0,127,17108.332632
-63.0,64,17110.334967
-445.0,446,17111.033864
-55.0,56,17114.836274
-21.0,22,17117.371573
-62.0,63,17117.734858
-161.0,162,17117.847509
-97.0,98,17118.926636
-100.0,101,17119.629615
-130.0,131,17120.098073
-86.0,87,17121.336918
-47.0,48,17123.567963
-416.0,317,17126.870921
-60.0,61,17127.218997
-83.0,84,17128.68125
-124.0,25,17130.014754
-119.0,120,17131.180828
-93.0,94,17131.967225
-72.0,73,17135.058706
-59.0,60,17135.399483
-116.0,117,17136.762203
-175.0,176,17137.947188
-48.0,49,17140.844868
-154.0,55,17141.916026
-83.0,84,17146.86585
-160.0,161,17150.120037
-79.0,80,17151.371063
-282.0,283,17152.441049
-20.0,21,17152.441106
-178.0,179,17152.874591
-111.0,112,17153.934418
-166.0,167,17157.509266
-65.0,66,17158.912418
-368.0,269,17161.217732
-132.0,133,17162.092388
-115.0,116,17165.710117
-171.0,172,17172.201333
-160.0,161,17172.427448
-125.0,126,17176.553764
-116.0,117,17179.209768
-195.0,196,17181.398869
-198.0,199,17184.088829
-74.0,75,17185.30587
-77.0,78,17190.524256
-67.0,68,17193.245231
-312.0,313,17193.707052
-198.0,199,17195.26433
-204.0,205,17196.139114
-157.0,158,17197.541979
-59.0,60,17200.499693
-102.0,103,17202.367543
-184.0,185,17205.36171
-100.0,101,17206.774138
-38.0,39,17206.774197
-143.0,144,17209.573565
-104.0,105,17212.492422
-188.0,189,17217.766214
-189.0,190,17219.289248
-600.0,600,17221.98679
-138.0,139,17222.845446
-151.0,152,17224.359707
-171.0,172,17225.261393
-131.0,132,17227.735275
-93.0,94,17228.697263
-61.0,62,17229.915847
-30.0,31,17232.171962
-91.0,92,17234.92849
-219.0,220,17235.044576
-87.0,88,17235.386034
-49.0,50,17238.101217
-270.0,171,17239.114231
-99.0,100,17239.34325
-160.0,161,17240.567375
-52.0,53,17245.229015
-142.0,143,17246.54195
-125.0,126,17250.005863
-139.0,140,17251.130565
-161.0,162,17253.819306
-149.0,150,17255.463987
-42.0,43,17256.142124
-182.0,183,17261.796729
-132.0,133,17261.913838
-174.0,175,17270.354736
-216.0,217,17270.473902
-134.0,135,17271.204935
-167.0,168,17273.522242
-296.0,297,17273.963664
-112.0,113,17275.134093
-169.0,170,17276.103244
-85.0,86,17280.444329
-107.0,108,17283.970773
-96.0,97,17284.842474
-74.0,75,17284.842533
-85.0,86,17285.201194
-233.0,234,17289.389785
-172.0,173,17290.782755
-63.0,64,17292.399283
-162.0,163,17293.140178
-87.0,88,17295.247626
-125.0,126,17295.360917
-65.0,66,17297.240946
-128.0,129,17299.134537
-164.0,165,17304.749592
-110.0,111,17308.344192
-130.0,131,17308.576019
-150.0,151,17308.69242
-84.0,85,17309.18151
-128.0,129,17312.415148
-35.0,36,17312.90304
-70.0,71,17313.022747
-46.0,47,17313.797982
-190.0,191,17314.937271
-65.0,66,17316.931566
-81.0,82,17377.245933
-199.0,200,17377.90976
-57.0,58,17383.802112
-125.0,126,17386.540804
-125.0,126,17392.23098
-185.0,186,17395.184744
-207.0,208,17396.678691
-188.0,189,17397.489531
-148.0,149,17400.730817
-128.0,129,17401.160001
-57.0,58,17403.251331
-131.0,132,17410.229939
-92.0,93,17411.32565
-126.0,127,17411.869095
-194.0,195,17414.286991
-135.0,136,17418.541129
-100.0,101,17422.783939
-196.0,197,17423.597249
-132.0,133,17425.340956
-94.0,95,17429.523105
-157.0,158,17429.849141
-60.0,61,17430.505162
-169.0,170,17433.63861
-58.0,59,17436.63652
-149.0,150,17439.976104
-600.0,600,17439.97617
-600.0,600,17440.454377
-113.0,114,17443.717261
-176.0,177,17445.654559
-77.0,78,17449.376182
-177.0,178,17449.991104
-39.0,40,17454.071041
-78.0,79,17454.814471
-198.0,199,17456.823215
-287.0,188,17458.518717
-164.0,165,17459.23468
-84.0,85,17460.027034
-188.0,189,17461.9845
-225.0,226,17470.167482
-162.0,163,17474.220979
-137.0,138,17474.909854
-181.0,182,17475.70663
-75.0,76,17479.201432
-177.0,178,17481.061985
-188.0,189,17481.530989
-63.0,64,17481.668521
-244.0,245,17485.652662
-212.0,213,17487.012031
-125.0,126,17489.547739
-141.0,142,17492.275079
-115.0,116,17495.13983
-143.0,144,17496.122213
-91.0,92,17496.586677
-155.0,156,17499.436324
-39.0,40,17499.874676
-158.0,159,17505.673626
-209.0,210,17506.114528
-147.0,148,17506.799663
-66.0,67,17507.028522
-32.0,33,17509.543416
-148.0,149,17509.651721
-113.0,114,17509.774292
-43.0,44,17511.194719
-143.0,144,17512.788842
-128.0,129,17514.722106
-67.0,68,17520.820828
-61.0,62,17522.179524
-119.0,120,17523.709695
-252.0,153,17524.911533
-136.0,137,17526.058314
-165.0,166,17526.754918
-145.0,146,17526.990895
-158.0,159,17530.052821
-90.0,91,17531.529679
-53.0,54,17532.258438
-49.0,50,17532.489349
-201.0,102,17536.773124
-79.0,80,17541.874008
-130.0,131,17542.212198
-172.0,173,17542.478204
-96.0,97,17542.998247
-165.0,166,17543.267398
-145.0,146,17547.379876
-45.0,46,17547.515485
-91.0,92,17547.867135
-44.0,45,17548.725977
-79.0,80,17551.855963
-91.0,92,17553.413027
-98.0,99,17560.175381
-238.0,239,17560.406906
-116.0,117,17561.144283
-119.0,120,17561.367595
-91.0,92,17562.477999
-166.0,167,17562.596489
-37.0,38,17564.507732
-50.0,51,17566.847196
-199.0,200,17570.742454
-190.0,191,17575.171519
-115.0,116,17575.528001
-135.0,136,17575.762199
-129.0,130,17576.017061
-132.0,133,17582.13109
-162.0,163,17583.210243
-66.0,67,17583.916407
-205.0,206,17586.322624
-126.0,127,17590.753592
-83.0,84,17592.028621
-143.0,144,17592.520248
-207.0,208,17595.104656
-176.0,177,17596.012445
-47.0,48,17596.34724
-121.0,122,17597.551362
-133.0,134,17601.959616
-50.0,51,17602.296998
-91.0,92,17602.766023
-69.0,70,17603.246889
-59.0,60,17604.58159
-179.0,180,17605.10463
-30.0,31,17608.83902
-156.0,157,17611.049522
-88.0,89,17612.569114
-81.0,82,17613.050902
-190.0,191,17618.62446
-71.0,72,17621.042004
-141.0,142,17621.391514
-44.0,45,17626.383632
-158.0,159,17627.578718
-55.0,56,17628.044617
-95.0,96,17629.941841
-147.0,148,17630.547914
-242.0,243,17631.604587
-178.0,179,17632.226994
-42.0,43,17633.14825
-90.0,91,17638.342441
-67.0,68,17638.571933
-32.0,33,17642.18302
-78.0,79,17642.449121
-148.0,149,17643.996446
-120.0,121,17645.870423
-125.0,126,17647.033826
-75.0,76,17647.461873
-160.0,161,17648.878151
-33.0,34,17652.643409
-91.0,92,17654.449097
-98.0,99,17657.197378
-253.0,154,17660.130117
-61.0,62,17661.647901
-188.0,189,17663.967558
-64.0,65,17664.692935
-116.0,117,17666.221772
-166.0,167,17666.221833
-88.0,89,17672.076221
-600.0,600,17672.698755
-112.0,113,17677.295092
-95.0,96,17677.522002
-100.0,101,17678.128909
-71.0,72,17680.649677
-49.0,50,17683.230456
-57.0,58,17684.452487
-177.0,178,17685.751709
-159.0,160,17691.744365
-81.0,82,17694.32281
-123.0,124,17698.129346
-173.0,174,17698.986923
-467.0,368,17703.932612
-491.0,492,17705.418281
-165.0,166,17705.655101
-97.0,98,17706.013291
-213.0,214,17706.24489
-126.0,127,17706.934797
-43.0,44,17710.842714
-92.0,93,17714.959527
-153.0,154,17716.503979
-86.0,87,17717.311546
-115.0,116,17719.164698
-170.0,171,17719.2831
-143.0,144,17723.1524
-110.0,111,17724.022863
-56.0,57,17725.87789
-88.0,89,17726.951913
-83.0,84,17727.213142
-43.0,44,17728.254301
-85.0,86,17729.486595
-56.0,57,17732.673882
-162.0,163,17734.163517
-84.0,85,17738.457291
-130.0,131,17739.572603
-127.0,128,17742.300559
-37.0,38,17742.812633
-154.0,155,17745.192679
-150.0,151,17747.265982
-125.0,126,17749.072255
-61.0,62,17749.636903
-46.0,47,17750.757402
-95.0,96,17750.757465
-22.0,23,17752.357493
-108.0,109,17755.721045
-44.0,45,17756.203511
-539.0,440,17758.327584
-112.0,113,17760.809417
-87.0,88,17768.414027
-159.0,160,17769.544455
-181.0,182,17770.365
-97.0,98,17772.055251
-176.0,177,17773.140833
-174.0,175,17776.713294
-51.0,52,17779.261546
-93.0,94,17779.629332
-123.0,124,17784.83508
-65.0,66,17786.821344
-268.0,269,17787.075307
-181.0,182,17790.695812
-43.0,44,17791.877639
-174.0,175,17792.331192
-122.0,123,17793.772199
-58.0,59,17793.895288
-129.0,30,17795.349349
-28.0,29,17797.048177
-194.0,195,17799.089887
-97.0,98,17801.995187
-600.0,600,17802.726461
-168.0,169,17804.387718
-62.0,63,17804.387781
-117.0,118,17807.532426
-139.0,140,17808.551684
-82.0,83,17814.058856
-132.0,133,17818.139154
-166.0,167,17818.469763
-141.0,142,17818.469828
-229.0,230,17821.708656
-172.0,173,17823.978392
-161.0,162,17825.829976
-81.0,82,17827.638027
-58.0,59,17828.511394
-61.0,62,17831.376643
-114.0,115,17831.649497
-189.0,190,17835.791578
-87.0,88,17838.798623
-180.0,181,17838.918811
-97.0,98,17842.868205
-133.0,134,17843.479722
-109.0,110,17844.54119
-184.0,185,17847.919204
-120.0,121,17850.20122
-106.0,107,17851.771993
-66.0,67,17852.666103
-116.0,117,17852.889882
-93.0,94,17854.789795
-52.0,53,17858.110127
-99.0,100,17862.166301
-102.0,103,17866.912031
-88.0,89,17868.541176
-191.0,192,17870.435321
-238.0,239,17871.075773
-176.0,177,17873.601629
-181.0,182,17873.944529
-127.0,128,17877.072048
-73.0,74,17877.201545
-600.0,600,17878.673316
-86.0,87,17881.398863
-68.0,69,17881.774262
-143.0,144,17883.791446
-50.0,51,17884.75038
-137.0,138,17886.828432
-112.0,113,17890.498623
-142.0,143,17890.933134
-69.0,70,17892.077173
-51.0,52,17892.85471
-20.0,21,17893.28747
-159.0,160,17895.968033
-139.0,140,17898.314614
-119.0,120,17898.953723
-65.0,66,17900.684341
-58.0,59,17903.028501
-69.0,70,17906.580334
-118.0,119,17907.375758
-230.0,231,17908.695769
-29.0,30,17910.202192
-103.0,104,17911.229212
-183.0,184,17912.134886
-177.0,178,17913.081381
-116.0,117,17914.439814
-49.0,50,17914.555047
-111.0,112,17916.161721
-62.0,63,17917.489263
-56.0,57,17921.152769
-158.0,59,17921.497886
-133.0,134,17923.270806
-101.0,102,17923.270873
-113.0,114,17925.529149
-95.0,96,17928.79115
-107.0,108,17928.92884
-181.0,182,17934.32179
-122.0,123,17939.715137
-68.0,69,17942.194372
-183.0,184,17942.453723
-29.0,30,17943.182637
-189.0,190,17945.080182
-151.0,152,17946.223422
-181.0,182,17949.827234
-70.0,71,17950.376121
-262.0,263,17951.877342
-87.0,88,17953.34505
-22.0,23,17954.650339
-96.0,97,17956.479455
-133.0,134,17958.170685
-307.0,308,17958.948952
-172.0,73,18018.375343
-103.0,104,18018.493671
-139.0,140,18019.086598
-54.0,55,18019.337349
-121.0,122,18021.100967
-57.0,58,18021.966988
-46.0,47,18023.659695
-93.0,94,18025.189859
-52.0,53,18025.189921
-149.0,150,18028.154876
-43.0,44,18028.523416
-65.0,66,18032.628784
-106.0,107,18033.09223
-50.0,51,18034.049226
-170.0,171,18038.483588
-90.0,91,18043.069461
-225.0,226,18044.138411
-64.0,65,18045.84103
-39.0,40,18050.345433
-210.0,211,18052.637007
-94.0,95,18053.910453
-187.0,188,18054.627171
-185.0,186,18055.328168
-128.0,129,18058.807507
-437.0,338,18060.452435
-321.0,322,18061.92609
-60.0,61,18062.251882
-93.0,94,18063.436303
-99.0,100,18065.391441
-237.0,138,18066.186599
-67.0,68,18066.658696
-112.0,113,18067.623515
-108.0,109,18073.280562
-136.0,137,18078.033025
-41.0,42,18078.150535
-145.0,146,18080.628929
-175.0,176,18083.020397
-167.0,168,18085.23768
-155.0,156,18086.092485
-190.0,191,18088.841886
-103.0,104,18090.437663
-203.0,204,18090.771973
-116.0,117,18094.383425
-91.0,92,18096.802211
-117.0,118,18096.802268
-61.0,62,18097.942836
-197.0,198,18101.101787
-139.0,140,18101.470581
-68.0,69,18104.69467
-93.0,94,18105.165565
-76.0,77,18105.645266
-146.0,147,18105.765361
-67.0,68,18109.103614
-127.0,128,18112.894242
-58.0,59,18116.114796
-140.0,141,18117.957713
-113.0,114,18118.518049
-144.0,145,18122.409123
-376.0,277,18122.409195
-153.0,154,18122.517259
-176.0,177,18126.418831
-84.0,85,18128.300576
-69.0,70,18130.597813
-38.0,39,18130.857263
-105.0,106,18134.77605
-106.0,107,18135.007155
-179.0,180,18136.739157
-190.0,191,18140.068928
-347.0,248,18141.657737
-191.0,92,18141.657795
-44.0,45,18142.128472
-130.0,131,18143.627382
-51.0,52,18147.536006
-71.0,72,18148.351229
-117.0,118,18148.461016
-146.0,147,18151.960401
-190.0,191,18152.663014
-84.0,85,18153.216842
-109.0,110,18154.145546
-95.0,96,18159.251918
-165.0,166,18161.015558
-135.0,136,18163.127122
-116.0,117,18166.606026
-63.0,64,18168.350667
-140.0,141,18170.312981
-200.0,201,18171.450116
-56.0,57,18175.053337
-139.0,140,18175.549769
-206.0,207,18176.605552
-45.0,46,18176.939738
-87.0,88,18176.939794
-237.0,238,18179.506667
-28.0,29,18180.318176
-154.0,155,18181.1406
-68.0,69,18183.52649
-160.0,161,18188.934588
-109.0,110,18189.172156
-92.0,93,18190.073778
-162.0,63,18190.694596
-241.0,142,18191.416346
-131.0,132,18195.422891
-166.0,167,18196.166474
-131.0,132,18196.28905
-43.0,44,18196.511793
-83.0,84,18198.857956
-38.0,39,18200.653888
-57.0,58,18203.195968
-134.0,135,18204.602566
-144.0,145,18206.838677
-37.0,38,18211.192121
-186.0,187,18212.20264
-125.0,126,18213.329534
-255.0,156,18213.329605
-160.0,161,18214.802746
-35.0,36,18217.68705
-131.0,132,18218.479012
-122.0,123,18218.872213
-107.0,108,18223.731831
-201.0,202,18223.977047
-97.0,98,18226.208242
-78.0,79,18226.810978
-127.0,128,18227.188719
-85.0,86,18228.390403
-51.0,52,18229.777134
-98.0,99,18230.20879
-32.0,33,18232.207978
-55.0,56,18232.64765
-114.0,115,18237.39439
-218.0,219,18238.894881
-111.0,112,18239.768026
-64.0,65,18240.201367
-104.0,105,18241.904201
-114.0,115,18245.571348
-56.0,57,18246.904723
-75.0,76,18247.707776
-32.0,33,18249.530822
-194.0,195,18249.893255
-277.0,178,18251.107764
-47.0,48,18252.603104
-218.0,119,18253.773796
-114.0,115,18255.59099
-95.0,96,18259.183948
-89.0,90,18260.177856
-111.0,112,18267.040486
-143.0,144,18268.014709
-262.0,263,18268.240962
-134.0,135,18268.464077
-142.0,143,18272.271968
-42.0,43,18273.019834
-51.0,52,18274.317159
-209.0,210,18274.541839
-125.0,126,18274.88852
-85.0,86,18284.739967
-115.0,116,18287.529526
-183.0,184,18288.171787
-126.0,127,18289.136024
-185.0,186,18293.746824
-218.0,219,18293.746883
-55.0,56,18295.648813
-218.0,219,18298.321003
-23.0,24,18298.446185
-46.0,47,18299.318703
-103.0,104,18299.776863
-67.0,68,18301.615349
-117.0,118,18301.871715
-371.0,372,18302.212678
-159.0,160,18303.201174
-24.0,25,18304.444551
-65.0,66,18306.023072
-63.0,64,18306.566947
-198.0,99,18313.650393
-82.0,83,18314.111515
-143.0,144,18314.92607
-141.0,142,18316.106532
-103.0,104,18317.983755
-146.0,147,18320.035332
-168.0,169,18321.144753
-26.0,27,18323.108337
-176.0,177,18326.730248
-115.0,116,18328.04269
-39.0,40,18332.588226
-134.0,135,18333.248626
-118.0,19,18334.684587
-182.0,183,18334.793249
-93.0,94,18337.491446
-212.0,213,18337.840842
-42.0,43,18339.879357
-177.0,178,18341.615353
-65.0,66,18342.484308
-258.0,259,18345.802892
-208.0,209,18347.335675
-157.0,158,18351.75359
-114.0,115,18353.353791
-129.0,130,18356.674791
-187.0,188,18359.308012
-186.0,187,18359.548295
-124.0,125,18365.948143
-114.0,115,18366.453243
-214.0,215,18367.293742
-190.0,191,18369.427578
-108.0,109,18369.427638
-41.0,42,18371.035542
-119.0,120,18373.625868
-135.0,136,18375.195906
-258.0,259,18375.811592
-83.0,84,18376.402185
-55.0,56,18377.573748
-34.0,35,18379.952974
-232.0,133,18383.04021
-144.0,145,18386.460039
-111.0,112,18386.823106
-125.0,126,18390.021415
-40.0,41,18391.114781
-134.0,135,18392.156697
-99.0,100,18394.638606
-40.0,41,18394.753648
-42.0,43,18396.257955
-184.0,185,18401.638306
-127.0,128,18401.770876
-294.0,295,18403.948114
-77.0,78,18405.392537
-246.0,247,18406.467577
-133.0,134,18407.886412
-24.0,25,18409.413833
-51.0,52,18410.01686
-25.0,26,18412.40976
-159.0,160,18413.412791
-192.0,193,18417.080182
-163.0,164,18420.516524
-101.0,102,18424.152033
-198.0,199,18424.768062
-114.0,115,18426.725975
-149.0,150,18427.311955
-43.0,44,18429.742373
-110.0,111,18429.863317
-30.0,31,18430.216127
-231.0,232,18434.651585
-258.0,259,18435.277802
-183.0,184,18441.941115
-147.0,148,18447.126106
-102.0,103,18447.383762
-204.0,205,18448.098333
-125.0,126,18449.537402
-177.0,178,18451.075867
-109.0,110,18455.011055
-214.0,215,18455.239045
-68.0,69,18459.447885
-131.0,132,18463.756473
-148.0,149,18464.801745
-22.0,23,18466.383217
-147.0,148,18466.962053
-117.0,118,18468.792256
-45.0,46,18470.071532
-196.0,197,18470.585266
-141.0,142,18471.877169
-70.0,71,18477.082539
-107.0,108,18478.933924
-81.0,82,18480.076939
-182.0,183,18480.688164
-132.0,133,18482.507414
-134.0,135,18487.57202
-104.0,105,18489.346649
-84.0,85,18490.599615
-178.0,179,18490.951165
-27.0,28,18492.587223
-87.0,88,18492.700771
-600.0,600,18497.255603
-43.0,44,18497.476241
-68.0,69,18498.35798
-175.0,176,18499.101824
-191.0,192,18502.156504
-88.0,89,18502.76259
-182.0,183,18508.756
-113.0,114,18510.844926
-107.0,108,18511.073586
-173.0,174,18511.07367
-117.0,118,18513.033464
-88.0,89,18513.273166
-42.0,43,18513.7257
-140.0,141,18518.68302
-77.0,78,18522.774084
-45.0,46,18524.115029
-161.0,162,18529.749576
-163.0,164,18529.965266
-70.0,71,18530.942081
-61.0,62,18531.201052
-163.0,164,18532.263197
-208.0,209,18537.23639
-104.0,105,18542.160194
-120.0,121,18545.028405
-142.0,143,18546.413723
-139.0,140,18547.39868
-143.0,144,18548.870377
-41.0,42,18551.247602
-132.0,133,18552.639851
-116.0,117,18555.826658
-391.0,392,18556.273371
-58.0,59,18558.187356
-113.0,114,18558.321573
-117.0,118,18562.669554
-91.0,92,18563.36236
-155.0,156,18565.544012
-71.0,72,18566.598303
-600.0,600,18566.933905
-112.0,113,18569.418715
-124.0,125,18570.330829
-89.0,90,18573.124259
-163.0,164,18577.247185
-125.0,126,18578.09761
-94.0,95,18580.51809
-129.0,130,18582.196583
-136.0,137,18586.313094
-77.0,78,18587.07961
-219.0,120,18587.079672
-183.0,184,18587.987664
-195.0,196,18588.333155
-53.0,54,18588.333217
-51.0,52,18593.104994
-65.0,66,18596.060616
-87.0,88,18596.513898
-76.0,77,18646.340167
-86.0,87,18647.826966
-185.0,186,18648.148313
-154.0,155,18654.066545
-74.0,75,18654.185436
-73.0,74,18654.513981
-235.0,236,18656.709076
-112.0,113,18657.946593
-108.0,109,18660.128427
-172.0,173,18661.815661
-103.0,104,18666.163208
-107.0,108,18666.277421
-172.0,173,18667.07272
-94.0,95,18667.436571
-119.0,120,18667.548007
-95.0,96,18671.111319
-42.0,43,18672.052974
-133.0,134,18673.171098
-49.0,50,18673.171153
-44.0,45,18676.275047
-104.0,105,18679.718112
-129.0,130,18681.261725
-129.0,130,18681.403982
-178.0,179,18682.579714
-43.0,44,18686.458723
-129.0,130,18688.452903
-140.0,141,18689.701411
-129.0,130,18691.489215
-109.0,110,18692.582282
-190.0,191,18694.320104
-113.0,114,18694.68296
-30.0,31,18697.861043
-74.0,75,18700.191797
-171.0,172,18702.459748
-42.0,43,18702.847636
-107.0,108,18704.995358
-89.0,90,18704.99543
-166.0,167,18707.680504
-159.0,160,18708.17868
-91.0,92,18710.848731
-117.0,118,18716.09223
-122.0,123,18716.996878
-125.0,126,18719.547873
-32.0,33,18719.924815
-114.0,115,18721.001112
-104.0,105,18723.03773
-30.0,31,18723.300788
-167.0,168,18724.577144
-170.0,171,18728.063576
-43.0,44,18728.428185
-135.0,136,18737.011322
-89.0,90,18738.656376
-194.0,195,18739.946029
-135.0,136,18740.559311
-197.0,198,18743.166188
-191.0,192,18745.491407
-93.0,94,18747.8675
-169.0,170,18748.241896
-571.0,572,18752.833894
-83.0,84,18752.833971
-124.0,125,18753.086409
-77.0,78,18757.354276
-146.0,147,18757.570603
-153.0,154,18757.807492
-54.0,55,18759.215236
-76.0,77,18761.864424
-25.0,26,18764.787751
-163.0,164,18766.574722
-193.0,194,18767.589986
-136.0,137,18768.389154
-102.0,103,18769.093451
-39.0,40,18771.151295
-122.0,123,18771.151357
-110.0,111,18771.721164
-35.0,36,18772.586227
-104.0,105,18776.979352
-74.0,75,18779.96952
-297.0,198,18780.413313
-38.0,39,18781.421759
-116.0,117,18784.655436
-66.0,67,18787.980536
-177.0,178,18788.103751
-165.0,166,18788.221506
-156.0,157,18790.586321
-81.0,82,18790.705605
-26.0,27,18791.16681
-175.0,176,18791.939149
-26.0,27,18793.85304
-174.0,175,18800.045037
-83.0,84,18801.68203
-149.0,150,18801.900241
-136.0,137,18804.07478
-136.0,137,18807.01013
-77.0,78,18808.999235
-145.0,146,18810.843581
-189.0,190,18812.808166
-220.0,221,18813.726185
-113.0,114,18815.154939
-105.0,106,18816.549419
-67.0,68,18818.929097
-86.0,87,18819.459199
-174.0,175,18822.576346
-32.0,33,18822.8405
-89.0,90,18824.418821
-162.0,163,18826.307822
-127.0,128,18827.803172
-117.0,118,18828.943533
-48.0,49,18830.032266
-48.0,49,18831.987314
-144.0,145,18833.480765
-126.0,127,18837.521142
-159.0,160,18838.181248
-71.0,72,18840.387344
-161.0,162,18841.638945
-51.0,52,18843.9999
-147.0,148,18844.999046
-142.0,143,18846.586597
-52.0,53,18850.390668
-182.0,183,18850.390727
-94.0,95,18852.771796
-121.0,122,18854.706321
-161.0,162,18856.418148
-66.0,67,18858.295485
-210.0,211,18858.295537
-36.0,37,18860.795465
-129.0,130,18862.058155
-42.0,43,18863.405147
-158.0,159,18863.91235
-137.0,138,18866.735061
-121.0,122,18867.280647
-116.0,117,18871.92682
-100.0,101,18872.517751
-57.0,58,18873.348073
-188.0,189,18876.96453
-139.0,140,18880.126411
-154.0,155,18880.126472
-60.0,61,18880.51015
-157.0,158,18881.8511
-41.0,42,18886.88546
-126.0,127,18887.024299
-126.0,127,18887.612188
-103.0,104,18889.271787
-189.0,190,18889.602664
-80.0,81,18890.216533
-109.0,110,18893.071878
-47.0,48,18895.59182
-137.0,138,18896.290554
-101.0,102,18898.592636
-51.0,52,18899.099883
-96.0,97,18900.445032
-116.0,117,18900.591349
-131.0,132,18902.856756
-127.0,128,18904.316854
-145.0,146,18912.572089
-133.0,134,18918.485462
-172.0,173,18918.863924
-160.0,161,18919.238514
-62.0,63,18920.030278
-168.0,169,18920.251955
-206.0,207,18923.183445
-167.0,168,18923.883778
-69.0,70,18927.028642
-42.0,43,18928.417025
-58.0,59,18933.957564
-90.0,91,18934.645919
-140.0,141,18935.685535
-138.0,139,18936.439947
-158.0,159,18937.009227
-172.0,173,18940.003914
-157.0,158,18946.745856
-123.0,124,18948.337842
-135.0,136,18952.171683
-146.0,147,18954.10338
-185.0,186,18956.21452
-189.0,190,18957.727139
-159.0,160,18958.793299
-151.0,152,18964.396016
-600.0,600,18966.238173
-155.0,156,18966.507971
-127.0,128,18967.234543
-106.0,107,18968.790545
-130.0,131,18969.487717
-44.0,45,18969.708298
-145.0,146,18974.845017
-88.0,89,18979.757882
-104.0,105,18981.789822
-132.0,133,18981.922119
-115.0,116,18982.181282
-138.0,139,18983.289724
-226.0,227,18985.184718
-168.0,169,18985.828348
-168.0,169,18994.279655
-112.0,113,18996.385996
-138.0,139,18998.004807
-135.0,136,19001.6292
-167.0,168,19001.629261
-63.0,64,19001.748205
-198.0,199,19002.787208
-185.0,186,19003.334323
-75.0,76,19005.138446
-24.0,25,19006.208517
-231.0,232,19012.128598
-94.0,95,19012.730711
-141.0,142,19014.727648
-47.0,48,19017.81872
-53.0,54,19019.090405
-163.0,164,19020.814359
-40.0,41,19022.535465
-180.0,181,19023.92508
-151.0,152,19024.060474
-214.0,215,19026.850431
-111.0,112,19027.61394
-84.0,85,19028.87419
-55.0,56,19028.994951
-81.0,82,19033.559153
-58.0,59,19034.703497
-163.0,164,19040.070406
-144.0,145,19041.071868
-112.0,113,19046.748033
-61.0,62,19048.229728
-266.0,167,19048.491345
-195.0,196,19049.81514
-392.0,393,19051.226123
-97.0,98,19051.443681
-153.0,154,19052.624127
-40.0,41,19053.101229
-44.0,45,19053.800828
-227.0,228,19055.773679
-56.0,57,19058.19644
-52.0,53,19060.032347
-164.0,165,19066.037011
-103.0,104,19067.911101
-135.0,136,19068.938487
-141.0,142,19069.166995
-188.0,189,19071.864406
-118.0,119,19073.81801
-71.0,72,19076.330069
-164.0,165,19077.333074
-238.0,239,19079.100505
-93.0,94,19080.17869
-35.0,36,19081.620155
-110.0,111,19081.97946
-112.0,113,19085.080515
-170.0,171,19086.03848
-76.0,77,19089.142041
-49.0,50,19090.913843
-92.0,93,19092.751044
-41.0,42,19093.927846
-30.0,31,19094.372195
-156.0,157,19097.219788
-233.0,234,19100.801421
-62.0,63,19101.02762
-163.0,64,19101.599988
-179.0,180,19102.128004
-235.0,236,19103.38291
-40.0,41,19105.479867
-35.0,36,19105.707551
-74.0,75,19105.70761
-123.0,124,19106.708647
-181.0,182,19106.708709
-27.0,28,19110.005827
-45.0,46,19111.068929
-127.0,128,19115.942552
-51.0,52,19117.18247
-147.0,148,19119.519222
-80.0,81,19119.639028
-145.0,146,19120.57747
-54.0,55,19123.867875
-66.0,67,19127.588021
-32.0,33,19127.810074
-72.0,73,19128.363528
-88.0,89,19131.11432
-36.0,37,19132.542352
-146.0,147,19133.280902
-271.0,272,19137.335123
-67.0,68,19138.825031
-132.0,133,19142.607338
-45.0,46,19144.030899
-169.0,170,19147.415848
-28.0,29,19147.662601
-355.0,356,19148.516047
-94.0,95,19148.516122
-178.0,179,19153.337636
-55.0,56,19154.125835
-102.0,103,19154.792728
-71.0,72,19156.766389
-81.0,82,19156.886993
-129.0,30,19158.274216
-319.0,220,19158.770674
-63.0,64,19160.8491
-471.0,472,19160.962394
-80.0,81,19163.665563
-45.0,46,19164.279677
-43.0,44,19166.107756
-204.0,105,19169.114126
-109.0,110,19169.884038
-49.0,50,19171.934366
-202.0,203,19172.154741
-100.0,101,19172.632832
-139.0,140,19174.700478
-107.0,108,19176.684145
-112.0,113,19187.210575
-166.0,167,19187.955697
-177.0,178,19189.960517
-170.0,171,19191.982814
-251.0,252,19192.46382
-186.0,187,19193.224066
-162.0,163,19195.360845
-214.0,215,19196.822608
-116.0,117,19203.731102
-104.0,105,19204.333387
-138.0,139,19204.333445
-82.0,83,19206.363831
-182.0,183,19208.743959
-122.0,123,19209.704634
-52.0,53,19209.98842
-169.0,170,19212.982589
-193.0,194,19215.037344
-93.0,94,19215.15443
-33.0,34,19216.969954
-127.0,128,19219.22196
-37.0,38,19219.673915
-113.0,114,19219.673985
-99.0,100,19221.469805
-40.0,41,19223.97474
-97.0,98,19272.376573
-61.0,62,19272.695
-180.0,181,19274.576394
-190.0,191,19280.853421
-87.0,88,19282.147282
-163.0,164,19282.267799
-183.0,184,19284.592261
-161.0,162,19286.328527
-121.0,122,19286.439007
-73.0,74,19289.286743
-322.0,323,19289.620375
-64.0,65,19291.899644
-53.0,54,19292.393114
-88.0,89,19292.393177
-40.0,41,19294.283782
-200.0,201,19297.282285
-132.0,133,19297.282358
-90.0,91,19299.68017
-64.0,65,19299.79536
-75.0,76,19300.549409
-77.0,78,19301.284551
-71.0,72,19302.541735
-44.0,45,19304.945936
-26.0,27,19305.66065
-169.0,170,19305.776411
-74.0,75,19308.352394
-67.0,68,19308.467433
-98.0,99,19312.905819
-70.0,71,19313.374945
-63.0,64,19315.85995
-275.0,176,19317.734567
-106.0,107,19318.208097
-193.0,194,19319.818202
-64.0,65,19320.84076
-89.0,90,19323.153054
-155.0,156,19323.850397
-149.0,150,19325.805202
-102.0,103,19329.509809
-78.0,79,19329.848146
-153.0,154,19333.62966
-27.0,28,19336.875188
-169.0,170,19337.772837
-111.0,112,19338.871667
-185.0,186,19341.397009
-109.0,110,19342.756806
-174.0,175,19344.288294
-61.0,62,19345.095738
-325.0,226,19349.551004
-184.0,185,19351.197367
-80.0,81,19353.705175
-131.0,132,19354.330417
-151.0,152,19354.683834
-43.0,44,19354.683893
-52.0,53,19357.235332
-112.0,113,19358.171943
-41.0,42,19359.497332
-150.0,51,19363.225434
-188.0,189,19363.352616
-44.0,45,19363.490494
-184.0,185,19364.320705
-91.0,92,19365.294606
-120.0,121,19368.353323
-68.0,69,19371.282628
-174.0,175,19373.94889
-130.0,131,19378.634701
-167.0,168,19379.219809
-144.0,145,19380.518678
-147.0,148,19381.659304
-160.0,161,19384.238251
-89.0,90,19384.749595
-165.0,166,19388.006246
-92.0,93,19390.292042
-85.0,86,19391.869927
-193.0,194,19394.317945
-254.0,155,19396.910781
-79.0,80,19397.41058
-115.0,116,19397.960593
-154.0,155,19398.794723
-85.0,86,19401.878073
-111.0,12,19403.235743
-162.0,163,19403.792218
-88.0,89,19404.622043
-96.0,97,19408.017394
-57.0,58,19409.853673
-114.0,115,19411.171271
-72.0,73,19412.263448
-121.0,122,19412.868281
-195.0,196,19412.976173
-163.0,164,19416.261391
-53.0,54,19418.41181
-53.0,54,19419.002591
-70.0,71,19419.333122
-52.0,53,19422.345603
-130.0,131,19423.121309
-116.0,117,19423.336979
-193.0,194,19426.877477
-80.0,81,19428.634026
-144.0,145,19429.613257
-114.0,115,19431.767841
-134.0,135,19434.640067
-67.0,68,19436.627373
-125.0,126,19438.045496
-36.0,37,19439.010112
-64.0,65,19439.364309
-164.0,165,19441.603099
-174.0,175,19443.727862
-143.0,144,19443.9804
-134.0,135,19445.608637
-48.0,49,19449.478988
-94.0,95,19450.686315
-81.0,82,19451.428646
-146.0,147,19456.376348
-107.0,108,19456.600518
-44.0,45,19456.600579
-162.0,163,19457.263786
-185.0,186,19458.574307
-92.0,93,19460.365491
-71.0,72,19464.943101
-83.0,84,19466.371382
-85.0,86,19466.371437
-200.0,201,19468.927407
-36.0,37,19470.59725
-53.0,54,19472.609032
-135.0,136,19473.054873
-137.0,138,19476.315126
-232.0,233,19477.679991
-182.0,183,19479.809497
-28.0,29,19481.110299
-143.0,144,19481.710894
-77.0,78,19481.710964
-86.0,87,19483.154811
-125.0,126,19483.616505
-67.0,68,19487.649878
-106.0,7,19488.478695
-157.0,158,19488.961623
-61.0,62,19490.515355
-101.0,102,19493.624493
-150.0,151,19493.992581
-111.0,112,19494.221393
-152.0,153,19499.533581
-158.0,159,19502.177636
-102.0,103,19502.438965
-124.0,125,19503.737232
-50.0,51,19508.450143
-168.0,169,19508.601623
-128.0,129,19508.996709
-169.0,170,19514.291891
-89.0,90,19514.406911
-148.0,149,19517.329132
-141.0,142,19519.35218
-45.0,46,19519.683677
-105.0,106,19520.901244
-49.0,50,19523.094328
-350.0,251,19523.550689
-129.0,130,19524.105601
-97.0,98,19525.859527
-155.0,156,19526.788167
-84.0,85,19530.67029
-69.0,70,19532.222658
-133.0,134,19534.990606
-163.0,164,19538.939905
-139.0,140,19539.948298
-88.0,89,19541.312306
-169.0,170,19543.137311
-44.0,45,19544.274758
-166.0,167,19546.411401
-181.0,182,19547.203382
-163.0,164,19551.475952
-101.0,102,19551.849253
-176.0,177,19555.609473
-72.0,73,19555.609545
-125.0,126,19555.844922
-27.0,28,19559.113509
-143.0,144,19559.695292
-28.0,29,19562.496545
-161.0,162,19562.943997
-110.0,111,19564.35673
-54.0,55,19570.682339
-133.0,134,19571.173065
-84.0,85,19572.327372
-145.0,146,19572.578454
-196.0,197,19574.7049
-32.0,33,19578.384498
-171.0,172,19579.551816
-150.0,151,19580.350826
-86.0,87,19580.687814
-410.0,311,19582.362184
-99.0,100,19582.682024
-109.0,110,19585.013164
-64.0,65,19587.883786
-47.0,48,19588.252043
-67.0,68,19590.259996
-182.0,183,19593.617989
-61.0,62,19597.239782
-174.0,175,19598.490067
-44.0,45,19598.758306
-183.0,184,19600.617106
-181.0,182,19601.533731
-170.0,171,19607.27522
-176.0,177,19608.334852
-101.0,102,19610.227381
-99.0,100,19612.92947
-161.0,162,19615.676139
-153.0,154,19616.073961
-142.0,143,19617.014534
-88.0,89,19617.564776
-75.0,76,19621.698992
-118.0,119,19624.107817
-142.0,143,19624.889673
-89.0,90,19626.178691
-113.0,14,19627.683022
-103.0,104,19628.952275
-113.0,114,19629.178167
-121.0,122,19631.685427
-110.0,111,19634.709189
-93.0,94,19635.082099
-66.0,67,19637.005616
-67.0,68,19637.348223
-125.0,126,19642.466265
-64.0,65,19642.615705
-177.0,178,19645.569065
-125.0,126,19646.341739
-100.0,101,19646.341798
-78.0,79,19651.857971
-600.0,600,19654.320593
-156.0,157,19655.306156
-167.0,168,19656.958391
-130.0,131,19657.904848
-150.0,151,19664.183882
-176.0,177,19666.380089
-75.0,76,19666.744895
-110.0,111,19667.322063
-167.0,168,19671.569661
-330.0,231,19673.647489
-159.0,160,19674.117071
-91.0,92,19677.252302
-108.0,109,19679.667251
-195.0,196,19680.036437
-146.0,147,19681.474416
-88.0,89,19682.095066
-134.0,135,19683.236872
-81.0,82,19683.730469
-19.0,20,19683.846496
-93.0,94,19684.726555
-61.0,62,19687.044277
-94.0,95,19688.660805
-64.0,65,19691.615128
-97.0,98,19691.615191
-124.0,125,19696.973714
-53.0,54,19698.025562
-120.0,121,19699.124237
-116.0,117,19705.334861
-187.0,188,19705.466048
-144.0,145,19705.592299
-186.0,187,19708.940434
-219.0,220,19709.668222
-140.0,141,19714.57025
-145.0,146,19716.218629
-177.0,178,19717.894508
-106.0,107,19718.041191
-73.0,74,19718.56506
-150.0,151,19723.517696
-46.0,47,19723.517775
-125.0,126,19724.017898
-72.0,73,19726.724046
-183.0,184,19727.318672
-111.0,112,19727.907556
-41.0,42,19729.003559
-118.0,119,19730.390335
-35.0,36,19733.195311
-130.0,131,19734.025099
-159.0,60,19734.415446
-115.0,116,19737.157689
-86.0,87,19740.482265
-168.0,169,19743.491118
-86.0,87,19743.491172
-79.0,80,19743.868228
-173.0,174,19747.15058
-33.0,34,19747.379503
-177.0,178,19748.823668
-142.0,143,19750.89662
-99.0,100,19755.106757
-104.0,5,19755.718383
-82.0,83,19756.977874
-92.0,93,19759.707467
-142.0,143,19760.483902
-43.0,44,19760.837857
-182.0,183,19762.065887
-211.0,212,19762.065943
-59.0,60,19763.870646
-64.0,65,19767.19021
-165.0,166,19770.182329
-202.0,203,19771.121317
-162.0,163,19779.880001
-137.0,138,19779.987325
-153.0,154,19779.987386
-181.0,182,19783.381009
-126.0,127,19786.097255
-175.0,176,19787.885762
-174.0,175,19790.64703
-93.0,94,19790.881264
-113.0,114,19793.272619
-51.0,52,19796.605375
-97.0,98,19797.313261
-165.0,166,19799.299904
-45.0,46,19802.130562
-88.0,89,19803.78546
-223.0,224,19809.616307
-103.0,104,19809.753423
-189.0,190,19813.134874
-84.0,85,19813.706332
-104.0,105,19814.37075
-358.0,259,19818.115386
-190.0,191,19821.603156
-79.0,80,19822.863652
-106.0,107,19826.723771
-170.0,171,19829.27024
-73.0,74,19830.318796
-600.0,600,19830.548258
-116.0,117,19831.734467
-166.0,167,19832.554823
-201.0,202,19833.135928
-47.0,48,19835.925347
-102.0,103,19838.762352
-88.0,89,19843.422729
-123.0,124,19843.8178
-109.0,110,19844.498621
-186.0,187,19844.71871
-26.0,27,19846.764196
-96.0,97,19849.848688
-170.0,171,19850.191427
-33.0,34,19850.660257
-55.0,56,19850.772326
-159.0,160,19850.901181
-161.0,162,19895.823504
-102.0,103,19896.484106
-38.0,39,19896.695674
-109.0,110,19898.436373
-29.0,30,19899.107486
-71.0,72,19899.709172
-50.0,51,19902.254264
-93.0,94,19902.819472
-108.0,109,19903.569374
-62.0,63,19905.624874
-57.0,58,19905.734788
-124.0,125,19906.201029
-45.0,46,19908.050447
-73.0,74,19908.189471
-55.0,56,19914.507446
-218.0,119,19915.872972
-182.0,183,19917.561637
-103.0,104,19918.161322
-131.0,132,19918.760429
-146.0,147,19922.513586
-40.0,41,19922.848602
-129.0,130,19923.078436
-158.0,159,19923.968933
-180.0,81,19925.173704
-82.0,83,19928.326761
-125.0,126,19932.226269
-98.0,99,19934.184381
-170.0,171,19934.405053
-55.0,56,19934.968121
-111.0,112,19936.20358
-33.0,34,19940.300155
-73.0,74,19942.903403
-168.0,169,19943.932841
-106.0,107,19944.95781
-199.0,200,19946.516646
-146.0,147,19952.239997
-88.0,89,19953.252954
-184.0,185,19956.018533
-94.0,95,19957.394045
-168.0,169,19959.825969
-132.0,133,19960.161515
-95.0,96,19963.040431
-169.0,170,19963.366809
-350.0,351,19966.019456
-77.0,78,19966.243148
-163.0,64,19967.21566
-48.0,49,19971.837222
-140.0,141,19972.295281
-76.0,77,19972.575178
-169.0,170,19972.966977
-50.0,51,19973.326146
-159.0,160,19978.95211
-77.0,78,19981.061293
-149.0,150,19984.017988
-177.0,178,19984.132609
-132.0,133,19988.408563
-162.0,163,19992.319478
-175.0,176,19993.118542
-89.0,90,19994.64674
-133.0,134,19999.642763
-59.0,60,20000.253149
-104.0,105,20000.826691
-172.0,173,20001.268003
-264.0,265,20003.250221
-56.0,57,20006.174194
-129.0,130,20009.661841
-58.0,59,20010.13509
-159.0,160,20010.922414
-77.0,78,20015.332396
-139.0,140,20016.521277
-131.0,132,20016.662524
-93.0,94,20021.003702
-113.0,114,20022.875643
-63.0,64,20023.865868
-84.0,85,20026.540656
-141.0,142,20027.509168
-139.0,140,20031.601664
-109.0,110,20033.947544
-287.0,288,20034.290092
-95.0,96,20038.584763
-160.0,161,20041.535121
-158.0,159,20042.23123
-99.0,100,20045.797114
-168.0,169,20046.039931
-47.0,48,20047.968068
-147.0,148,20048.777503
-600.0,600,20048.777558
-138.0,139,20050.037224
-47.0,48,20051.75978
-137.0,138,20054.72446
-96.0,97,20060.103735
-166.0,67,20062.533205
-132.0,133,20063.523283
-187.0,188,20063.637614
-162.0,163,20064.881259
-130.0,131,20065.328146
-134.0,135,20067.469812
-169.0,170,20068.641153
-80.0,81,20073.075441
-87.0,88,20074.000158
-82.0,83,20075.153426
-88.0,89,20075.388418
-140.0,141,20079.277842
-53.0,54,20079.525602
-165.0,166,20079.778525
-111.0,112,20080.935737
-111.0,112,20088.897709
-136.0,137,20090.523156
-189.0,190,20091.438024
-154.0,155,20093.801009
-126.0,127,20094.681516
-124.0,125,20095.692407
-152.0,153,20097.330404
-66.0,67,20098.146646
-21.0,22,20099.889942
-183.0,184,20101.394652
-67.0,68,20101.539192
-92.0,93,20106.376561
-135.0,136,20107.042039
-99.0,100,20109.650687
-140.0,141,20110.859612
-84.0,85,20111.353048
-204.0,205,20112.712169
-129.0,130,20114.998447
-100.0,101,20118.136494
-191.0,192,20123.661194
-96.0,97,20123.903797
-113.0,114,20124.162567
-64.0,65,20125.703143
-91.0,92,20125.703202
-161.0,162,20125.940702
-132.0,133,20126.858989
-182.0,183,20130.898351
-45.0,46,20132.058811
-57.0,58,20132.532793
-23.0,24,20134.802806
-101.0,102,20135.872986
-145.0,146,20140.672711
-156.0,157,20143.959923
-156.0,157,20143.959989
-220.0,121,20149.063888
-115.0,116,20149.553481
-145.0,146,20149.673833
-99.0,100,20152.425696
-86.0,87,20154.202364
-73.0,74,20158.461114
-91.0,92,20159.992935
-67.0,68,20160.434059
-124.0,125,20164.322603
-56.0,57,20165.187909
-293.0,294,20165.553191
-57.0,58,20172.353853
-104.0,105,20172.353919
-177.0,178,20175.20843
-126.0,127,20179.207255
-125.0,126,20179.890114
-166.0,167,20180.008558
-87.0,88,20182.549141
-87.0,88,20185.494221
-135.0,136,20188.208744
-83.0,84,20189.709644
-92.0,93,20190.867719
-600.0,600,20194.184267
-112.0,113,20195.855284
-157.0,158,20197.709213
-89.0,90,20200.25627
-50.0,51,20201.762024
-158.0,159,20206.666294
-199.0,200,20208.612792
-154.0,155,20208.836211
-151.0,152,20211.66266
-38.0,39,20213.363786
-600.0,600,20214.045916
-75.0,76,20215.447783
-157.0,158,20215.902199
-258.0,159,20220.294297
-142.0,143,20225.48799
-93.0,94,20227.171263
-109.0,110,20227.171319
-242.0,243,20228.692483
-142.0,143,20228.692554
-118.0,119,20229.63377
-96.0,97,20231.667585
-158.0,159,20232.109423
-64.0,65,20236.248418
-78.0,79,20236.387552
-95.0,96,20236.747302
-79.0,80,20240.948339
-126.0,127,20241.854995
-96.0,97,20243.461448
-69.0,70,20244.426641
-73.0,74,20245.435733
-93.0,94,20247.511628
-174.0,175,20249.219179
-74.0,75,20249.948383
-190.0,191,20251.92824
-40.0,41,20252.148389
-97.0,98,20254.864064
-113.0,114,20255.205098
-119.0,120,20258.412211
-130.0,131,20260.768984
-97.0,98,20263.734783
-71.0,72,20263.873559
-124.0,125,20264.598204
-54.0,55,20265.104166
-86.0,87,20265.347017
-159.0,160,20267.961491
-167.0,168,20271.430238
-69.0,70,20273.134963
-114.0,115,20273.905277
-114.0,115,20276.906591
-114.0,115,20277.597397
-112.0,113,20277.826485
-36.0,37,20281.979164
-126.0,127,20282.420934
-95.0,96,20284.315489
-294.0,195,20286.10737
-135.0,136,20287.136936
-98.0,99,20289.319583
-64.0,65,20289.88806
-125.0,126,20291.473242
-183.0,184,20295.06587
-124.0,125,20298.558294
-152.0,153,20299.431249
-128.0,129,20304.537959
-116.0,117,20304.825016
-162.0,163,20305.788665
-90.0,91,20309.076177
-218.0,219,20311.245998
-194.0,195,20311.68662
-178.0,179,20315.619129
-39.0,40,20316.18022
-119.0,120,20319.515553
-94.0,95,20319.848347
-154.0,155,20322.662525
-203.0,204,20322.914173
-86.0,87,20326.318998
-120.0,121,20333.784132
-122.0,123,20334.428938
-169.0,170,20335.597497
-302.0,303,20339.722938
-120.0,121,20340.4614
-166.0,167,20342.241608
-166.0,167,20342.472936
-23.0,24,20344.888545
-294.0,295,20345.336123
-145.0,146,20350.277085
-153.0,154,20351.776043
-93.0,94,20352.95752
-124.0,125,20354.599295
-170.0,171,20354.955784
-94.0,95,20355.647689
-173.0,174,20359.56864
-124.0,125,20359.568698
-38.0,39,20360.125938
-62.0,63,20361.838201
-85.0,86,20362.852467
-129.0,130,20366.703304
-124.0,125,20369.184491
-100.0,101,20371.014753
-107.0,108,20371.824421
-188.0,189,20371.973879
-106.0,107,20372.307488
-36.0,37,20375.307438
-76.0,77,20381.199461
-130.0,131,20381.764917
-166.0,167,20382.008677
-79.0,80,20384.564876
-200.0,201,20384.902288
-142.0,143,20385.736719
-133.0,134,20387.505722
-191.0,192,20394.217105
-108.0,109,20394.58866
-109.0,110,20398.584397
-148.0,149,20398.584449
-145.0,146,20399.029188
-134.0,135,20400.608889
-36.0,37,20404.742659
-162.0,163,20406.211196
-70.0,71,20406.553676
-191.0,192,20406.670117
-120.0,121,20407.881944
-32.0,33,20408.446437
-100.0,101,20410.398177
-169.0,170,20413.863886
-66.0,67,20414.219052
-59.0,60,20417.215474
-140.0,41,20418.547633
-180.0,181,20419.089118
-146.0,147,20424.623759
-157.0,158,20426.513973
-178.0,179,20426.625977
-107.0,108,20430.99695
-151.0,152,20431.797389
-336.0,237,20433.951154
-145.0,146,20434.223061
-83.0,84,20436.614003
-33.0,34,20438.192636
-164.0,165,20438.300787
-75.0,76,20440.559073
-149.0,150,20442.124442
-162.0,163,20445.436663
-100.0,101,20448.062836
-81.0,82,20449.943128
-106.0,107,20450.515583
-170.0,171,20450.769078
-114.0,115,20455.667471
-33.0,34,20459.635089
-104.0,105,20460.565116
-143.0,144,20462.473616
-106.0,107,20463.367324
-114.0,115,20463.732648
-124.0,125,20465.77875
-242.0,243,20466.696775
-443.0,344,20474.362962
-73.0,74,20474.477743
-118.0,119,20474.709043
-108.0,109,20518.724082
-27.0,28,20520.401384
-154.0,155,20524.288359
-67.0,68,20524.634797
-177.0,178,20525.795928
-34.0,35,20528.579245
-251.0,252,20531.367888
-128.0,129,20531.649657
-218.0,219,20534.389005
-91.0,92,20534.754832
-44.0,45,20536.875247
-164.0,165,20539.359371
-136.0,137,20541.652542
-206.0,207,20542.553895
-98.0,99,20543.015812
-139.0,140,20544.809556
-62.0,63,20549.752527
-131.0,132,20550.129843
-172.0,173,20554.576072
-100.0,101,20556.675735
-174.0,175,20557.351857
-158.0,159,20557.93996
-76.0,77,20559.19563
-180.0,181,20562.829212
-53.0,54,20563.078374
-73.0,74,20563.426788
-187.0,188,20565.11286
-57.0,58,20566.192666
-83.0,84,20568.015281
-171.0,172,20570.305913
-134.0,135,20573.429444
-79.0,80,20574.615155
-119.0,120,20577.213319
-110.0,111,20580.770491
-126.0,127,20580.88861
-63.0,64,20581.886039
-74.0,75,20582.035488
-170.0,171,20583.335749
-176.0,177,20583.469089
-65.0,66,20588.449474
-59.0,60,20588.812127
-172.0,173,20590.110687
-213.0,114,20593.833973
-113.0,114,20594.923477
-154.0,155,20594.923533
-90.0,91,20598.979399
-143.0,144,20599.918752
-102.0,103,20602.087721
-172.0,173,20603.42006
-99.0,100,20606.524999
-105.0,106,20607.213457
-123.0,124,20608.32968
-170.0,171,20608.652894
-70.0,71,20611.84698
-91.0,92,20612.939552
-51.0,52,20614.648874
-124.0,125,20614.782406
-146.0,147,20616.443914
-31.0,32,20618.572022
-49.0,50,20618.92612
-45.0,46,20620.144174
-126.0,127,20622.49359
-145.0,46,20624.107442
-135.0,136,20625.080664
-131.0,132,20627.677522
-117.0,118,20632.97353
-89.0,90,20633.193127
-72.0,73,20633.652793
-90.0,91,20634.837259
-172.0,173,20636.859607
-146.0,147,20637.519417
-24.0,25,20639.959801
-36.0,37,20641.896876
-125.0,126,20642.47125
-89.0,90,20643.704145
-130.0,131,20649.098018
-72.0,73,20651.116614
-171.0,172,20653.292081
-83.0,84,20653.810892
-162.0,163,20654.183171
-120.0,121,20654.303559
-31.0,32,20657.996479
-168.0,169,20661.783781
-122.0,123,20665.518425
-152.0,153,20667.02756
-161.0,162,20672.359397
-162.0,163,20672.81234
-144.0,145,20674.61634
-195.0,196,20675.883368
-78.0,79,20676.024613
-600.0,600,20677.194842
-56.0,57,20679.004418
-159.0,160,20680.200533
-57.0,58,20681.366635
-109.0,110,20688.778194
-120.0,121,20690.264352
-87.0,88,20690.600423
-161.0,162,20691.910666
-244.0,245,20694.038656
-123.0,124,20696.139924
-153.0,154,20697.384533
-45.0,46,20697.520421
-182.0,183,20698.923098
-27.0,28,20700.692682
-48.0,49,20702.110358
-141.0,142,20707.023668
-154.0,155,20707.134768
-111.0,112,20707.261592
-59.0,60,20708.799169
-81.0,82,20709.98081
-110.0,111,20710.211518
-129.0,130,20713.797062
-200.0,201,20714.053513
-49.0,50,20714.501105
-87.0,88,20717.138506
-25.0,26,20717.509644
-52.0,53,20720.08067
-104.0,105,20722.407562
-134.0,135,20722.522731
-137.0,138,20723.096111
-120.0,121,20724.115882
-56.0,57,20726.659076
-89.0,90,20728.002752
-107.0,108,20729.798371
-58.0,59,20730.065348
-68.0,69,20730.542433
-85.0,86,20732.572053
-130.0,31,20734.14446
-92.0,93,20735.001014
-188.0,189,20736.152739
-81.0,82,20737.559018
-51.0,52,20738.548494
-79.0,80,20739.261089
-118.0,119,20740.425217
-35.0,36,20743.426997
-42.0,43,20745.44207
-142.0,143,20746.376647
-82.0,83,20747.173342
-129.0,130,20749.240155
-60.0,61,20750.619605
-78.0,79,20755.713575
-168.0,169,20755.845872
-178.0,179,20755.845932
-157.0,158,20757.283288
-106.0,107,20758.231623
-117.0,118,20763.150777
-63.0,64,20763.377975
-85.0,86,20765.967395
-192.0,193,20769.868534
-187.0,188,20772.679107
-159.0,160,20774.558667
-74.0,75,20774.796865
-111.0,112,20776.619223
-160.0,161,20777.083085
-174.0,175,20777.751223
-171.0,72,20778.417643
-156.0,157,20781.51681
-53.0,54,20784.662118
-76.0,77,20785.912978
-127.0,128,20787.688012
-45.0,46,20790.102757
-159.0,160,20793.337984
-43.0,44,20795.231282
-172.0,173,20796.749347
-137.0,138,20797.732695
-172.0,173,20797.960826
-235.0,236,20802.547391
-133.0,134,20803.677856
-155.0,156,20804.517507
-65.0,66,20805.69505
-144.0,145,20810.212358
-117.0,118,20811.673531
-81.0,82,20812.915065
-68.0,69,20813.45226
-146.0,147,20813.935277
-163.0,164,20814.381232
-107.0,108,20814.969081
-36.0,37,20819.17162
-88.0,89,20822.008983
-82.0,83,20822.587367
-169.0,170,20823.959545
-87.0,88,20824.567667
-129.0,130,20825.258654
-102.0,103,20825.875336
-141.0,142,20829.935878
-93.0,94,20830.179478
-73.0,74,20833.239365
-39.0,40,20834.783933
-134.0,135,20838.334573
-152.0,153,20839.856932
-128.0,129,20840.830215
-141.0,142,20841.710569
-82.0,83,20844.361506
-81.0,82,20849.242471
-166.0,167,20852.470413
-202.0,203,20853.37378
-101.0,102,20853.493042
-84.0,85,20854.258388
-171.0,172,20858.487927
-166.0,167,20860.515441
-95.0,96,20860.790054
-83.0,84,20863.698486
-36.0,37,20865.120788
-96.0,97,20865.945169
-164.0,165,20872.071591
-119.0,120,20872.497723
-59.0,60,20872.86035
-213.0,214,20878.527421
-148.0,149,20880.795988
-157.0,158,20883.224676
-108.0,109,20884.536172
-33.0,34,20884.76554
-115.0,116,20885.822822
-328.0,229,20886.96536
-82.0,83,20888.083904
-173.0,174,20892.771447
-63.0,64,20893.104349
-600.0,600,20893.661987
-97.0,98,20894.451436
-87.0,88,20894.821227
-106.0,107,20896.762529
-28.0,29,20897.859148
-46.0,47,20899.102945
-119.0,120,20900.6737
-69.0,70,20901.119094
-86.0,87,20904.938026
-70.0,71,20905.073496
-169.0,170,20907.696804
-162.0,163,20911.651471
-96.0,97,20912.038628
-109.0,110,20914.074906
-112.0,113,20918.291885
-164.0,165,20918.413717
-176.0,177,20918.534159
-203.0,104,20919.928437
-243.0,144,20921.804421
-90.0,91,20922.716022
-58.0,59,20925.15427
-70.0,71,20926.711521
-157.0,158,20930.402403
-112.0,113,20931.847949
-121.0,122,20934.376586
-68.0,69,20935.007345
-183.0,184,20935.877008
-120.0,121,20936.263654
-114.0,115,20936.495728
-81.0,82,20940.184306
-141.0,142,20942.12711
-91.0,92,20945.313223
-34.0,35,20946.214042
-90.0,91,20947.115453
-103.0,104,20948.017172
-138.0,139,20951.128355
-29.0,30,20951.355235
-169.0,170,20951.709192
-128.0,129,20954.94801
-84.0,85,20955.876961
-83.0,84,20956.751965
-198.0,199,20959.232314
-71.0,72,20963.398302
-111.0,112,20964.212711
-170.0,171,20965.030964
-91.0,92,20966.673104
-164.0,165,20970.64959
-162.0,163,20970.771317
-137.0,138,20972.86323
-135.0,136,20975.126519
-93.0,94,20975.969536
-52.0,53,20976.901956
-127.0,128,20979.080082
-39.0,40,20979.732414
-81.0,82,20980.06348
-164.0,165,20982.509007
-32.0,33,20982.903135
-161.0,162,20985.427444
-96.0,97,20987.216141
-108.0,109,20992.265126
-138.0,139,20992.860443
-96.0,97,20993.669648
-184.0,185,20994.12528
-86.0,87,20995.366534
-49.0,50,21000.109693
-73.0,74,21001.615808
-142.0,143,21003.783191
-27.0,28,21004.837358
-310.0,211,21007.576033
-119.0,120,21009.810006
-146.0,147,21011.289774
-29.0,30,21011.28983
-64.0,65,21011.740374
-97.0,98,21011.857238
-170.0,171,21012.692766
-63.0,64,21012.69282
-25.0,26,21014.326217
-29.0,30,21017.908076
-48.0,49,21018.493962
-69.0,70,21021.06048
-90.0,91,21022.088953
-110.0,111,21024.933703
-59.0,60,21024.933762
-179.0,180,21030.903766
-94.0,95,21032.010915
-145.0,146,21035.451774
-202.0,203,21035.451837
-114.0,115,21038.282823
-129.0,130,21039.96609
-184.0,185,21043.440161
-96.0,97,21046.779578
-117.0,118,21049.163187
-161.0,162,21049.727285
-157.0,158,21050.308385
-600.0,600,21050.30844
-21.0,22,21051.786321
-129.0,30,21053.308613
-165.0,166,21057.52322
-168.0,169,21059.682013
-140.0,141,21059.963159
-124.0,25,21060.569625
-133.0,134,21062.503474
-103.0,104,21062.623764
-87.0,88,21063.686952
-77.0,78,21069.246485
-165.0,166,21069.923389
-161.0,162,21070.853563
-96.0,97,21074.998167
-137.0,138,21075.954468
-67.0,68,21077.885927
-174.0,175,21083.011178
-187.0,188,21084.637006
-107.0,108,21087.777627
-171.0,172,21089.441549
-160.0,161,21089.8196
-96.0,97,21094.549763
-140.0,141,21094.54984
-88.0,89,21095.259331
-207.0,208,21100.394248
-116.0,117,21101.498938
-448.0,349,21101.624899
-74.0,75,21154.62401
-114.0,115,21154.624081
-217.0,118,21154.624099
-77.0,78,21154.987437
-54.0,55,21159.334651
-53.0,54,21159.334732
-47.0,48,21160.279896
-48.0,49,21160.409898
-119.0,120,21160.637042
-41.0,42,21164.315731
-82.0,83,21164.433097
-81.0,82,21164.674647
-129.0,130,21167.094135
-155.0,156,21178.467391
-124.0,125,21178.733504
-172.0,173,21180.404526
-185.0,186,21181.026352
-175.0,176,21181.137808
-144.0,145,21183.949409
-177.0,178,21185.369908
-196.0,197,21187.320733
-48.0,49,21191.056473
-90.0,91,21191.056532
-121.0,122,21192.972019
-103.0,4,21193.443258
-134.0,135,21194.218241
-126.0,127,21195.77897
-36.0,37,21200.162554
-111.0,112,21200.301884
-99.0,100,21202.735564
-186.0,187,21202.890986
-81.0,82,21203.924658
-172.0,173,21204.191992
-145.0,146,21208.374421
-43.0,44,21209.516936
-49.0,50,21209.993274
-73.0,74,21211.654774
-171.0,172,21213.859261
-102.0,103,21215.160712
-133.0,134,21216.225194
-66.0,67,21217.912748
-151.0,152,21218.49781
-195.0,96,21219.650917
-68.0,69,21221.848921
-124.0,125,21224.179906
-38.0,39,21226.439608
-79.0,80,21227.697931
-138.0,139,21227.825023
-127.0,128,21232.806435
-155.0,156,21233.407614
-49.0,50,21233.669217
-64.0,65,21234.15765
-167.0,168,21235.905852
-140.0,141,21236.155527
-52.0,53,21239.53835
-54.0,55,21240.073813
-66.0,67,21240.716919
-159.0,160,21242.836061
-79.0,80,21245.552177
-156.0,157,21246.346476
-51.0,52,21246.800437
-98.0,99,21247.572723
-146.0,147,21251.458992
-100.0,101,21251.574497
-95.0,96,21254.247919
-69.0,70,21255.119688
-74.0,75,21260.583064
-56.0,57,21261.204174
-60.0,61,21262.504689
-149.0,150,21263.436887
-148.0,149,21265.240837
-49.0,50,21268.278546
-253.0,154,21269.684112
-104.0,5,21270.23909
-93.0,94,21271.460946
-22.0,23,21274.198869
-107.0,108,21277.994303
-155.0,156,21279.491278
-100.0,101,21280.233365
-144.0,145,21280.464299
-290.0,291,21280.787859
-205.0,106,21282.75924
-29.0,30,21282.987952
-80.0,81,21283.843268
-42.0,43,21285.457282
-51.0,52,21286.267832
-59.0,60,21289.747931
-101.0,102,21289.868323
-108.0,109,21293.347502
-80.0,81,21294.703331
-107.0,108,21295.409219
-87.0,88,21299.664678
-96.0,97,21304.460467
-184.0,185,21307.554852
-217.0,218,21308.999589
-167.0,168,21309.243893
-132.0,133,21310.248448
-600.0,600,21310.490083
-30.0,31,21313.904452
-47.0,48,21316.121635
-178.0,179,21316.345567
-101.0,102,21316.579585
-102.0,103,21319.641901
-104.0,105,21321.248182
-40.0,41,21321.248254
-64.0,65,21321.362647
-49.0,50,21322.060307
-190.0,191,21322.060366
-48.0,49,21325.231696
-86.0,87,21326.054211
-148.0,149,21326.495542
-61.0,62,21328.551735
-59.0,60,21335.610713
-127.0,128,21336.971664
-107.0,108,21338.690569
-115.0,116,21338.826624
-115.0,116,21340.085722
-176.0,177,21341.844837
-75.0,76,21344.413418
-220.0,221,21347.821435
-252.0,253,21350.718149
-105.0,106,21351.182111
-42.0,43,21352.771427
-95.0,96,21352.996064
-142.0,143,21356.742123
-111.0,112,21357.469467
-180.0,181,21358.11242
-81.0,82,21360.822125
-95.0,96,21363.992702
-114.0,115,21366.455798
-71.0,72,21366.455858
-138.0,139,21366.932108
-87.0,88,21367.04047
-90.0,91,21371.307877
-63.0,64,21373.939428
-61.0,62,21374.314879
-97.0,98,21378.194395
-107.0,108,21378.839457
-196.0,197,21380.250132
-145.0,146,21380.799996
-92.0,93,21388.832855
-146.0,147,21390.639539
-179.0,180,21391.903385
-103.0,104,21392.678102
-130.0,131,21393.786777
-194.0,195,21396.46724
-67.0,68,21396.587798
-31.0,32,21397.498761
-157.0,158,21398.31083
-29.0,30,21399.921775
-83.0,84,21400.261301
-38.0,39,21401.040725
-650.0,551,21402.312906
-97.0,98,21403.135178
-91.0,92,21403.272576
-59.0,60,21405.234357
-42.0,43,21410.217245
-72.0,73,21411.767668
-110.0,111,21413.10975
-113.0,114,21414.238787
-160.0,161,21416.034446
-113.0,114,21416.289253
-19.0,20,21416.52499
-160.0,161,21418.51482
-147.0,148,21419.402055
-94.0,95,21421.209401
-87.0,88,21421.845448
-55.0,56,21422.943914
-100.0,101,21424.750734
-89.0,90,21426.607546
-88.0,89,21429.621171
-67.0,68,21432.476648
-151.0,152,21433.48787
-177.0,78,21435.476179
-68.0,69,21437.42355
-54.0,55,21442.03798
-84.0,85,21442.427554
-199.0,200,21444.252264
-66.0,67,21445.440291
-205.0,206,21445.69963
-202.0,203,21446.516233
-115.0,116,21447.092721
-75.0,76,21451.109837
-75.0,76,21453.055772
-203.0,104,21454.009054
-63.0,64,21458.641197
-122.0,123,21459.813967
-174.0,75,21462.999838
-149.0,150,21464.638293
-55.0,56,21465.32115
-169.0,170,21465.547317
-41.0,42,21467.785855
-186.0,187,21468.24178
-43.0,44,21469.565982
-101.0,102,21471.56422
-165.0,166,21472.439502
-55.0,56,21474.294097
-137.0,138,21481.106791
-121.0,122,21482.31549
-252.0,153,21483.077426
-102.0,103,21483.401211
-87.0,88,21484.28573
-138.0,139,21485.515618
-600.0,600,21487.906289
-147.0,148,21489.42431
-156.0,57,21492.249518
-134.0,135,21498.135954
-79.0,80,21498.956048
-161.0,162,21500.156409
-159.0,160,21502.337523
-172.0,173,21503.547304
-165.0,166,21503.989131
-134.0,135,21503.989187
-120.0,121,21506.711058
-73.0,74,21507.929444
-90.0,91,21511.246895
-66.0,67,21512.151376
-56.0,57,21513.644898
-161.0,162,21517.576453
-139.0,140,21519.079134
-60.0,61,21519.308903
-137.0,138,21519.984841
-106.0,107,21520.554173
-86.0,87,21523.820813
-176.0,177,21525.009648
-69.0,70,21525.696576
-52.0,53,21526.77527
-147.0,148,21528.655887
-48.0,49,21529.685433
-99.0,100,21531.787188
-108.0,109,21532.133702
-122.0,123,21533.561789
-60.0,61,21535.784915
-108.0,109,21539.605843
-121.0,122,21540.044986
-131.0,132,21540.499747
-117.0,118,21543.326085
-72.0,73,21544.194952
-48.0,49,21545.643241
-119.0,120,21547.308475
-44.0,45,21548.55238
-157.0,158,21550.416759
-98.0,99,21550.999117
-189.0,190,21553.682414
-90.0,91,21554.562864
-128.0,129,21555.24258
-97.0,98,21556.820016
-44.0,45,21558.779869
-122.0,123,21561.586347
-64.0,65,21564.542052
-118.0,119,21564.803016
-152.0,153,21566.310511
-147.0,148,21567.635427
-93.0,94,21569.969687
-125.0,26,21570.679537
-139.0,140,21571.018298
-97.0,98,21573.219991
-90.0,91,21575.56265
-171.0,172,21575.562711
-50.0,51,21577.069577
-99.0,100,21578.046423
-120.0,121,21578.784049
-129.0,130,21585.7115
-138.0,139,21586.033936
-120.0,121,21589.318426
-121.0,122,21589.456163
-103.0,104,21590.650315
-46.0,47,21591.140297
-149.0,150,21595.379391
-195.0,196,21595.834444
-177.0,178,21597.561476
-110.0,111,21598.955095
-135.0,36,21603.194484
-162.0,163,21608.332298
-154.0,155,21609.149569
-166.0,167,21610.062435
-182.0,183,21610.767796
-83.0,84,21612.911093
-160.0,161,21614.473357
-41.0,42,21614.910387
-60.0,61,21615.389499
-175.0,176,21615.74662
-157.0,158,21615.863816
-65.0,66,21616.824212
-182.0,83,21626.582988
-106.0,107,21627.063009
-140.0,141,21627.355139
-22.0,23,21629.392765
-128.0,129,21630.175827
-26.0,27,21630.509529
-158.0,159,21634.333781
-66.0,67,21634.810301
-287.0,188,21634.81036
-149.0,50,21635.028313
-50.0,51,21636.330649
-183.0,184,21636.908516
-85.0,86,21639.983441
-222.0,223,21641.848531
-61.0,62,21642.191783
-129.0,130,21651.973654
-147.0,148,21651.973716
-151.0,152,21653.94117
-170.0,171,21654.172005
-126.0,127,21654.812948
-113.0,114,21655.183205
-178.0,179,21655.658713
-38.0,39,21659.569266
-62.0,63,21659.569326
-163.0,164,21661.492673
-111.0,112,21665.345085
-96.0,97,21667.352511
-74.0,75,21668.485013
-120.0,121,21668.711527
-84.0,85,21671.50546
-151.0,152,21673.040003
-162.0,163,21673.157146
-89.0,90,21678.934605
-166.0,167,21678.934663
-125.0,126,21681.825641
-167.0,168,21687.948321
-127.0,128,21688.062613
-196.0,197,21688.312029
-147.0,148,21688.777689
-140.0,141,21689.731861
-67.0,68,21689.850361
-42.0,43,21693.785453
-130.0,131,21694.374846
-56.0,57,21696.373495
-153.0,154,21697.066892
-40.0,41,21701.064438
-141.0,142,21704.456268
-159.0,160,21706.43418
-198.0,199,21711.097727
-157.0,158,21712.408332
-136.0,137,21716.807636
-206.0,207,21717.597405
-222.0,123,21718.679435
-31.0,32,21721.228142
-213.0,214,21721.577779
-103.0,104,21723.281681
-62.0,63,21724.114495
-91.0,92,21729.359341
-166.0,167,21731.957591
-326.0,227,21732.742348
-477.0,378,21733.580915
-117.0,118,21735.537651
-126.0,127,21736.239291
-34.0,35,21794.524341
-104.0,105,21796.588257
-181.0,182,21799.483993
-180.0,181,21800.208952
-71.0,72,21804.838944
-162.0,163,21805.715175
-143.0,144,21807.628926
-173.0,174,21807.746815
-69.0,70,21808.108464
-132.0,133,21809.737096
-54.0,55,21812.08029
-34.0,35,21812.199776
-36.0,37,21814.026803
-57.0,58,21814.356669
-235.0,236,21815.716138
-156.0,157,21817.440039
-153.0,154,21822.644294
-48.0,49,21823.18584
-97.0,98,21823.521198
-107.0,108,21826.89564
-179.0,180,21828.708502
-47.0,48,21828.829921
-61.0,62,21830.828541
-134.0,135,21831.547462
-26.0,27,21831.954422
-185.0,186,21835.843318
-54.0,55,21838.429353
-97.0,98,21840.501649
-246.0,247,21841.094386
-176.0,177,21843.523836
-110.0,111,21843.994102
-72.0,73,21847.136492
-65.0,66,21848.353631
-45.0,46,21849.117815
-219.0,220,21852.982589
-192.0,193,21858.682767
-128.0,129,21859.276703
-166.0,167,21860.867434
-128.0,29,21862.717609
-165.0,166,21866.73651
-156.0,157,21867.564128
-174.0,175,21868.974692
-137.0,138,21869.342279
-141.0,142,21875.444381
-126.0,127,21877.704978
-30.0,31,21879.150825
-193.0,194,21883.52816
-151.0,152,21885.338396
-143.0,144,21886.124663
-490.0,491,21889.410261
-199.0,200,21890.1782
-185.0,186,21890.760905
-26.0,27,21892.626093
-58.0,59,21897.008411
-170.0,171,21897.607149
-47.0,48,21898.203676
-166.0,167,21898.563965
-111.0,112,21899.287761
-146.0,147,21900.842302
-85.0,86,21900.842369
-139.0,40,21902.401927
-151.0,52,21904.405033
-185.0,186,21907.18901
-119.0,120,21912.698164
-152.0,153,21914.98746
-119.0,120,21916.420117
-134.0,135,21916.646039
-160.0,161,21918.242599
-44.0,45,21921.646777
-181.0,182,21922.190312
-153.0,154,21922.481287
-132.0,133,21922.822691
-104.0,105,21929.108683
-101.0,102,21930.29266
-76.0,77,21931.324466
-184.0,185,21934.366096
-172.0,173,21935.297048
-96.0,97,21940.32403
-160.0,161,21940.568406
-57.0,58,21941.160132
-159.0,160,21941.547019
-178.0,179,21943.45158
-76.0,77,21944.367138
-44.0,45,21948.590143
-151.0,152,21948.9652
-181.0,182,21951.468171
-93.0,94,21955.335046
-125.0,126,21955.335106
-126.0,127,21956.402609
-135.0,136,21957.073344
-23.0,24,21958.115512
-87.0,88,21961.691297
-199.0,200,21963.642347
-126.0,127,21963.767376
-77.0,78,21966.056963
-167.0,168,21968.041617
-103.0,104,21970.02127
-229.0,130,21970.299922
-102.0,103,21973.59018
-92.0,93,21974.457991
-85.0,86,21976.055429
-68.0,69,21978.314771
-191.0,192,21978.544259
-150.0,51,21979.476641
-173.0,174,21983.933633
-137.0,138,21986.081659
-169.0,170,21987.840084
-119.0,120,21988.313771
-112.0,113,21989.150248
-42.0,43,21991.073102
-78.0,79,21993.191768
-44.0,45,21993.191833
-136.0,137,21994.336166
-166.0,167,21998.102777
-170.0,171,21999.504524
-72.0,73,22002.942278
-156.0,157,22006.743863
-143.0,144,22008.039506
-130.0,131,22008.514275
-172.0,173,22009.517205
-140.0,141,22009.772328
-64.0,65,22016.079166
-116.0,117,22016.517155
-75.0,76,22018.141577
-173.0,174,22018.248883
-166.0,167,22018.830551
-64.0,65,22023.875357
-150.0,151,22024.113143
-74.0,75,22026.849995
-167.0,168,22027.438355
-154.0,155,22027.591731
-113.0,114,22029.22916
-59.0,60,22034.622054
-141.0,142,22035.483178
-163.0,164,22037.463867
-103.0,104,22039.13286
-91.0,92,22040.046837
-113.0,114,22040.897808
-177.0,178,22044.904222
-42.0,43,22045.157092
-183.0,184,22045.883446
-136.0,137,22051.579594
-132.0,133,22053.209387
-133.0,134,22054.91607
-84.0,85,22055.175223
-57.0,58,22058.54617
-303.0,204,22058.771288
-121.0,122,22059.372227
-122.0,123,22060.397873
-177.0,178,22061.823639
-45.0,46,22064.577044
-50.0,51,22066.30852
-65.0,66,22066.421271
-115.0,116,22066.770879
-103.0,104,22067.10816
-34.0,35,22071.209982
-48.0,49,22072.12791
-87.0,88,22072.127968
-160.0,161,22074.014798
-48.0,49,22076.817053
-106.0,107,22079.101793
-190.0,191,22080.669519
-175.0,176,22086.820898
-129.0,130,22087.266529
-65.0,66,22088.450132
-218.0,219,22090.13228
-147.0,148,22091.193376
-168.0,169,22091.825753
-219.0,120,22093.270907
-200.0,201,22100.42132
-115.0,116,22100.867166
-100.0,101,22103.666027
-95.0,96,22104.543355
-45.0,46,22105.779656
-167.0,168,22106.534755
-48.0,49,22106.674058
-163.0,164,22107.809367
-150.0,151,22108.064296
-143.0,144,22108.286351
-71.0,72,22114.949744
-89.0,90,22117.098294
-133.0,134,22119.376442
-49.0,50,22120.736813
-147.0,148,22121.746408
-130.0,131,22123.42385
-248.0,149,22125.068155
-53.0,54,22125.691096
-165.0,166,22127.365243
-204.0,205,22129.7324
-119.0,120,22131.13706
-132.0,133,22136.40503
-98.0,99,22137.304615
-94.0,95,22138.457844
-138.0,139,22139.785501
-157.0,158,22140.339571
-131.0,132,22140.573547
-32.0,33,22141.19384
-124.0,125,22144.418584
-165.0,66,22146.192789
-24.0,25,22147.374158
-71.0,72,22148.227679
-21.0,22,22148.839485
-37.0,38,22152.661063
-193.0,194,22153.988509
-120.0,121,22155.395672
-164.0,165,22155.73826
-102.0,103,22159.444608
-168.0,169,22160.416654
-98.0,99,22164.190982
-210.0,211,22165.030331
-79.0,80,22165.03039
-52.0,53,22165.578299
-102.0,103,22167.309613
-122.0,123,22168.332372
-85.0,86,22170.448522
-51.0,52,22171.139118
-27.0,28,22173.695612
-83.0,84,22174.055162
-95.0,96,22176.965528
-140.0,141,22181.694929
-132.0,133,22183.952081
-99.0,100,22185.881014
-315.0,316,22185.881076
-126.0,127,22186.114408
-158.0,159,22186.114475
-107.0,108,22186.486706
-85.0,86,22187.082393
-56.0,57,22190.6185
-75.0,76,22194.773827
-57.0,58,22197.205303
-191.0,92,22197.571268
-116.0,117,22199.894113
-167.0,168,22201.062397
-148.0,149,22203.009113
-155.0,156,22204.019381
-159.0,160,22204.279044
-115.0,116,22208.123133
-43.0,44,22213.125693
-157.0,158,22215.243097
-106.0,107,22216.186386
-116.0,117,22216.297832
-145.0,146,22216.516052
-59.0,60,22219.960128
-140.0,141,22220.33199
-201.0,202,22220.692372
-47.0,48,22220.807428
-179.0,180,22221.622347
-62.0,63,22223.564396
-55.0,56,22227.168144
-72.0,73,22228.499089
-125.0,126,22230.858109
-127.0,128,22231.452558
-119.0,120,22235.593497
-66.0,67,22236.328998
-91.0,92,22237.946084
-147.0,148,22238.082005
-90.0,91,22242.062745
-51.0,52,22242.420519
-50.0,51,22244.013307
-175.0,176,22244.129669
-90.0,91,22246.231319
-221.0,222,22246.231376
-155.0,156,22248.956501
-52.0,53,22250.128746
-108.0,109,22250.57354
-81.0,82,22251.923576
-97.0,98,22257.756315
-120.0,121,22258.365764
-141.0,142,22258.756153
-112.0,113,22259.565267
-95.0,96,22260.33952
-87.0,88,22262.210567
-116.0,117,22264.353021
-67.0,68,22267.415952
-160.0,161,22269.035883
-43.0,44,22269.48608
-101.0,102,22270.532389
-151.0,52,22276.590158
-161.0,162,22277.213049
-101.0,102,22279.330548
-172.0,173,22282.437205
-212.0,213,22282.557845
-191.0,192,22282.699108
-75.0,76,22285.649717
-150.0,151,22286.812473
-168.0,169,22289.458832
-182.0,83,22292.39079
-113.0,114,22292.865799
-126.0,127,22297.761605
-80.0,81,22298.900551
-112.0,113,22298.900621
-202.0,103,22298.900641
-141.0,142,22299.384982
-195.0,196,22300.29466
-102.0,103,22304.352001
-95.0,96,22308.977435
-140.0,141,22309.31902
-90.0,91,22309.538138
-44.0,45,22309.65226
-91.0,92,22310.180484
-34.0,35,22313.861083
-119.0,120,22314.480991
-147.0,148,22316.382629
-173.0,74,22317.789527
-202.0,203,22322.846689
-82.0,83,22326.040035
-111.0,112,22326.950355
-56.0,57,22329.460355
-173.0,174,22329.807318
-133.0,134,22330.174475
-181.0,182,22331.014226
-197.0,198,22333.494827
-153.0,154,22335.952871
-95.0,96,22341.244009
-136.0,137,22342.282386
-133.0,134,22346.08065
-156.0,157,22348.10731
-26.0,27,22349.248572
-71.0,72,22350.716479
-90.0,91,22351.832069
-210.0,211,22351.832129
-33.0,34,22351.946508
-200.0,201,22354.569499
-183.0,184,22355.048177
-168.0,169,22355.622549
-151.0,52,22357.876418
-68.0,69,22362.746731
-94.0,95,22362.978801
-146.0,147,22367.754516
-85.0,86,22367.897921
-163.0,164,22368.235191
-164.0,165,22371.127428
-76.0,77,22371.837612
-79.0,80,22371.95874
-142.0,143,22372.318506
-174.0,175,22375.413633
-29.0,30,22436.143363
-77.0,78,22437.381247
-86.0,87,22438.994111
-97.0,98,22440.276631
-143.0,144,22441.535017
-147.0,148,22442.368425
-167.0,168,22444.126926
-162.0,163,22448.023335
-66.0,67,22449.110929
-130.0,131,22452.022599
-156.0,157,22453.738451
-53.0,54,22455.270352
-121.0,122,22458.155849
-170.0,171,22458.515754
-39.0,40,22460.041018
-161.0,162,22460.946608
-28.0,29,22461.885337
-205.0,206,22463.886026
-162.0,163,22466.748436
-111.0,112,22470.956403
-180.0,181,22472.842425
-193.0,194,22476.148499
-167.0,168,22479.211269
-162.0,163,22479.597262
-158.0,159,22480.036441
-66.0,67,22480.594617
-110.0,111,22483.833495
-37.0,38,22484.089226
-189.0,190,22485.828042
-25.0,26,22486.884512
-76.0,77,22489.041285
-208.0,209,22490.888216
-71.0,72,22492.497606
-49.0,50,22492.743191
-67.0,68,22493.757156
-119.0,120,22494.767803
-48.0,49,22498.580391
-189.0,190,22501.58144
-94.0,95,22502.196399
-117.0,118,22503.077386
-239.0,240,22504.42925
-100.0,101,22504.5618
-61.0,62,22505.957393
-102.0,103,22507.083202
-114.0,115,22507.551649
-39.0,40,22512.267641
-91.0,92,22515.251087
-92.0,93,22515.528855
-106.0,107,22515.753023
-35.0,36,22519.931611
-122.0,123,22520.380262
-155.0,156,22520.607348
-120.0,21,22522.720514
-64.0,65,22522.940311
-185.0,186,22523.371568
-36.0,37,22524.723457
-175.0,176,22527.298906
-138.0,139,22528.110116
-24.0,25,22530.184314
-70.0,71,22531.001776
-126.0,127,22537.289744
-123.0,124,22537.655729
-173.0,174,22539.832324
-155.0,156,22542.644158
-133.0,134,22543.607624
-115.0,116,22544.353544
-84.0,85,22547.27085
-182.0,183,22551.252479
-75.0,76,22551.367918
-136.0,137,22555.631507
-161.0,162,22556.005764
-125.0,126,22559.001688
-36.0,37,22559.885949
-158.0,159,22561.985665
-127.0,128,22562.208037
-105.0,106,22563.692782
-98.0,99,22567.317245
-83.0,84,22569.530097
-83.0,84,22571.597956
-112.0,113,22571.971457
-621.0,522,22575.292192
-58.0,59,22576.337453
-31.0,32,22580.218076
-250.0,251,22580.44797
-89.0,90,22582.540742
-139.0,140,22583.65268
-189.0,190,22584.230268
-182.0,183,22584.959959
-95.0,96,22586.595021
-70.0,71,22588.794187
-186.0,187,22593.694949
-107.0,108,22595.251494
-91.0,92,22595.833319
-148.0,149,22597.642714
-142.0,143,22600.383146
-141.0,142,22600.859929
-121.0,122,22607.597882
-182.0,183,22607.847994
-110.0,111,22608.550334
-154.0,155,22613.118636
-216.0,217,22613.95479
-140.0,141,22613.954846
-59.0,60,22614.808782
-134.0,135,22616.02363
-92.0,93,22624.700584
-96.0,97,22626.123304
-114.0,115,22627.261397
-176.0,177,22628.258316
-142.0,143,22629.705392
-45.0,46,22630.042633
-143.0,144,22632.681645
-53.0,54,22633.480925
-35.0,36,22634.189801
-226.0,227,22634.909094
-62.0,63,22641.63584
-80.0,81,22642.281564
-176.0,177,22646.933786
-119.0,120,22647.757519
-176.0,177,22648.96113
-165.0,166,22649.2277
-152.0,153,22653.05444
-75.0,76,22655.792858
-164.0,165,22661.608934
-174.0,175,22662.153408
-131.0,132,22664.53364
-22.0,23,22664.764584
-106.0,107,22665.348276
-60.0,61,22668.583003
-686.0,587,22669.138173
-136.0,137,22671.464754
-198.0,199,22671.920212
-222.0,223,22673.351528
-79.0,80,22673.564757
-96.0,97,22675.802655
-40.0,41,22676.695115
-80.0,81,22683.018208
-140.0,141,22685.474739
-162.0,163,22687.444448
-149.0,150,22688.923455
-226.0,227,22691.594589
-156.0,157,22691.926136
-184.0,85,22692.72343
-56.0,57,22693.953977
-87.0,88,22695.653892
-72.0,73,22697.446369
-179.0,180,22697.695507
-196.0,197,22698.789464
-66.0,67,22701.715029
-38.0,39,22701.835563
-90.0,91,22702.415249
-104.0,105,22703.689049
-192.0,93,22706.530742
-92.0,93,22709.551368
-56.0,57,22710.393063
-113.0,114,22710.880443
-84.0,85,22711.731068
-100.0,101,22713.737181
-109.0,110,22715.384515
-117.0,18,22715.882192
-215.0,216,22717.985375
-66.0,67,22718.339193
-26.0,27,22719.02236
-97.0,98,22721.096836
-100.0,101,22723.57844
-174.0,175,22726.907587
-138.0,139,22727.151716
-58.0,59,22727.993631
-83.0,84,22728.126487
-129.0,130,22730.67219
-114.0,115,22731.580279
-158.0,159,22737.679842
-94.0,95,22739.141847
-105.0,106,22739.611727
-112.0,113,22740.197584
-143.0,144,22740.451721
-112.0,113,22743.798424
-31.0,32,22744.163291
-133.0,134,22747.05725
-161.0,162,22747.057305
-74.0,75,22747.857883
-102.0,103,22749.533819
-50.0,51,22753.79586
-141.0,142,22756.598291
-113.0,114,22756.960468
-122.0,123,22761.290502
-193.0,194,22762.139055
-154.0,155,22762.139112
-164.0,165,22768.741165
-141.0,142,22770.352113
-202.0,203,22770.708542
-138.0,139,22773.244277
-181.0,182,22778.183574
-137.0,138,22778.554972
-95.0,96,22782.290662
-175.0,176,22783.136122
-41.0,42,22783.258289
-84.0,85,22783.618595
-193.0,194,22784.452155
-133.0,134,22786.500505
-164.0,165,22788.682462
-64.0,65,22791.317896
-77.0,78,22791.549889
-84.0,85,22793.366477
-28.0,29,22794.943183
-202.0,103,22795.30068
-55.0,56,22797.787801
-172.0,173,22798.91675
-114.0,115,22799.832751
-133.0,134,22800.061224
-101.0,102,22800.419906
-20.0,21,22801.343884
-79.0,80,22804.096968
-61.0,62,22806.936332
-68.0,69,22808.024687
-129.0,130,22810.239263
-61.0,62,22815.150305
-189.0,190,22815.150368
-46.0,47,22815.631804
-104.0,5,22816.222064
-136.0,137,22819.935382
-172.0,173,22821.304718
-69.0,70,22823.133538
-229.0,230,22824.180956
-153.0,154,22824.674649
-110.0,111,22827.959609
-59.0,60,22830.15173
-54.0,55,22834.194895
-181.0,182,22837.254061
-40.0,41,22838.971766
-166.0,167,22839.111474
-84.0,85,22839.884242
-158.0,159,22842.483047
-40.0,41,22844.594019
-54.0,55,22845.382187
-215.0,216,22846.033979
-97.0,98,22848.34543
-223.0,224,22850.45966
-74.0,75,22851.113359
-113.0,114,22857.617638
-115.0,116,22858.625006
-187.0,188,22860.507998
-642.0,543,22862.835517
-47.0,48,22863.24001
-174.0,175,22866.40993
-163.0,164,22867.409787
-156.0,157,22868.660497
-151.0,152,22868.773323
-124.0,125,22873.386977
-113.0,114,22876.243932
-125.0,126,22877.932158
-154.0,155,22878.635546
-90.0,91,22879.205084
-40.0,41,22880.936661
-107.0,108,22881.280013
-25.0,26,22881.662991
-138.0,139,22882.450303
-62.0,63,22886.542474
-185.0,186,22888.990434
-140.0,141,22889.635128
-119.0,120,22891.959204
-88.0,89,22892.939544
-58.0,59,22893.560141
-65.0,66,22896.810088
-141.0,142,22897.698573
-190.0,191,22903.847037
-126.0,127,22906.955748
-153.0,154,22907.895739
-132.0,133,22908.580002
-130.0,131,22908.969837
-24.0,25,22910.811095
-227.0,128,22912.714334
-63.0,64,22916.503684
-168.0,169,22916.732747
-71.0,72,22920.932778
-91.0,92,22921.373294
-115.0,116,22921.931065
-73.0,74,22924.872587
-181.0,182,22924.872648
-168.0,169,22926.499598
-88.0,89,22926.882863
-59.0,60,22931.746001
-48.0,49,22932.488288
-71.0,72,22934.769352
-138.0,139,22937.053244
-579.0,480,22937.669901
-54.0,55,22938.976655
-123.0,124,22939.326314
-150.0,51,22943.043965
-189.0,190,22944.148767
-59.0,60,22944.750075
-49.0,50,22945.240673
-120.0,121,22946.056432
-190.0,91,22949.736822
-53.0,54,22951.456645
-363.0,264,22952.109161
-154.0,155,22953.029873
-83.0,84,22954.496729
-66.0,67,22959.279052
-148.0,149,22960.479397
-73.0,74,22961.546167
-166.0,167,22963.515711
-165.0,166,22965.249229
-120.0,121,22968.536319
-191.0,192,22971.992838
-180.0,181,22973.3205
-138.0,139,22977.762377
-159.0,160,22977.87777
-157.0,158,22978.855979
-149.0,150,22981.178578
-116.0,117,22982.39459
-96.0,97,22983.461874
-157.0,158,22983.912132
-90.0,91,22988.579179
-48.0,49,22989.180459
-139.0,140,22989.765833
-109.0,110,22996.735748
-70.0,71,22997.44603
-166.0,167,22997.565787
-77.0,78,22997.684032
-130.0,131,22997.684143
-152.0,153,22999.114552
-193.0,194,23001.641916
-139.0,140,23006.066049
-83.0,84,23007.377299
-147.0,148,23014.109432
-241.0,142,23014.362372
-147.0,148,23100.572858
-84.0,85,23103.09495
-172.0,173,23103.682413
-162.0,163,23103.928833
-45.0,46,23105.848465
-165.0,166,23110.92293
-76.0,77,23111.694857
-115.0,116,23112.948193
-119.0,120,23117.270703
-130.0,131,23118.761842
-217.0,118,23119.232025
-167.0,168,23119.232082
-90.0,91,23121.421021
-86.0,87,23121.758775
-403.0,304,23122.44342
-106.0,7,23122.557727
-58.0,59,23124.040163
-57.0,58,23125.817799
-102.0,103,23130.990041
-186.0,187,23134.56408
-128.0,129,23137.55741
-166.0,167,23138.116975
-121.0,122,23138.237706
-169.0,170,23141.139023
-31.0,32,23141.855839
-82.0,83,23147.148229
-138.0,139,23147.256444
-119.0,120,23148.423809
-206.0,207,23149.806442
-28.0,29,23153.229342
-142.0,143,23154.83285
-65.0,66,23154.950578
-121.0,122,23155.296351
-84.0,85,23156.993207
-63.0,64,23160.551037
-174.0,175,23161.893475
-53.0,54,23166.721615
-108.0,109,23167.154054
-115.0,116,23168.565731
-59.0,60,23168.926305
-123.0,124,23169.153886
-171.0,172,23177.064955
-264.0,265,23179.386955
-123.0,124,23183.137686
-161.0,162,23185.831928
-62.0,63,23186.625591
-160.0,161,23187.987777
-164.0,165,23188.246254
-198.0,199,23190.396046
-600.0,600,23191.911799
-118.0,119,23196.781788
-104.0,105,23198.736669
-194.0,195,23199.504167
-120.0,121,23202.159366
-42.0,43,23204.508956
-107.0,108,23204.509012
-146.0,147,23204.985241
-40.0,41,23207.014876
-197.0,198,23208.734039
-33.0,34,23209.011756
-122.0,123,23211.222616
-35.0,36,23211.22267
-178.0,179,23211.369352
-114.0,115,23212.135004
-87.0,88,23218.813286
-132.0,133,23219.85466
-111.0,112,23221.889438
-167.0,168,23224.120913
-64.0,65,23226.566966
-133.0,134,23227.708778
-71.0,72,23230.498031
-181.0,182,23232.409261
-188.0,189,23233.354054
-78.0,79,23239.648458
-244.0,245,23239.763793
-63.0,64,23240.845449
-150.0,151,23241.805337
-79.0,80,23241.805394
-20.0,21,23242.288341
-154.0,155,23244.679389
-62.0,63,23248.187044
-51.0,52,23248.312174
-179.0,180,23248.812115
-63.0,64,23249.259551
-112.0,13,23250.779024
-153.0,54,23251.004541
-113.0,114,23252.990304
-45.0,46,23254.229697
-115.0,116,23255.353956
-40.0,41,23255.617583
-317.0,318,23257.287136
-118.0,119,23262.357166
-98.0,99,23265.754974
-151.0,152,23265.97889
-135.0,136,23266.865328
-82.0,83,23266.865385
-135.0,136,23268.848419
-79.0,80,23271.529472
-136.0,137,23271.529547
-48.0,49,23271.639425
-49.0,50,23272.671411
-87.0,88,23275.843288
-182.0,183,23276.533246
-73.0,74,23277.356961
-210.0,111,23279.799643
-81.0,82,23281.149345
-92.0,93,23282.396217
-93.0,94,23282.639591
-78.0,79,23286.76864
-51.0,52,23287.27432
-228.0,129,23287.884522
-22.0,23,23289.475449
-125.0,126,23290.763148
-152.0,153,23294.728331
-121.0,122,23296.859667
-146.0,147,23297.253527
-75.0,76,23299.744605
-116.0,117,23300.997612
-169.0,170,23302.610188
-130.0,131,23304.703203
-126.0,127,23309.131668
-189.0,190,23309.726259
-115.0,116,23309.954933
-117.0,118,23310.543166
-132.0,33,23313.765719
-45.0,46,23315.038273
-143.0,144,23316.049356
-147.0,148,23319.480687
-52.0,53,23321.256799
-161.0,162,23323.430308
-22.0,23,23324.026412
-127.0,128,23324.167423
-89.0,90,23324.392746
-204.0,205,23324.626791
-154.0,155,23328.728863
-38.0,39,23329.196185
-155.0,56,23330.003053
-93.0,94,23330.627892
-67.0,68,23332.202907
-179.0,180,23337.252591
-149.0,150,23341.552105
-114.0,115,23343.332235
-194.0,195,23346.905511
-167.0,168,23348.57913
-185.0,186,23350.366822
-175.0,176,23351.135051
-122.0,123,23351.585447
-167.0,168,23351.703968
-73.0,74,23355.553545
-143.0,144,23358.035894
-77.0,78,23359.166962
-130.0,131,23363.697813
-108.0,109,23363.917843
-79.0,80,23364.714186
-201.0,202,23366.461422
-79.0,80,23367.122379
-145.0,146,23368.130649
-45.0,46,23368.792399
-161.0,162,23369.352004
-121.0,122,23372.956788
-124.0,125,23378.033619
-81.0,82,23378.707983
-138.0,139,23380.438148
-133.0,134,23381.674366
-116.0,117,23382.144441
-58.0,59,23387.070352
-80.0,81,23387.919875
-182.0,183,23389.007167
-108.0,109,23390.473404
-92.0,93,23392.809995
-173.0,174,23392.926405
-89.0,90,23397.618904
-42.0,43,23397.989334
-163.0,164,23400.649061
-96.0,97,23401.889014
-80.0,81,23402.336916
-48.0,49,23403.312853
-155.0,156,23407.090752
-182.0,183,23409.115008
-61.0,62,23409.333146
-121.0,122,23411.9343
-116.0,117,23414.091294
-63.0,64,23416.564415
-139.0,140,23419.439018
-153.0,154,23419.553923
-97.0,98,23420.756452
-118.0,119,23420.866905
-58.0,59,23423.338291
-42.0,43,23425.660503
-161.0,162,23432.800614
-127.0,128,23434.259985
-25.0,26,23435.868046
-88.0,89,23436.101119
-600.0,600,23436.228895
-168.0,169,23439.183886
-244.0,245,23440.486607
-174.0,175,23441.044457
-53.0,54,23442.24196
-60.0,61,23443.236361
-179.0,180,23444.234465
-30.0,31,23444.594424
-153.0,54,23445.430012
-48.0,49,23446.155085
-54.0,55,23449.595828
-138.0,139,23452.387351
-166.0,167,23453.728855
-95.0,96,23457.27201
-130.0,131,23457.393705
-124.0,125,23458.849697
-130.0,131,23460.750751
-98.0,99,23461.265443
-149.0,150,23462.284654
-56.0,57,23467.432297
-52.0,53,23468.359227
-103.0,104,23470.872844
-163.0,164,23471.448741
-134.0,135,23473.079795
-64.0,65,23475.109788
-170.0,171,23477.638783
-80.0,81,23478.027477
-144.0,145,23478.397668
-72.0,73,23480.395402
-66.0,67,23482.905176
-55.0,56,23484.716939
-70.0,71,23486.163217
-158.0,159,23489.591797
-103.0,104,23492.276847
-165.0,166,23492.489779
-164.0,165,23496.541203
-99.0,100,23497.554881
-134.0,135,23498.398421
-125.0,126,23499.246969
-77.0,78,23501.435887
-95.0,96,23503.327918
-51.0,52,23503.69117
-189.0,190,23511.615947
-115.0,116,23512.859605
-95.0,96,23514.93778
-158.0,159,23515.176198
-134.0,135,23519.102119
-156.0,157,23519.815873
-43.0,44,23520.045862
-191.0,192,23520.86611
-600.0,600,23523.634719
-46.0,47,23525.381348
-41.0,42,23525.893657
-121.0,122,23527.119689
-145.0,146,23528.698421
-153.0,154,23533.113434
-128.0,129,23534.193786
-105.0,106,23539.361356
-171.0,172,23540.055254
-147.0,148,23542.510359
-173.0,174,23544.029138
-232.0,133,23544.282791
-116.0,17,23545.996206
-182.0,183,23547.12479
-135.0,136,23548.966325
-142.0,143,23550.819062
-99.0,100,23551.067177
-58.0,59,23557.687533
-158.0,159,23558.617793
-133.0,134,23562.689167
-104.0,105,23563.244152
-192.0,193,23564.966596
-184.0,185,23565.682822
-145.0,146,23565.925382
-185.0,186,23567.519437
-63.0,64,23570.205179
-70.0,71,23573.374803
-44.0,45,23575.417036
-48.0,49,23579.0993
-121.0,122,23580.201295
-189.0,190,23580.787225
-206.0,207,23581.854974
-185.0,186,23584.918046
-187.0,188,23587.496225
-79.0,80,23589.83461
-144.0,45,23589.953843
-74.0,75,23590.337744
-136.0,137,23591.154262
-102.0,103,23591.966065
-121.0,122,23593.017364
-45.0,46,23595.316223
-242.0,243,23595.659506
-79.0,80,23599.772101
-113.0,114,23600.784464
-103.0,104,23603.249743
-94.0,95,23604.040132
-85.0,86,23609.642755
-313.0,214,23614.668407
-171.0,172,23615.257698
-169.0,170,23615.367231
-159.0,160,23619.249131
-241.0,242,23620.093438
-115.0,16,23621.979311
-62.0,63,23622.794909
-176.0,177,23624.595849
-36.0,37,23626.17896
-208.0,209,23627.551525
-71.0,72,23627.683652
-142.0,143,23631.458566
-57.0,58,23631.458622
-75.0,76,23631.713643
-149.0,150,23632.91804
-198.0,199,23632.918097
-122.0,23,23634.418795
-85.0,86,23641.61582
-94.0,95,23642.704253
-168.0,169,23646.184941
-162.0,163,23646.787185
-185.0,186,23649.578368
-153.0,154,23650.975171
-161.0,162,23653.461882
-132.0,133,23657.233698
-114.0,115,23659.625595
-84.0,85,23660.979933
-74.0,75,23662.231761
-23.0,24,23664.924537
-160.0,161,23665.489699
-200.0,201,23666.093707
-51.0,52,23666.852783
-21.0,22,23667.99412
-22.0,23,23669.578295
-124.0,125,23674.129956
-75.0,76,23677.016266
-173.0,174,23677.502699
-124.0,125,23679.708344
-60.0,61,23743.003733
-88.0,89,23746.536231
-157.0,158,23746.759574
-74.0,75,23751.392036
-168.0,169,23752.445139
-60.0,61,23753.444159
-152.0,153,23755.921374
-575.0,576,23758.775522
-52.0,53,23759.622972
-444.0,445,23759.978855
-146.0,147,23763.512766
-75.0,76,23764.488014
-464.0,365,23766.940598
-136.0,137,23767.059857
-111.0,112,23771.634513
-70.0,71,23772.873124
-20.0,21,23774.072184
-129.0,130,23774.666196
-293.0,194,23774.89481
-133.0,134,23775.536017
-92.0,93,23778.086515
-145.0,146,23780.787668
-127.0,128,23782.147143
-79.0,80,23784.512226
-87.0,88,23788.661952
-145.0,146,23790.326123
-139.0,140,23792.228697
-105.0,106,23794.873017
-174.0,175,23795.589756
-193.0,194,23797.180624
-72.0,73,23797.298999
-170.0,171,23801.076956
-150.0,151,23802.473861
-29.0,30,23804.704148
-22.0,23,23805.182366
-113.0,114,23810.63142
-183.0,184,23811.873611
-129.0,130,23812.330514
-176.0,177,23812.928211
-21.0,22,23813.150477
-170.0,171,23815.405696
-180.0,181,23815.83692
-159.0,60,23819.008708
-86.0,87,23821.604957
-172.0,173,23824.660608
-117.0,118,23826.139057
-93.0,94,23826.413376
-118.0,119,23826.534137
-70.0,71,23829.807215
-233.0,134,23830.600439
-229.0,230,23830.823446
-76.0,77,23835.142393
-152.0,153,23836.448136
-111.0,112,23839.146724
-99.0,100,23842.291374
-51.0,52,23842.747185
-105.0,106,23843.247346
-149.0,150,23844.112422
-175.0,176,23845.261128
-139.0,140,23846.196688
-77.0,78,23848.348368
-167.0,168,23854.907798
-112.0,113,23855.402159
-111.0,112,23855.739752
-154.0,155,23861.244685
-129.0,130,23861.244756
-53.0,54,23862.110607
-163.0,164,23863.122303
-146.0,147,23865.479456
-183.0,184,23866.63516
-61.0,62,23868.582269
-106.0,107,23874.714245
-119.0,120,23875.445071
-95.0,96,23880.02179
-128.0,129,23881.93947
-149.0,150,23883.328034
-66.0,67,23883.447072
-248.0,249,23884.358456
-44.0,45,23885.274069
-201.0,202,23887.026386
-65.0,66,23892.053026
-97.0,98,23894.820796
-440.0,341,23895.509251
-88.0,89,23895.627906
-94.0,95,23897.964361
-142.0,143,23899.907939
-87.0,88,23905.799863
-126.0,127,23906.680663
-233.0,234,23909.206904
-138.0,139,23910.983325
-126.0,127,23912.799777
-31.0,32,23912.910231
-57.0,58,23913.535784
-444.0,345,23915.110343
-27.0,28,23916.263744
-205.0,206,23919.421016
-167.0,168,23919.42107
-168.0,169,23925.650093
-134.0,135,23926.844141
-77.0,78,23928.804928
-143.0,144,23929.830662
-139.0,140,23931.636567
-105.0,106,23932.095713
-59.0,60,23932.817081
-162.0,163,23932.817145
-183.0,184,23937.963001
-87.0,88,23940.19739
-71.0,72,23940.539725
-56.0,57,23944.528107
-168.0,169,23946.582264
-123.0,124,23947.155024
-133.0,134,23947.15508
-163.0,164,23947.807861
-156.0,57,23950.98711
-131.0,132,23955.226069
-195.0,196,23955.346437
-141.0,142,23956.709784
-97.0,98,23957.822305
-105.0,106,23959.334658
-36.0,37,23961.121316
-29.0,30,23961.341
-99.0,100,23966.899652
-200.0,201,23971.016061
-172.0,173,23971.01612
-114.0,115,23972.673734
-93.0,94,23977.827042
-170.0,171,23980.926232
-172.0,173,23981.392274
-47.0,48,23983.326966
-247.0,248,23984.204267
-101.0,102,23984.576641
-163.0,164,23990.262371
-93.0,94,23991.999033
-78.0,79,23992.746526
-492.0,393,23992.875102
-187.0,188,23993.126121
-95.0,96,23995.961437
-151.0,52,23996.454835
-117.0,118,23998.160095
-122.0,23,23999.052197
-57.0,58,23999.610569
-160.0,161,24000.316391
-148.0,49,24001.612774
-98.0,99,24003.579586
-62.0,63,24007.487554
-75.0,76,24007.743275
-134.0,135,24008.302069
-74.0,75,24010.210702
-154.0,155,24011.008532
-110.0,111,24012.392905
-124.0,125,24012.51771
-104.0,105,24015.72995
-86.0,87,24018.458374
-51.0,52,24018.59928
-79.0,80,24020.348487
-116.0,117,24021.508894
-76.0,77,24021.508955
-138.0,139,24023.832681
-46.0,47,24024.194525
-61.0,62,24028.694139
-111.0,112,24028.814015
-70.0,71,24029.702888
-178.0,179,24031.030399
-76.0,77,24032.925516
-147.0,148,24037.448392
-174.0,175,24038.69092
-129.0,130,24038.69098
-85.0,86,24040.75639
-134.0,135,24044.178066
-49.0,50,24046.711745
-152.0,153,24047.31398
-86.0,87,24047.573902
-166.0,167,24047.997723
-45.0,46,24049.774973
-124.0,125,24053.339031
-176.0,177,24053.563106
-54.0,55,24053.787051
-135.0,136,24054.604074
-45.0,46,24058.897914
-118.0,119,24060.6219
-154.0,155,24065.740256
-108.0,109,24066.581131
-116.0,117,24067.091078
-164.0,165,24069.075179
-130.0,131,24070.022784
-22.0,23,24072.841344
-60.0,61,24073.113153
-167.0,68,24074.776287
-135.0,136,24075.157825
-353.0,254,24077.919233
-158.0,159,24079.663797
-104.0,105,24081.68335
-125.0,126,24082.126232
-121.0,122,24087.189645
-129.0,130,24088.345752
-130.0,131,24090.455301
-137.0,138,24090.90508
-114.0,115,24091.372354
-166.0,167,24098.914231
-170.0,171,24101.408534
-176.0,177,24102.619761
-102.0,103,24103.31802
-137.0,138,24104.347923
-151.0,152,24108.469664
-56.0,57,24110.922268
-185.0,186,24112.004969
-115.0,116,24112.458957
-57.0,58,24115.230225
-121.0,122,24115.56176
-27.0,28,24115.673969
-45.0,46,24117.269675
-136.0,137,24119.178448
-96.0,97,24122.114038
-63.0,64,24123.098364
-179.0,180,24123.442704
-54.0,55,24129.762167
-94.0,95,24130.481797
-133.0,134,24131.48609
-152.0,153,24133.325761
-28.0,29,24134.855214
-150.0,151,24135.206993
-88.0,89,24140.878589
-168.0,169,24143.336363
-96.0,97,24144.479258
-98.0,99,24146.573283
-157.0,158,24148.08968
-136.0,137,24150.820334
-272.0,273,24154.313608
-131.0,132,24156.3734
-88.0,89,24157.211037
-600.0,600,24157.335645
-217.0,118,24158.541086
-140.0,141,24160.117294
-136.0,137,24166.860729
-109.0,110,24167.231615
-98.0,99,24167.975168
-177.0,178,24169.201789
-81.0,82,24169.726774
-35.0,36,24171.704849
-124.0,125,24172.158654
-124.0,125,24173.434726
-148.0,149,24175.013521
-154.0,155,24185.632544
-149.0,150,24186.162791
-145.0,146,24186.853961
-152.0,153,24188.136048
-155.0,156,24190.868468
-254.0,155,24191.969997
-171.0,172,24192.300061
-175.0,176,24195.96519
-92.0,93,24196.708455
-100.0,101,24199.919283
-121.0,122,24200.414198
-46.0,47,24202.044309
-91.0,92,24202.910153
-107.0,108,24204.416659
-121.0,122,24204.955276
-70.0,71,24208.021223
-40.0,41,24209.007364
-210.0,211,24211.294059
-86.0,87,24211.991966
-79.0,80,24212.115891
-104.0,105,24217.113572
-203.0,204,24219.470463
-269.0,170,24220.064399
-80.0,81,24226.623254
-159.0,160,24227.719926
-181.0,182,24229.23279
-93.0,94,24230.337476
-164.0,165,24231.230952
-172.0,173,24232.05334
-182.0,183,24232.525393
-120.0,121,24234.215107
-57.0,58,24239.299298
-155.0,156,24244.512559
-124.0,125,24244.749378
-118.0,119,24245.768967
-161.0,162,24247.914383
-95.0,96,24250.34848
-237.0,238,24255.277627
-90.0,91,24255.398898
-97.0,98,24257.350338
-224.0,225,24257.485648
-116.0,117,24261.877033
-146.0,147,24262.014644
-69.0,70,24263.948754
-384.0,285,24267.621324
-154.0,155,24268.97187
-61.0,62,24269.339845
-101.0,102,24269.77611
-133.0,134,24271.409075
-26.0,27,24272.893625
-85.0,86,24274.049563
-56.0,57,24274.274791
-148.0,149,24275.06976
-115.0,116,24275.678355
-71.0,72,24277.680334
-24.0,25,24278.661508
-53.0,54,24281.381546
-70.0,71,24282.567007
-78.0,79,24283.295359
-64.0,65,24286.142862
-166.0,167,24290.801677
-192.0,193,24291.39571
-183.0,84,24292.446442
-131.0,132,24293.129815
-188.0,89,24293.695187
-178.0,179,24293.811407
-111.0,12,24293.811465
-44.0,45,24298.817776
-171.0,172,24301.33299
-96.0,97,24302.030984
-84.0,85,24302.839456
-110.0,11,24303.311552
-42.0,43,24303.766131
-123.0,24,24304.131133
-101.0,102,24305.561431
-167.0,168,24305.688555
-132.0,133,24306.913378
-54.0,55,24310.2036
-58.0,59,24311.065102
-155.0,156,24311.871777
-20.0,21,24314.350263
-98.0,99,24314.467444
-107.0,108,24315.980308
-100.0,101,24317.365108
-76.0,77,24319.197194
-122.0,123,24321.247289
-37.0,38,24321.84586
-101.0,102,24323.10028
-100.0,101,24382.907913
-179.0,180,24383.556104
-105.0,106,24383.669098
-61.0,62,24385.383745
-66.0,67,24387.710572
-127.0,128,24387.827501
-109.0,110,24391.455375
-77.0,78,24394.416353
-127.0,128,24398.495759
-151.0,152,24400.64978
-113.0,114,24400.99157
-169.0,170,24403.40642
-142.0,143,24404.370838
-97.0,98,24405.992903
-53.0,54,24409.776913
-156.0,157,24409.920439
-80.0,81,24410.255424
-162.0,63,24411.805468
-93.0,94,24412.189519
-71.0,72,24414.451425
-45.0,46,24415.308877
-150.0,151,24416.570631
-39.0,40,24417.003115
-84.0,85,24421.699886
-63.0,64,24421.81398
-144.0,145,24427.078343
-104.0,105,24428.992291
-556.0,457,24429.428129
-170.0,171,24429.762807
-255.0,156,24433.290741
-167.0,168,24435.76527
-60.0,61,24436.000951
-55.0,56,24436.25599
-130.0,131,24436.970431
-95.0,96,24438.266031
-167.0,168,24441.134801
-77.0,78,24446.056373
-124.0,125,24447.932444
-268.0,169,24449.210504
-93.0,94,24449.361593
-126.0,127,24451.008911
-83.0,84,24451.118908
-42.0,43,24451.23001
-165.0,166,24455.713798
-57.0,58,24457.962936
-221.0,222,24461.909857
-106.0,107,24463.49715
-138.0,139,24465.461812
-153.0,154,24465.917063
-39.0,40,24466.493187
-23.0,24,24468.269902
-116.0,117,24469.340679
-101.0,102,24469.772345
-165.0,166,24470.413665
-184.0,185,24470.906166
-94.0,95,24477.614726
-85.0,86,24478.332057
-85.0,86,24481.026289
-111.0,112,24483.526719
-127.0,128,24484.317111
-180.0,181,24484.529197
-160.0,161,24484.645451
-151.0,152,24487.622382
-41.0,42,24489.778797
-142.0,143,24494.430267
-85.0,86,24494.756972
-140.0,141,24494.879609
-58.0,59,24496.571117
-25.0,26,24497.724614
-139.0,140,24500.004296
-165.0,166,24500.499213
-142.0,143,24501.217164
-56.0,57,24501.593778
-155.0,156,24506.124876
-55.0,56,24506.722193
-64.0,65,24508.908338
-54.0,55,24512.508236
-225.0,126,24512.627757
-163.0,164,24513.632441
-152.0,153,24514.568703
-173.0,174,24520.932133
-96.0,97,24523.939565
-34.0,35,24524.992578
-126.0,127,24527.41739
-183.0,184,24528.185591
-39.0,40,24528.652922
-236.0,237,24529.379653
-130.0,131,24529.974068
-35.0,36,24534.230735
-179.0,180,24534.807481
-88.0,89,24535.511244
-335.0,236,24536.620286
-88.0,89,24539.155451
-49.0,50,24540.629108
-99.0,100,24541.077012
-118.0,119,24542.133185
-44.0,45,24545.801422
-100.0,101,24545.911888
-164.0,165,24546.605256
-111.0,112,24548.411976
-122.0,123,24550.593593
-148.0,149,24556.254284
-103.0,104,24558.544209
-170.0,171,24561.723737
-146.0,147,24562.688716
-104.0,105,24562.816699
-165.0,166,24564.915869
-156.0,157,24566.46931
-51.0,52,24568.675144
-89.0,90,24568.90528
-30.0,31,24570.078594
-84.0,85,24571.579738
-37.0,38,24573.448877
-95.0,96,24576.34653
-173.0,174,24576.571612
-148.0,149,24580.439681
-42.0,43,24581.523701
-40.0,41,24585.266761
-130.0,131,24585.694761
-158.0,159,24587.598744
-60.0,61,24588.659132
-165.0,166,24591.33793
-142.0,143,24593.305642
-183.0,184,24595.049012
-580.0,481,24596.980344
-108.0,109,24598.153651
-71.0,72,24599.372944
-29.0,30,24601.495698
-73.0,74,24603.400621
-161.0,162,24603.767272
-167.0,168,24606.858428
-194.0,195,24611.064474
-91.0,92,24614.255661
-199.0,200,24616.458173
-172.0,173,24617.065556
-132.0,133,24617.21391
-136.0,137,24619.928225
-38.0,39,24621.726909
-199.0,200,24622.88887
-93.0,94,24625.381608
-172.0,173,24627.229258
-96.0,97,24627.910574
-162.0,163,24630.294213
-93.0,94,24631.004927
-144.0,145,24634.286203
-105.0,106,24635.36616
-54.0,55,24636.78574
-80.0,81,24637.490583
-113.0,114,24640.761406
-177.0,178,24642.794766
-67.0,68,24643.465613
-119.0,120,24645.181941
-212.0,213,24650.35833
-90.0,91,24653.204404
-164.0,165,24653.558881
-125.0,126,24655.291341
-154.0,155,24655.508022
-91.0,92,24655.721015
-168.0,169,24656.430358
-27.0,28,24656.78145
-44.0,45,24658.381651
-151.0,152,24661.037031
-68.0,69,24663.844598
-52.0,53,24667.078194
-161.0,162,24669.020695
-131.0,132,24670.516561
-120.0,121,24672.317514
-154.0,155,24674.278916
-156.0,157,24674.831348
-173.0,174,24675.507093
-106.0,107,24676.020702
-91.0,92,24679.801957
-39.0,40,24680.875564
-130.0,131,24682.381634
-123.0,124,24685.07908
-101.0,102,24687.022346
-124.0,125,24687.142211
-46.0,47,24688.064892
-78.0,79,24689.218624
-21.0,22,24689.802116
-149.0,150,24692.122792
-145.0,146,24692.973879
-45.0,46,24693.480652
-112.0,113,24694.287231
-52.0,53,24695.916914
-117.0,118,24699.079801
-41.0,42,24699.201016
-51.0,52,24699.573659
-116.0,117,24700.866359
-82.0,83,24702.777388
-91.0,92,24703.019166
-65.0,66,24703.852371
-52.0,53,24705.879942
-148.0,149,24706.820164
-41.0,42,24708.882407
-72.0,73,24711.403957
-105.0,106,24711.629257
-124.0,125,24713.979308
-69.0,70,24714.094937
-126.0,27,24714.538304
-143.0,144,24717.77839
-104.0,105,24719.164029
-50.0,51,24720.143962
-53.0,54,24720.413668
-160.0,161,24722.05331
-33.0,34,24724.094811
-53.0,54,24725.52086
-46.0,47,24725.885776
-149.0,150,24729.381182
-50.0,51,24730.222586
-72.0,73,24730.675716
-109.0,110,24730.937664
-60.0,61,24733.132768
-167.0,168,24734.527591
-121.0,122,24739.957071
-50.0,51,24740.461379
-51.0,52,24746.592732
-154.0,155,24747.644718
-246.0,147,24747.99764
-153.0,154,24749.040698
-163.0,164,24752.628899
-109.0,110,24753.101342
-65.0,66,24755.477558
-227.0,228,24757.028947
-121.0,122,24761.108664
-112.0,13,24762.598217
-136.0,137,24765.301878
-147.0,148,24765.532476
-140.0,141,24769.575615
-124.0,125,24770.159706
-62.0,63,24777.748376
-600.0,600,24779.735524
-125.0,126,24780.262414
-91.0,92,24780.648893
-176.0,177,24783.635641
-290.0,191,24788.124843
-74.0,75,24788.580082
-105.0,106,24790.188104
-425.0,326,24790.962278
-98.0,99,24791.7382
-336.0,337,24796.628193
-89.0,90,24798.896385
-175.0,176,24801.079485
-143.0,144,24804.971781
-128.0,129,24805.33234
-62.0,63,24806.483939
-88.0,89,24807.362763
-32.0,33,24809.176869
-160.0,161,24809.91112
-161.0,162,24810.860811
-248.0,249,24812.674701
-32.0,33,24813.693617
-107.0,108,24813.838882
-104.0,105,24817.153518
-95.0,96,24817.62851
-151.0,52,24818.672055
-188.0,189,24829.553679
-138.0,139,24830.329495
-178.0,179,24830.329561
-110.0,111,24830.44621
-155.0,156,24832.26081
-183.0,184,24832.660442
-53.0,54,24836.664218
-76.0,77,24838.698081
-173.0,174,24839.368455
-109.0,110,24845.559698
-157.0,158,24848.980289
-47.0,48,24851.18148
-179.0,180,24851.533592
-138.0,139,24853.047428
-52.0,53,24855.211675
-150.0,151,24856.968041
-176.0,177,24859.309234
-108.0,109,24864.279103
-60.0,61,24866.550038
-131.0,132,24866.550099
-38.0,39,24868.768485
-165.0,166,24872.502657
-175.0,176,24875.87761
-165.0,166,24876.648301
-85.0,86,24876.800774
-61.0,62,24883.544441
-110.0,111,24885.109735
-86.0,87,24885.725592
-171.0,172,24886.424523
-198.0,99,24887.962425
-600.0,600,24887.962486
-56.0,57,24892.307449
-99.0,100,24898.072021
-110.0,11,24899.361531
-600.0,600,24902.291458
-146.0,147,24905.237131
-171.0,172,24905.351213
-67.0,68,24907.527765
-154.0,155,24910.658044
-202.0,203,24911.871711
-277.0,278,24916.198485
-123.0,124,24916.869042
-529.0,430,24918.984838
-67.0,68,24919.84676
-41.0,42,24923.963179
-149.0,150,24925.085609
-179.0,180,24926.440015
-183.0,184,24926.801848
-104.0,105,24928.332085
-57.0,58,24930.460484
-196.0,197,24933.419193
-161.0,162,24935.47676
-138.0,139,24935.72408
-52.0,53,24936.605515
-35.0,36,24940.180591
-155.0,156,24945.118876
-78.0,79,24945.118933
-96.0,97,24945.118944
-163.0,164,24945.74254
-184.0,185,24946.772219
-194.0,195,24951.232424
-130.0,131,24952.227707
-69.0,70,24953.255172
-53.0,54,24958.265849
-135.0,136,24961.25494
-188.0,189,24962.095575
-185.0,186,25021.606633
-186.0,187,25021.729952
-87.0,88,25023.626445
-156.0,157,25024.433713
-140.0,141,25024.542368
-78.0,79,25026.312563
-344.0,245,25029.963117
-142.0,143,25032.801095
-100.0,101,25033.130843
-85.0,86,25034.187152
-139.0,140,25040.593022
-103.0,104,25041.916603
-179.0,180,25042.425837
-188.0,189,25045.29006
-169.0,170,25045.915257
-113.0,114,25046.407651
-130.0,131,25047.909446
-33.0,34,25049.724248
-69.0,70,25049.944993
-139.0,140,25050.26805
-54.0,55,25054.115553
-139.0,140,25056.707978
-130.0,131,25060.445213
-142.0,143,25062.873272
-44.0,45,25068.299997
-185.0,186,25071.771514
-128.0,129,25071.890966
-179.0,180,25075.23623
-222.0,223,25076.264477
-141.0,142,25076.955261
-85.0,86,25081.759245
-105.0,106,25087.640608
-355.0,356,25091.111989
-206.0,207,25092.124692
-120.0,21,25093.42234
-195.0,196,25094.182668
-61.0,62,25094.511941
-180.0,181,25097.044089
-190.0,191,25098.887064
-154.0,155,25099.497945
-55.0,56,25100.987805
-105.0,106,25104.226058
-71.0,72,25107.14742
-75.0,76,25108.235361
-99.0,100,25108.609455
-20.0,21,25110.742825
-83.0,84,25110.742895
-600.0,600,25111.890318
-153.0,154,25112.172986
-172.0,173,25113.64818
-75.0,76,25119.793956
-54.0,55,25120.009911
-73.0,74,25120.855715
-17.0,18,25122.102925
-151.0,152,25122.102988
-116.0,117,25124.637201
-165.0,166,25127.033351
-166.0,167,25128.704682
-60.0,61,25129.613848
-162.0,163,25131.413106
-137.0,138,25137.705849
-118.0,119,25143.088282
-195.0,196,25143.590885
-155.0,156,25143.746615
-138.0,139,25143.997298
-24.0,25,25147.042746
-208.0,209,25147.642797
-150.0,151,25148.029555
-55.0,56,25150.461611
-178.0,179,25152.958611
-160.0,161,25157.037632
-110.0,11,25158.341977
-129.0,130,25158.672558
-152.0,153,25161.701864
-158.0,159,25165.78038
-153.0,154,25166.161013
-121.0,122,25167.433966
-147.0,148,25167.957074
-176.0,177,25168.54847
-63.0,64,25169.367733
-100.0,101,25170.190383
-44.0,45,25171.511117
-49.0,50,25171.777024
-55.0,56,25178.354294
-166.0,167,25178.612799
-115.0,116,25184.381678
-146.0,147,25185.350655
-170.0,171,25188.637325
-85.0,86,25189.009854
-163.0,164,25189.257303
-151.0,152,25190.235543
-227.0,228,25196.143971
-117.0,118,25198.593129
-84.0,85,25199.633703
-89.0,90,25201.218756
-141.0,142,25206.060569
-72.0,73,25208.501693
-199.0,200,25209.564282
-180.0,181,25210.958836
-275.0,276,25211.776629
-154.0,155,25214.781152
-144.0,145,25215.943338
-93.0,94,25220.363451
-168.0,169,25221.043359
-46.0,47,25221.25697
-115.0,16,25222.238779
-69.0,70,25222.879383
-166.0,167,25225.563791
-163.0,164,25227.878656
-135.0,136,25227.878758
-78.0,79,25231.107761
-125.0,26,25234.474302
-111.0,112,25236.257712
-210.0,211,25236.398957
-74.0,75,25237.306756
-150.0,151,25239.866277
-114.0,115,25239.984797
-151.0,152,25241.901867
-132.0,133,25244.600577
-82.0,83,25246.74117
-87.0,88,25248.080657
-166.0,67,25248.243493
-113.0,114,25248.510581
-152.0,153,25255.104064
-82.0,83,25258.450711
-99.0,100,25258.688777
-90.0,91,25259.19135
-143.0,144,25259.32913
-101.0,102,25260.438911
-170.0,171,25260.672072
-163.0,164,25264.40781
-116.0,117,25269.163798
-112.0,113,25272.484144
-111.0,112,25272.973036
-115.0,116,25273.327994
-44.0,45,25274.683375
-125.0,126,25275.703308
-173.0,174,25279.502708
-130.0,131,25280.110879
-180.0,181,25282.382416
-55.0,56,25286.110418
-54.0,55,25288.9798
-165.0,166,25292.353109
-149.0,150,25293.655013
-175.0,176,25295.579064
-201.0,202,25297.357707
-209.0,210,25297.982318
-109.0,110,25299.303471
-161.0,162,25299.416467
-89.0,90,25303.102295
-168.0,169,25309.437809
-134.0,135,25309.924582
-93.0,94,25310.705099
-115.0,116,25313.424189
-150.0,151,25315.425771
-175.0,176,25316.674908
-159.0,160,25317.195675
-38.0,39,25320.159543
-44.0,45,25322.338725
-106.0,107,25323.131238
-91.0,92,25324.114772
-147.0,148,25327.222754
-42.0,43,25329.309731
-339.0,240,25331.541591
-194.0,195,25332.396881
-155.0,156,25335.251039
-154.0,55,25336.014158
-41.0,42,25337.53904
-152.0,153,25340.949102
-52.0,53,25341.779935
-201.0,202,25344.322003
-176.0,177,25344.581627
-142.0,143,25344.581708
-69.0,70,25346.018089
-254.0,155,25350.182508
-132.0,133,25351.86302
-66.0,67,25352.436386
-110.0,111,25357.454119
-167.0,168,25360.82676
-184.0,185,25363.488996
-163.0,164,25365.340772
-191.0,192,25367.283938
-159.0,160,25369.194053
-27.0,28,25370.654453
-164.0,165,25371.528863
-121.0,122,25372.069205
-183.0,184,25374.486027
-124.0,125,25375.81745
-104.0,105,25376.270258
-102.0,103,25377.864662
-60.0,61,25379.467913
-123.0,124,25385.446722
-69.0,70,25386.02574
-108.0,109,25387.284295
-138.0,139,25388.058821
-170.0,171,25389.507946
-36.0,37,25391.551665
-56.0,57,25392.026925
-45.0,46,25393.338582
-172.0,173,25396.235772
-174.0,175,25396.925014
-63.0,64,25401.0998
-242.0,143,25403.040755
-101.0,102,25403.930776
-125.0,126,25404.638717
-114.0,115,25405.917328
-133.0,134,25412.123145
-254.0,155,25415.403247
-191.0,92,25415.523509
-101.0,102,25415.988505
-114.0,115,25416.676796
-131.0,132,25416.805498
-63.0,64,25419.874229
-55.0,56,25422.12813
-68.0,69,25423.74906
-154.0,155,25424.303156
-39.0,40,25424.569232
-71.0,72,25425.37142
-124.0,125,25430.805839
-66.0,67,25432.500966
-154.0,155,25435.133381
-122.0,123,25438.357207
-140.0,141,25441.050222
-141.0,142,25442.273587
-39.0,40,25445.929025
-129.0,130,25446.430089
-119.0,120,25446.926085
-579.0,580,25448.283054
-132.0,133,25451.036468
-82.0,83,25456.211945
-107.0,108,25458.701838
-182.0,183,25460.228282
-100.0,101,25460.346459
-151.0,152,25460.496678
-113.0,114,25460.496739
-77.0,78,25465.719046
-127.0,128,25466.484046
-50.0,51,25466.629199
-484.0,385,25468.100953
-69.0,70,25468.936155
-75.0,76,25469.641721
-40.0,41,25471.435731
-43.0,44,25471.696299
-137.0,138,25475.466556
-122.0,123,25480.51519
-173.0,174,25481.164906
-56.0,57,25482.217402
-106.0,107,25482.449865
-110.0,111,25484.900131
-138.0,139,25484.900213
-165.0,166,25489.011177
-149.0,150,25489.82925
-48.0,49,25490.760815
-48.0,49,25490.760891
-93.0,94,25492.639528
-88.0,89,25493.176429
-112.0,113,25494.192587
-45.0,46,25495.3332
-142.0,143,25499.637208
-55.0,56,25499.637276
-113.0,114,25502.428808
-88.0,89,25504.416624
-41.0,42,25504.416685
-119.0,120,25506.388054
-137.0,138,25506.743739
-52.0,53,25508.411758
-86.0,87,25509.602759
-182.0,183,25512.083384
-162.0,163,25514.241714
-63.0,64,25514.380107
-87.0,88,25516.894256
-40.0,41,25517.032192
-227.0,128,25519.509722
-34.0,35,25521.260245
-175.0,176,25525.383654
-139.0,140,25526.424072
-157.0,158,25527.478041
-126.0,127,25532.348693
-94.0,95,25532.857807
-174.0,175,25535.488301
-101.0,102,25537.701031
-224.0,225,25541.277064
-116.0,117,25541.38471
-192.0,193,25542.599978
-137.0,138,25542.841641
-101.0,102,25544.197394
-92.0,93,25546.326134
-46.0,47,25548.067879
-150.0,151,25550.343666
-105.0,106,25553.643333
-139.0,140,25553.984166
-80.0,81,25557.650006
-141.0,142,25558.001895
-130.0,131,25559.635848
-143.0,144,25559.759464
-65.0,66,25561.429724
-37.0,38,25562.141711
-152.0,153,25564.438449
-87.0,88,25564.438519
-159.0,60,25566.761963
-77.0,78,25567.222031
-71.0,72,25568.25162
-154.0,155,25568.725768
-59.0,60,25571.459503
-65.0,66,25575.168534
-67.0,68,25576.947609
-131.0,132,25578.004269
-80.0,81,25578.121112
-144.0,145,25578.901217
-48.0,49,25581.228097
-142.0,143,25581.689058
-70.0,71,25585.558424
-159.0,160,25586.055655
-68.0,69,25586.312436
-128.0,129,25587.199404
-30.0,31,25589.869035
-39.0,40,25592.103417
-156.0,157,25597.790972
-162.0,163,25597.791058
-145.0,146,25598.71258
-31.0,32,25601.575903
-92.0,93,25603.057123
-116.0,117,25603.794395
-208.0,209,25606.552642
-190.0,191,25609.106639
-45.0,46,25609.256388
-203.0,204,25610.04849
-100.0,101,25610.795592
-133.0,134,25613.633238
-84.0,85,25682.299855
-150.0,151,25682.523388
-97.0,98,25684.597245
-93.0,94,25684.817881
-82.0,83,25686.413439
-152.0,153,25687.583039
-60.0,61,25694.45729
-205.0,206,25696.034626
-119.0,120,25696.034699
-154.0,155,25699.830223
-169.0,170,25703.951761
-168.0,169,25704.073183
-166.0,167,25705.458522
-137.0,38,25709.796061
-126.0,127,25710.848817
-129.0,130,25711.200807
-159.0,160,25713.071059
-49.0,50,25716.682012
-146.0,147,25717.046247
-110.0,111,25717.046312
-126.0,127,25718.841544
-112.0,113,25724.475541
-106.0,107,25725.605304
-134.0,135,25725.719109
-81.0,82,25726.618912
-111.0,112,25729.998733
-214.0,115,25729.998787
-57.0,58,25732.148483
-600.0,600,25735.679962
-160.0,161,25737.300736
-60.0,61,25739.103371
-130.0,131,25740.602913
-141.0,142,25742.959297
-109.0,10,25744.145645
-129.0,130,25745.067617
-66.0,67,25747.063301
-175.0,176,25750.431822
-118.0,119,25751.244011
-256.0,257,25754.124
-159.0,160,25754.384634
-169.0,170,25760.524904
-135.0,136,25760.906011
-124.0,125,25765.725355
-161.0,162,25765.83621
-168.0,169,25770.120656
-91.0,92,25771.34678
-107.0,108,25778.469257
-113.0,114,25779.044225
-185.0,186,25782.682288
-341.0,342,25784.063503
-39.0,40,25787.25423
-294.0,295,25788.786217
-300.0,301,25789.256351
-162.0,163,25790.255625
-181.0,182,25791.350167
-69.0,70,25792.172571
-117.0,118,25792.295592
-48.0,49,25797.251209
-57.0,58,25797.251282
-157.0,158,25797.757063
-90.0,91,25798.114479
-80.0,81,25798.934803
-55.0,56,25805.555959
-143.0,144,25805.898712
-131.0,132,25807.960251
-143.0,144,25809.296137
-142.0,143,25814.703361
-182.0,183,25818.923365
-183.0,184,25819.04731
-178.0,179,25826.950048
-171.0,172,25829.471759
-194.0,195,25830.83352
-108.0,109,25831.562592
-151.0,152,25832.48897
-168.0,169,25838.874256
-62.0,63,25839.896176
-146.0,147,25844.189895
-110.0,111,25844.638246
-144.0,145,25847.854882
-78.0,79,25849.026582
-374.0,375,25849.468921
-189.0,190,25851.704882
-33.0,34,25853.023307
-85.0,86,25854.697748
-159.0,160,25857.527814
-85.0,86,25859.613884
-150.0,151,25861.758377
-123.0,124,25862.371748
-86.0,87,25864.82636
-109.0,110,25865.896883
-600.0,600,25868.442825
-103.0,104,25869.534724
-162.0,163,25870.689718
-111.0,112,25875.227127
-50.0,51,25875.335006
-102.0,103,25876.58709
-135.0,136,25877.386483
-20.0,21,25877.609431
-167.0,168,25878.836804
-121.0,122,25879.718655
-59.0,60,25883.534769
-58.0,59,25884.511067
-163.0,164,25887.341359
-69.0,70,25887.991743
-84.0,85,25888.805493
-175.0,176,25890.965723
-140.0,141,25893.706644
-159.0,160,25893.812487
-53.0,54,25894.932282
-114.0,115,25896.831545
-114.0,115,25901.277984
-162.0,163,25903.439667
-84.0,85,25904.873852
-77.0,78,25905.939688
-114.0,115,25907.206115
-177.0,178,25907.912359
-146.0,147,25908.032887
-145.0,46,25908.79619
-137.0,138,25909.885834
-43.0,44,25911.191397
-57.0,58,25911.802197
-91.0,92,25912.136825
-58.0,59,25914.320044
-97.0,98,25919.681402
-66.0,67,25920.049179
-55.0,56,25920.840052
-155.0,156,25926.281058
-138.0,139,25928.09272
-162.0,163,25929.046656
-78.0,79,25929.319811
-174.0,175,25929.428305
-175.0,176,25931.917134
-41.0,42,25934.240944
-85.0,86,25936.324987
-141.0,142,25937.358933
-153.0,154,25937.592873
-187.0,88,25938.270612
-45.0,46,25943.688198
-113.0,114,25945.135217
-77.0,78,25945.464956
-68.0,69,25945.69875
-153.0,154,25947.254013
-47.0,48,25949.320067
-150.0,151,25955.064338
-99.0,100,25956.779016
-194.0,195,25956.999377
-105.0,106,25957.871414
-115.0,116,25959.37039
-144.0,145,25966.40778
-88.0,89,25967.355527
-88.0,89,25968.436645
-192.0,193,25969.908032
-143.0,144,25972.031548
-369.0,370,25972.402896
-137.0,138,25975.633057
-168.0,169,25977.047809
-107.0,108,25979.12006
-108.0,109,25980.147104
-114.0,115,25983.491201
-114.0,115,25985.624791
-52.0,53,25986.542488
-26.0,27,25988.824055
-161.0,162,25991.54961
-138.0,139,25993.349394
-153.0,154,25993.749626
-220.0,221,25994.4728
-149.0,150,25996.797826
-167.0,168,26003.419076
-144.0,145,26003.673628
-136.0,137,26005.038332
-130.0,131,26007.065745
-103.0,104,26009.224877
-140.0,141,26010.258173
-144.0,145,26011.137923
-156.0,157,26013.279939
-38.0,39,26014.884131
-119.0,120,26017.731216
-195.0,96,26018.595089
-84.0,85,26019.404343
-157.0,158,26022.558065
-54.0,55,26024.27636
-176.0,177,26026.172115
-79.0,80,26027.928493
-143.0,144,26030.17147
-45.0,46,26031.458963
-144.0,145,26031.958488
-39.0,40,26032.687868
-192.0,193,26033.851277
-123.0,24,26034.363509
-150.0,151,26037.208849
-47.0,48,26037.667618
-146.0,147,26039.701984
-147.0,148,26041.608397
-75.0,76,26041.608478
-57.0,58,26043.989009
-23.0,24,26044.463218
-133.0,134,26046.035208
-152.0,53,26050.893272
-64.0,65,26051.818676
-148.0,149,26052.037826
-29.0,30,26054.401661
-103.0,4,26054.846279
-138.0,139,26056.296496
-176.0,177,26058.797426
-225.0,226,26060.819737
-72.0,73,26060.819803
-152.0,53,26061.285909
-182.0,183,26063.460142
-170.0,171,26066.372884
-110.0,111,26069.33027
-152.0,153,26069.763416
-120.0,121,26073.002153
-109.0,110,26073.694049
-105.0,106,26073.694107
-163.0,164,26079.892562
-105.0,106,26081.770263
-150.0,151,26084.009452
-35.0,36,26084.145942
-189.0,190,26085.684338
-136.0,137,26085.932836
-52.0,53,26090.302594
-169.0,170,26093.412482
-178.0,179,26094.519206
-194.0,195,26095.658416
-124.0,125,26098.521116
-131.0,132,26101.121032
-167.0,168,26101.238799
-136.0,137,26101.476723
-67.0,68,26106.390601
-107.0,108,26108.070836
-74.0,75,26109.769011
-149.0,150,26110.642446
-57.0,58,26112.929278
-51.0,52,26113.977988
-217.0,218,26115.32305
-122.0,123,26115.542885
-185.0,186,26115.780118
-145.0,146,26117.917322
-69.0,70,26122.068931
-68.0,69,26123.880618
-105.0,106,26125.272473
-62.0,63,26125.41604
-136.0,137,26125.679867
-132.0,133,26126.128607
-125.0,126,26130.027149
-126.0,127,26130.36626
-72.0,73,26132.371849
-63.0,64,26132.795103
-134.0,135,26137.736748
-54.0,55,26138.707932
-159.0,160,26144.200299
-126.0,127,26144.793655
-165.0,166,26145.351887
-115.0,16,26146.682354
-146.0,147,26149.980897
-168.0,169,26150.122194
-39.0,40,26150.122249
-147.0,148,26155.043553
-107.0,108,26156.743016
-60.0,61,26156.96531
-63.0,64,26157.39718
-171.0,172,26158.657167
-294.0,295,26159.49612
-139.0,140,26163.013661
-31.0,32,26163.345612
-105.0,106,26167.313843
-168.0,169,26169.63095
-114.0,115,26170.102262
-142.0,143,26173.678886
-151.0,52,26176.140966
-68.0,69,26177.618448
-188.0,189,26179.369876
-149.0,150,26180.33191
-152.0,153,26181.000896
-192.0,193,26181.111301
-48.0,49,26181.790288
-54.0,55,26183.93106
-163.0,164,26186.255673
-129.0,130,26188.508481
-68.0,69,26188.94861
-72.0,73,26189.293495
-64.0,65,26191.287217
-123.0,124,26195.860252
-158.0,159,26197.488765
-141.0,142,26202.364104
-125.0,126,26203.692213
-210.0,211,26204.417739
-138.0,139,26204.4178
-114.0,115,26204.551184
-92.0,93,26206.669718
-104.0,105,26209.708832
-67.0,68,26211.612875
-209.0,210,26213.105439
-40.0,41,26216.379686
-103.0,104,26216.504236
-111.0,112,26217.511504
-40.0,41,26217.846363
-149.0,150,26221.558979
-184.0,185,26223.64851
-151.0,152,26223.984022
-60.0,61,26224.326819
-171.0,172,26229.240571
-171.0,172,26235.889455
-173.0,174,26236.234575
-129.0,130,26236.453198
-171.0,172,26237.38851
-47.0,48,26241.850329
-170.0,171,26243.446435
-69.0,70,26243.80528
-27.0,28,26245.129619
-152.0,153,26246.788153
-224.0,225,26249.430452
-79.0,80,26255.815894
-106.0,107,26256.032575
-100.0,101,26256.626638
-191.0,192,26258.075299
-202.0,203,26260.591041
-154.0,155,26261.303844
-334.0,335,26310.154492
-43.0,44,26310.750733
-125.0,126,26311.317607
-37.0,38,26313.087515
-115.0,116,26316.956524
-121.0,122,26318.263777
-137.0,138,26324.048434
-182.0,183,26324.52048
-119.0,120,26325.208534
-133.0,134,26325.670207
-48.0,49,26331.22497
-130.0,131,26332.076357
-173.0,174,26333.247813
-116.0,117,26337.979859
-126.0,127,26339.836561
-137.0,138,26339.954682
-101.0,102,26343.026084
-32.0,33,26343.683115
-221.0,222,26343.803916
-40.0,41,26344.489607
-125.0,26,26347.570078
-134.0,135,26348.828239
-48.0,49,26349.515474
-120.0,121,26351.967215
-176.0,177,26352.572505
-87.0,88,26353.949895
-100.0,101,26354.713975
-59.0,60,26356.429261
-82.0,83,26358.485364
-59.0,60,26360.892379
-75.0,76,26363.535199
-165.0,166,26366.76894
-106.0,107,26368.818898
-69.0,70,26371.575409
-177.0,178,26373.049864
-190.0,191,26373.983762
-59.0,60,26375.808562
-102.0,103,26378.686767
-160.0,161,26379.582885
-600.0,600,26380.170148
-195.0,196,26381.251181
-97.0,98,26383.132715
-83.0,84,26385.814097
-22.0,23,26385.936115
-188.0,89,26391.806495
-215.0,116,26392.500961
-164.0,165,26392.621876
-168.0,169,26393.984846
-80.0,81,26395.381827
-134.0,135,26395.508419
-149.0,50,26401.295922
-182.0,183,26401.684899
-135.0,136,26401.684966
-103.0,104,26404.669087
-146.0,147,26409.456253
-129.0,130,26410.349436
-159.0,160,26412.377425
-99.0,100,26412.709084
-195.0,196,26414.325409
-212.0,113,26414.573835
-39.0,40,26414.946522
-135.0,136,26420.211866
-100.0,101,26420.963008
-76.0,77,26423.104724
-72.0,73,26423.215445
-144.0,145,26429.24525
-164.0,165,26431.102224
-160.0,161,26432.845948
-118.0,119,26434.446013
-288.0,289,26434.581647
-33.0,34,26435.04818
-111.0,112,26435.878838
-162.0,163,26438.833393
-63.0,64,26441.932147
-64.0,65,26443.222137
-123.0,124,26443.342371
-81.0,82,26443.809511
-198.0,199,26445.844032
-130.0,131,26447.780328
-24.0,25,26448.646712
-121.0,122,26448.871714
-117.0,118,26452.161119
-95.0,96,26452.88159
-106.0,107,26455.538047
-114.0,115,26456.568143
-116.0,117,26457.275366
-118.0,119,26461.629887
-151.0,152,26466.472896
-178.0,179,26470.022269
-148.0,149,26470.503496
-126.0,127,26470.636541
-126.0,127,26471.721943
-134.0,135,26473.417165
-195.0,196,26475.519931
-123.0,124,26476.549687
-122.0,123,26484.39415
-91.0,92,26486.073593
-123.0,124,26486.183483
-135.0,136,26486.409033
-131.0,132,26488.801511
-51.0,52,26490.507071
-207.0,208,26490.985937
-187.0,188,26492.67392
-70.0,71,26494.554325
-175.0,176,26497.04271
-98.0,99,26497.710084
-119.0,120,26502.939472
-170.0,171,26506.461119
-130.0,131,26510.065963
-167.0,168,26510.45487
-100.0,101,26514.865442
-156.0,157,26515.563324
-162.0,163,26516.964671
-210.0,211,26517.614966
-225.0,226,26517.729143
-187.0,188,26528.51003
-115.0,116,26529.017815
-164.0,165,26529.247932
-163.0,164,26529.509412
-20.0,21,26531.768378
-224.0,125,26532.261514
-173.0,174,26537.765394
-198.0,199,26537.999231
-188.0,189,26538.920907
-106.0,107,26540.926769
-82.0,83,26541.260916
-122.0,123,26543.23437
-100.0,101,26543.82462
-124.0,125,26543.936887
-66.0,67,26548.678599
-91.0,92,26549.482328
-84.0,85,26553.703072
-137.0,138,26553.822452
-87.0,88,26553.968783
-173.0,174,26557.953398
-36.0,37,26558.305405
-153.0,154,26559.313112
-110.0,111,26561.725382
-178.0,179,26564.064144
-144.0,145,26566.331525
-86.0,87,26567.88053
-131.0,132,26569.066097
-71.0,72,26569.873318
-92.0,93,26569.873378
-67.0,68,26571.841807
-139.0,140,26574.311481
-179.0,180,26574.811792
-101.0,102,26581.065251
-102.0,103,26582.025039
-65.0,66,26582.77484
-141.0,142,26586.626815
-162.0,163,26587.05518
-186.0,187,26588.261395
-64.0,65,26589.762823
-78.0,79,26592.06192
-176.0,177,26592.808972
-156.0,157,26593.043648
-92.0,93,26597.673727
-48.0,49,26597.903717
-112.0,113,26601.61599
-127.0,128,26602.245697
-107.0,108,26602.483331
-290.0,191,26603.755453
-54.0,55,26604.244951
-97.0,98,26604.677419
-127.0,128,26607.962021
-81.0,82,26613.386597
-123.0,124,26617.242396
-166.0,167,26617.708993
-139.0,140,26618.288409
-155.0,156,26620.819273
-152.0,153,26622.703675
-166.0,167,26623.832076
-42.0,43,26628.811698
-79.0,80,26630.098282
-145.0,146,26634.244095
-186.0,187,26635.245679
-149.0,150,26635.69666
-156.0,157,26635.954751
-113.0,114,26635.954805
-127.0,128,26644.894851
-87.0,88,26645.950313
-162.0,163,26647.745333
-108.0,109,26648.515717
-151.0,152,26652.758096
-166.0,167,26655.142841
-59.0,60,26655.359295
-186.0,187,26655.698502
-73.0,74,26656.153307
-65.0,66,26660.267261
-135.0,136,26661.374724
-149.0,150,26661.919955
-78.0,79,26665.302478
-85.0,86,26671.543818
-150.0,151,26673.197807
-158.0,159,26673.804917
-106.0,107,26674.512897
-137.0,138,26676.354659
-184.0,185,26676.638642
-600.0,600,26677.624685
-122.0,123,26679.675206
-84.0,85,26683.63731
-86.0,87,26686.661443
-122.0,123,26687.534655
-89.0,90,26688.125427
-94.0,95,26690.749044
-38.0,39,26692.21012
-29.0,30,26695.704634
-180.0,181,26695.704707
-207.0,208,26695.823158
-169.0,170,26696.315192
-85.0,86,26696.910333
-75.0,76,26699.811864
-153.0,154,26701.95105
-68.0,69,26704.040189
-137.0,138,26704.509504
-122.0,23,26706.692924
-96.0,97,26707.784539
-69.0,70,26708.027517
-54.0,55,26708.411617
-130.0,131,26711.297398
-54.0,55,26714.849351
-107.0,108,26719.45382
-194.0,195,26719.922999
-208.0,209,26720.370503
-122.0,123,26725.69815
-151.0,152,26725.943987
-194.0,195,26727.452169
-167.0,168,26727.587201
-118.0,119,26728.916677
-89.0,90,26735.955626
-156.0,157,26737.556128
-160.0,161,26738.44288
-98.0,99,26738.836157
-159.0,160,26738.836228
-120.0,121,26741.347107
-115.0,116,26742.121114
-160.0,161,26744.445322
-55.0,56,26745.405246
-105.0,106,26751.281588
-88.0,89,26752.609512
-148.0,149,26753.512985
-116.0,117,26755.202986
-100.0,101,26757.456915
-154.0,55,26760.007226
-56.0,57,26763.928943
-171.0,172,26764.630055
-134.0,135,26767.036386
-125.0,126,26767.287351
-46.0,47,26769.333589
-122.0,123,26774.258365
-430.0,331,26776.394353
-184.0,185,26776.7471
-107.0,108,26779.753673
-97.0,98,26780.883885
-120.0,121,26781.487702
-153.0,154,26782.701154
-97.0,98,26791.091982
-125.0,126,26791.360766
-457.0,458,26792.077403
-106.0,107,26793.37231
-163.0,164,26793.372366
-29.0,30,26795.504024
-181.0,182,26797.424179
-23.0,24,26798.240348
-148.0,149,26798.7422
-144.0,145,26799.480714
-107.0,108,26803.64636
-107.0,108,26805.770131
-100.0,101,26811.031234
-178.0,179,26811.927074
-161.0,162,26811.927134
-72.0,73,26811.927145
-178.0,79,26814.868531
-26.0,27,26815.119597
-149.0,150,26815.566564
-149.0,150,26816.004208
-39.0,40,26816.531044
-165.0,166,26816.531098
-88.0,89,26821.253793
-92.0,93,26822.750472
-91.0,92,26827.075195
-62.0,63,26828.477009
-107.0,108,26828.922131
-140.0,141,26831.237583
-150.0,151,26832.171276
-141.0,142,26832.316627
-159.0,160,26833.85272
-66.0,67,26834.77844
-180.0,181,26843.358305
-131.0,132,26844.058265
-100.0,101,26845.462577
-155.0,156,26846.365335
-140.0,141,26847.362453
-132.0,133,26847.501184
-158.0,159,26850.428984
-145.0,146,26851.580353
-77.0,78,26852.391087
-44.0,45,26855.680745
-88.0,89,26855.793987
-94.0,95,26858.699764
-100.0,101,26859.320624
-69.0,70,26860.723299
-133.0,134,26862.115302
-106.0,107,26868.246822
-170.0,171,26871.537403
-92.0,93,26872.803636
-146.0,147,26872.938258
-133.0,134,26874.730246
-158.0,159,26877.259272
-149.0,150,26878.220111
-92.0,93,26879.095543
-72.0,73,26880.143129
-68.0,69,26880.922365
-34.0,35,26883.165191
-46.0,47,26883.621639
-133.0,134,26888.594705
-126.0,127,26889.632606
-106.0,107,26950.604651
-145.0,146,26952.842586
-174.0,175,26955.472027
-145.0,146,26955.582741
-104.0,105,26955.832821
-217.0,218,26957.511103
-51.0,52,26958.81436
-54.0,55,26961.811555
-185.0,186,26966.094586
-582.0,583,26966.829397
-89.0,90,26969.210936
-162.0,163,26969.333198
-70.0,71,26970.019639
-129.0,130,26970.363994
-156.0,157,26973.911114
-71.0,72,26977.790431
-66.0,67,26978.30334
-100.0,101,26978.640877
-117.0,118,26983.891343
-226.0,227,26983.891402
-46.0,47,26984.125531
-141.0,142,26985.858015
-41.0,42,26988.757676
-200.0,201,26989.576453
-143.0,144,26990.758539
-57.0,58,26992.627039
-134.0,135,26993.604928
-92.0,93,26994.805577
-68.0,69,26996.814229
-51.0,52,26999.594537
-185.0,186,26999.939261
-155.0,156,27002.331051
-84.0,85,27002.573029
-117.0,118,27003.43294
-48.0,49,27005.509197
-96.0,97,27006.191066
-146.0,147,27008.150603
-96.0,97,27011.476641
-78.0,79,27011.706078
-107.0,108,27015.121774
-82.0,83,27015.697553
-107.0,108,27015.945441
-104.0,105,27017.589971
-68.0,69,27019.530905
-89.0,90,27021.745617
-231.0,232,27023.860511
-80.0,81,27025.081443
-70.0,71,27025.788734
-111.0,112,27028.102117
-209.0,110,27028.764993
-124.0,125,27034.096018
-234.0,235,27035.314476
-100.0,101,27035.672162
-78.0,79,27038.101672
-160.0,161,27040.665139
-135.0,136,27041.90628
-115.0,116,27041.90635
-166.0,67,27043.324684
-155.0,156,27043.55255
-23.0,24,27046.352429
-121.0,122,27052.188062
-109.0,110,27054.491677
-178.0,179,27054.925521
-27.0,28,27055.427915
-118.0,119,27056.939531
-138.0,139,27057.840267
-185.0,186,27062.117993
-249.0,250,27064.68453
-172.0,173,27066.208302
-118.0,119,27068.734231
-139.0,140,27071.652579
-124.0,25,27074.59838
-91.0,92,27075.48409
-160.0,161,27075.700874
-159.0,160,27076.472612
-65.0,66,27076.472672
-189.0,190,27076.587514
-123.0,124,27076.587573
-48.0,49,27081.126008
-139.0,140,27082.534317
-66.0,67,27083.495772
-54.0,55,27087.669637
-120.0,121,27088.898217
-62.0,63,27090.115263
-121.0,122,27091.091766
-35.0,36,27095.22953
-158.0,159,27095.229584
-88.0,89,27098.021029
-186.0,187,27098.346174
-194.0,195,27099.383154
-51.0,52,27101.010853
-151.0,152,27101.150801
-110.0,11,27102.405218
-72.0,73,27103.451241
-144.0,145,27105.591335
-138.0,139,27106.025664
-75.0,76,27107.063998
-68.0,69,27111.423434
-58.0,59,27112.377231
-128.0,129,27112.885803
-123.0,124,27113.712074
-95.0,96,27118.13853
-164.0,165,27120.202974
-121.0,122,27120.203047
-184.0,185,27124.084959
-111.0,112,27126.147089
-65.0,66,27126.147164
-93.0,94,27131.393299
-172.0,173,27131.859633
-59.0,60,27133.074679
-169.0,170,27133.625446
-185.0,186,27134.163095
-95.0,96,27137.050957
-181.0,182,27141.128458
-103.0,104,27143.436627
-169.0,170,27143.436687
-107.0,108,27145.850083
-103.0,4,27146.336366
-151.0,152,27148.608373
-56.0,57,27150.136343
-153.0,154,27150.633724
-23.0,24,27151.471855
-151.0,152,27151.587038
-66.0,67,27154.016308
-160.0,161,27155.543761
-38.0,39,27155.876783
-130.0,131,27156.321966
-57.0,58,27158.122451
-84.0,85,27165.305559
-145.0,146,27166.909357
-119.0,120,27167.79932
-120.0,21,27169.310253
-159.0,160,27174.627982
-169.0,170,27175.326066
-64.0,65,27176.662314
-247.0,248,27178.951273
-185.0,186,27179.400958
-137.0,138,27181.038368
-134.0,135,27183.205147
-99.0,100,27186.164965
-107.0,108,27187.779655
-81.0,82,27190.572716
-126.0,127,27191.361269
-100.0,101,27194.881812
-168.0,169,27198.351203
-93.0,94,27198.458081
-111.0,112,27198.878899
-172.0,173,27199.197782
-51.0,52,27204.918831
-53.0,54,27205.455046
-81.0,82,27207.949531
-183.0,184,27211.805227
-600.0,600,27212.67783
-176.0,177,27215.339988
-103.0,104,27217.627575
-172.0,173,27218.415811
-139.0,140,27221.108081
-139.0,140,27224.010741
-125.0,126,27226.058006
-93.0,94,27228.253724
-149.0,150,27229.632887
-110.0,111,27231.074207
-68.0,69,27231.96906
-29.0,30,27233.128007
-160.0,161,27233.682652
-100.0,101,27237.641437
-144.0,145,27237.641498
-49.0,50,27238.888728
-43.0,44,27244.143724
-152.0,153,27246.063947
-90.0,91,27248.418983
-136.0,137,27249.669625
-192.0,193,27253.529866
-153.0,154,27255.794282
-227.0,228,27258.386743
-130.0,131,27259.217103
-600.0,600,27260.449662
-106.0,107,27261.915675
-143.0,144,27262.575309
-91.0,92,27263.866264
-68.0,69,27268.22928
-175.0,176,27268.482527
-117.0,118,27269.06787
-76.0,77,27272.671727
-111.0,112,27274.672932
-148.0,149,27276.262705
-148.0,149,27279.83596
-43.0,44,27279.964162
-93.0,94,27280.089135
-76.0,77,27285.532225
-147.0,148,27286.006082
-50.0,51,27286.124303
-127.0,128,27287.967623
-174.0,175,27288.862755
-37.0,38,27289.821697
-97.0,98,27291.359233
-106.0,107,27292.683399
-78.0,79,27295.194509
-85.0,86,27296.13367
-57.0,58,27296.729095
-20.0,21,27297.682718
-141.0,142,27304.360342
-110.0,111,27305.458395
-133.0,134,27306.802391
-90.0,91,27307.055884
-88.0,89,27307.707275
-107.0,108,27308.34218
-50.0,51,27313.492408
-75.0,76,27315.712693
-124.0,125,27318.672835
-118.0,119,27320.432516
-48.0,49,27321.341129
-144.0,145,27322.063063
-600.0,600,27327.484119
-185.0,186,27329.58551
-96.0,97,27331.472471
-168.0,169,27332.885636
-81.0,82,27336.863487
-520.0,421,27336.988603
-153.0,154,27338.897411
-182.0,183,27339.520997
-114.0,115,27343.085418
-183.0,184,27343.357456
-104.0,105,27345.144041
-95.0,96,27348.36948
-178.0,179,27352.226228
-139.0,140,27353.309312
-111.0,112,27355.890648
-164.0,165,27358.010005
-160.0,161,27358.140919
-67.0,68,27361.003322
-157.0,158,27361.373521
-142.0,143,27361.483653
-70.0,71,27364.098882
-153.0,154,27366.133945
-101.0,102,27370.148753
-165.0,166,27371.605996
-99.0,100,27373.486499
-92.0,93,27375.275088
-75.0,76,27375.275148
-21.0,22,27377.767376
-57.0,58,27378.41256
-146.0,147,27378.780566
-189.0,190,27380.34874
-66.0,67,27381.138003
-35.0,36,27382.609634
-193.0,194,27383.847423
-140.0,141,27386.762275
-105.0,106,27387.55485
-102.0,103,27390.805729
-140.0,41,27392.316686
-130.0,131,27393.010537
-111.0,112,27393.514244
-93.0,94,27393.638806
-134.0,135,27396.887892
-39.0,40,27397.563413
-147.0,148,27401.074453
-89.0,90,27401.184732
-84.0,85,27403.296073
-57.0,58,27403.626354
-175.0,176,27407.077689
-140.0,141,27408.710553
-101.0,102,27409.639752
-171.0,172,27413.731535
-120.0,121,27415.44672
-53.0,54,27415.897172
-130.0,131,27416.463372
-123.0,124,27417.906006
-151.0,152,27421.496444
-124.0,125,27421.854527
-55.0,56,27423.030773
-135.0,136,27424.704173
-116.0,117,27429.258571
-98.0,99,27429.646552
-136.0,137,27432.094333
-96.0,97,27433.392419
-173.0,174,27434.240906
-68.0,69,27437.415503
-46.0,47,27437.647331
-134.0,135,27439.083704
-169.0,170,27441.618282
-107.0,108,27442.361199
-81.0,82,27447.364825
-122.0,123,27448.884062
-74.0,75,27450.692699
-71.0,72,27451.031548
-157.0,158,27452.246938
-174.0,175,27458.115022
-193.0,194,27461.916023
-127.0,128,27465.42599
-131.0,132,27467.390245
-188.0,189,27469.445445
-176.0,177,27469.445522
-170.0,171,27470.885697
-111.0,112,27475.065087
-150.0,151,27475.733045
-91.0,92,27476.319608
-57.0,58,27476.319671
-85.0,86,27477.613512
-77.0,78,27485.191259
-91.0,92,27485.58262
-155.0,156,27487.625248
-159.0,160,27489.436212
-146.0,147,27494.496563
-600.0,600,27494.974184
-92.0,93,27496.137197
-171.0,172,27496.250121
-177.0,178,27496.372136
-112.0,113,27498.810823
-44.0,45,27500.248471
-21.0,22,27502.76058
-128.0,129,27504.423364
-78.0,79,27505.474956
-175.0,176,27508.030351
-153.0,154,27513.982879
-138.0,139,27514.780387
-101.0,102,27517.258589
-152.0,153,27520.638062
-225.0,226,27520.897285
-144.0,145,27521.374105
-125.0,126,27522.780169
-51.0,52,27523.472986
-115.0,116,27590.338107
-80.0,81,27592.732635
-141.0,142,27594.143119
-103.0,104,27597.477561
-104.0,105,27598.315615
-125.0,126,27598.641491
-184.0,185,27605.188996
-116.0,117,27612.232529
-195.0,196,27613.387253
-180.0,181,27614.083834
-172.0,173,27614.530699
-139.0,140,27615.230133
-110.0,111,27618.307423
-180.0,181,27618.837368
-19.0,20,27620.576722
-49.0,50,27624.671224
-95.0,96,27625.266325
-128.0,129,27627.313758
-60.0,61,27627.794865
-600.0,600,27629.013105
-131.0,132,27630.006719
-131.0,132,27630.697521
-57.0,58,27632.082466
-169.0,170,27633.273646
-70.0,71,27635.535932
-52.0,53,27636.856189
-134.0,135,27640.549877
-112.0,113,27640.98564
-107.0,108,27642.706315
-32.0,33,27644.864819
-197.0,198,27651.97731
-170.0,171,27653.113857
-90.0,91,27653.113916
-164.0,165,27654.815946
-134.0,135,27656.137299
-168.0,169,27656.497414
-45.0,46,27658.492905
-37.0,38,27659.187143
-141.0,142,27661.297556
-28.0,29,27661.873188
-103.0,104,27664.082686
-100.0,101,27664.846409
-36.0,37,27665.539124
-105.0,106,27673.997265
-156.0,157,27674.25943
-84.0,85,27675.271808
-184.0,185,27677.916662
-63.0,64,27681.800814
-154.0,155,27682.033839
-75.0,76,27682.984574
-44.0,45,27683.265724
-173.0,174,27685.036369
-40.0,41,27688.03088
-133.0,134,27691.131969
-80.0,81,27691.612928
-87.0,88,27693.364467
-110.0,111,27694.896468
-99.0,100,27696.79534
-100.0,101,27699.818349
-76.0,77,27700.039786
-73.0,74,27700.153865
-70.0,71,27701.532689
-600.0,600,27701.907333
-85.0,86,27704.764689
-75.0,76,27705.557753
-65.0,66,27709.185947
-48.0,49,27710.486705
-21.0,22,27713.041152
-227.0,128,27714.731816
-111.0,112,27714.957873
-36.0,37,27717.403095
-161.0,162,27719.062168
-533.0,534,27721.442803
-160.0,61,27722.155454
-193.0,194,27722.755636
-114.0,115,27722.75569
-21.0,22,27725.278216
-172.0,173,27725.82885
-43.0,44,27726.495278
-86.0,87,27727.507728
-51.0,52,27728.753016
-35.0,36,27729.971682
-152.0,153,27732.543407
-95.0,96,27733.262105
-126.0,127,27733.801361
-67.0,68,27734.393584
-49.0,50,27734.527134
-50.0,51,27739.652214
-133.0,134,27740.667171
-88.0,89,27742.74526
-146.0,147,27744.480543
-87.0,88,27744.4806
-119.0,20,27745.084994
-127.0,128,27748.062518
-157.0,158,27748.29819
-93.0,94,27750.629877
-149.0,150,27751.899674
-109.0,110,27753.544654
-65.0,66,27758.130594
-100.0,101,27759.826909
-134.0,135,27760.052633
-63.0,64,27760.773681
-137.0,138,27761.000881
-153.0,154,27762.193803
-141.0,142,27764.209393
-115.0,116,27765.045267
-61.0,62,27767.125822
-64.0,65,27767.237442
-50.0,51,27770.931961
-119.0,120,27774.780377
-153.0,154,27775.928948
-128.0,129,27777.282704
-84.0,85,27777.282767
-115.0,116,27777.915304
-161.0,162,27779.70913
-38.0,39,27782.441053
-134.0,135,27783.035497
-68.0,69,27784.071833
-73.0,74,27785.896025
-101.0,102,27786.853713
-23.0,24,27788.625202
-115.0,116,27790.747448
-174.0,175,27791.396884
-115.0,116,27795.757114
-83.0,84,27796.44309
-127.0,128,27797.718509
-99.0,100,27800.187656
-179.0,180,27800.441698
-67.0,68,27804.414641
-86.0,87,27806.020859
-133.0,134,27806.368562
-130.0,131,27806.741784
-76.0,77,27809.598071
-112.0,113,27811.113431
-145.0,146,27817.492814
-123.0,124,27821.51328
-119.0,120,27823.819973
-148.0,149,27824.042676
-176.0,177,27825.450776
-48.0,49,27831.091443
-187.0,188,27833.244536
-107.0,108,27834.033923
-349.0,250,27835.373703
-168.0,169,27837.266274
-45.0,46,27839.313831
-156.0,157,27842.241027
-158.0,159,27842.241092
-92.0,93,27844.054205
-73.0,74,27844.054275
-119.0,120,27845.158792
-84.0,85,27847.208096
-73.0,74,27852.708155
-600.0,600,27854.234806
-147.0,148,27859.52545
-173.0,174,27859.669761
-114.0,115,27860.609994
-136.0,137,27861.116708
-31.0,32,27863.329542
-176.0,177,27864.748883
-114.0,115,27866.157818
-62.0,63,27867.052375
-237.0,238,27870.158199
-66.0,67,27871.210886
-44.0,45,27871.447675
-59.0,60,27871.779984
-90.0,91,27871.780042
-183.0,184,27875.814156
-81.0,82,27876.716257
-144.0,145,27877.683759
-57.0,58,27878.030411
-61.0,62,27883.953206
-129.0,130,27886.697035
-76.0,77,27887.100763
-135.0,136,27887.791237
-126.0,127,27890.810129
-57.0,58,27890.931409
-162.0,163,27891.04897
-186.0,187,27892.227691
-40.0,41,27895.542789
-44.0,45,27896.119362
-88.0,89,27897.109268
-172.0,173,27897.953245
-121.0,122,27901.235472
-124.0,125,27902.333883
-53.0,54,27904.245579
-81.0,82,27905.609022
-137.0,138,27907.010603
-55.0,56,27910.765129
-118.0,119,27910.987849
-168.0,169,27911.844224
-93.0,94,27912.328285
-148.0,149,27912.935538
-175.0,176,27922.688986
-138.0,139,27923.026735
-107.0,108,27924.175677
-174.0,175,27925.805013
-28.0,29,27929.080749
-158.0,159,27929.195427
-143.0,144,27929.312738
-154.0,155,27930.054991
-180.0,181,27931.634119
-27.0,28,27933.28865
-39.0,40,27933.730285
-195.0,96,27933.730354
-121.0,122,27937.080773
-53.0,54,27940.046356
-102.0,103,27941.357595
-69.0,70,27941.466353
-149.0,150,27941.595938
-131.0,132,27946.712116
-163.0,164,27952.528956
-112.0,113,27952.85376
-206.0,207,27952.96841
-100.0,101,27952.968473
-132.0,133,27956.6358
-60.0,61,27959.865403
-201.0,202,27960.211419
-63.0,64,27960.332254
-172.0,173,27961.003634
-80.0,81,27961.829652
-68.0,69,27964.471144
-106.0,107,27965.254045
-166.0,167,27965.916952
-86.0,87,27970.381701
-122.0,123,27974.418451
-78.0,79,27974.814663
-134.0,135,27976.314811
-23.0,24,27977.233363
-120.0,121,27980.279051
-133.0,134,27980.391293
-158.0,159,27980.617512
-266.0,167,27980.731442
-97.0,98,27986.242639
-141.0,142,27987.165256
-70.0,71,27988.618477
-79.0,80,27990.140082
-117.0,118,27991.073437
-243.0,144,27993.241123
-72.0,73,27994.879986
-86.0,87,27998.794722
-172.0,173,28000.517294
-174.0,175,28000.964835
-123.0,124,28001.537731
-141.0,142,28006.47983
-55.0,56,28006.982747
-224.0,125,28009.087944
-24.0,25,28009.347892
-146.0,147,28009.98666
-125.0,126,28013.04119
-197.0,198,28013.714764
-139.0,140,28017.487962
-86.0,87,28019.235053
-172.0,173,28020.708209
-107.0,108,28021.344929
-32.0,33,28024.357194
-138.0,139,28025.752867
-58.0,59,28028.024333
-131.0,132,28028.806995
-84.0,85,28028.955126
-121.0,122,28031.457573
-163.0,164,28031.81367
-52.0,53,28031.930731
-74.0,75,28033.122705
-51.0,52,28037.904634
-61.0,62,28038.957471
-88.0,89,28039.201375
-295.0,296,28040.755836
-27.0,28,28041.095463
-160.0,161,28047.44523
-58.0,59,28048.073186
-147.0,148,28050.404896
-39.0,40,28052.306369
-194.0,195,28054.253236
-54.0,55,28054.619215
-162.0,163,28059.8924
-80.0,81,28061.619478
-97.0,98,28061.730851
-197.0,198,28062.110241
-140.0,141,28070.607226
-142.0,143,28071.174375
-290.0,291,28073.16103
-95.0,96,28073.296911
-131.0,132,28075.451666
-144.0,145,28078.791909
-162.0,163,28080.993965
-92.0,93,28081.728902
-98.0,99,28085.25075
-54.0,55,28085.391893
-108.0,109,28086.341568
-112.0,113,28088.824257
-641.0,542,28091.689736
-28.0,29,28092.28196
-110.0,111,28094.072623
-198.0,199,28094.764139
-34.0,35,28097.967393
-119.0,120,28099.992421
-186.0,187,28103.229292
-75.0,76,28103.229362
-109.0,110,28104.051634
-182.0,183,28106.402562
-188.0,189,28107.0301
-133.0,134,28107.617091
-63.0,64,28110.961556
-113.0,114,28111.315038
-67.0,68,28112.177844
-119.0,120,28117.270165
-96.0,97,28118.135747
-83.0,84,28120.773003
-115.0,116,28120.88693
-199.0,200,28122.981052
-113.0,114,28123.872612
-86.0,87,28127.126177
-57.0,58,28129.65967
-110.0,111,28130.913532
-213.0,214,28131.057958
-96.0,97,28132.117911
-19.0,20,28133.383064
-146.0,147,28137.892225
-121.0,122,28138.115818
-101.0,102,28144.023447
-125.0,126,28145.610953
-172.0,173,28147.368255
-29.0,30,28149.031181
-428.0,329,28150.124882
-179.0,180,28150.765015
-110.0,111,28150.998089
-31.0,32,28153.981006
-155.0,156,28155.978803
-123.0,124,28158.440676
-83.0,84,28158.861033
-70.0,71,28164.200029
-94.0,95,28164.928435
-180.0,181,28168.256143
-169.0,170,28225.841998
-171.0,172,28226.315922
-46.0,47,28228.963863
-89.0,90,28229.754145
-148.0,149,28230.760878
-157.0,158,28232.269049
-57.0,58,28232.269116
-258.0,159,28238.457573
-54.0,55,28238.712069
-128.0,129,28241.042022
-126.0,127,28245.390149
-54.0,55,28247.262672
-158.0,159,28247.262734
-152.0,153,28249.842625
-28.0,29,28250.52253
-183.0,184,28250.878574
-118.0,119,28252.070665
-138.0,139,28254.591645
-65.0,66,28257.513588
-600.0,600,28257.942892
-182.0,183,28266.528778
-150.0,151,28268.058934
-195.0,196,28269.885857
-50.0,51,28272.464858
-130.0,131,28272.719901
-129.0,130,28273.077211
-259.0,160,28273.190107
-146.0,47,28273.566215
-189.0,190,28274.114401
-218.0,219,28276.352611
-63.0,64,28280.938917
-81.0,82,28282.445247
-91.0,92,28284.664932
-95.0,96,28287.326648
-154.0,155,28287.773219
-160.0,161,28291.012475
-186.0,187,28294.579193
-191.0,192,28294.7256
-219.0,120,28298.373113
-99.0,100,28298.76365
-155.0,156,28298.763711
-65.0,66,28306.234105
-144.0,145,28307.510445
-80.0,81,28307.627951
-176.0,177,28307.964867
-150.0,151,28311.778962
-259.0,260,28312.204401
-49.0,50,28313.789178
-170.0,171,28314.365849
-34.0,35,28316.337571
-158.0,159,28317.072455
-91.0,92,28318.415874
-72.0,73,28320.483494
-82.0,83,28324.189959
-165.0,166,28325.681815
-168.0,169,28327.271354
-108.0,109,28331.044713
-133.0,134,28332.612523
-254.0,155,28334.334845
-179.0,180,28334.684664
-112.0,113,28337.158957
-172.0,173,28340.514928
-170.0,71,28342.926298
-144.0,145,28343.931429
-181.0,182,28346.653932
-158.0,159,28349.405192
-58.0,59,28349.725348
-148.0,149,28351.552025
-164.0,165,28351.684072
-131.0,132,28352.361046
-130.0,131,28355.670705
-126.0,127,28358.776968
-68.0,69,28359.668861
-144.0,145,28363.547033
-120.0,121,28366.426409
-94.0,95,28366.642925
-159.0,160,28368.234611
-43.0,44,28368.467174
-165.0,166,28368.60437
-153.0,154,28369.477906
-123.0,124,28372.947004
-60.0,61,28373.636779
-71.0,72,28377.721593
-108.0,109,28378.887923
-122.0,123,28382.458549
-105.0,106,28385.337328
-152.0,153,28386.246444
-257.0,158,28386.890889
-107.0,8,28387.140261
-81.0,82,28388.61447
-139.0,140,28389.928575
-364.0,265,28390.254389
-29.0,30,28390.366521
-68.0,69,28390.486825
-39.0,40,28393.027275
-162.0,163,28396.635027
-109.0,110,28399.781527
-88.0,89,28400.141193
-120.0,121,28404.281128
-125.0,126,28404.992398
-104.0,105,28405.332931
-177.0,178,28405.863563
-137.0,138,28406.446538
-27.0,28,28408.648082
-80.0,81,28409.356112
-120.0,121,28410.827849
-126.0,27,28412.361684
-107.0,108,28412.724637
-84.0,85,28414.700832
-55.0,56,28417.064649
-106.0,107,28418.087203
-173.0,174,28424.105574
-159.0,160,28424.655396
-85.0,86,28426.884318
-162.0,163,28427.163068
-141.0,142,28430.851909
-139.0,40,28431.419039
-62.0,63,28431.871494
-173.0,174,28432.102005
-41.0,42,28436.843467
-178.0,179,28438.497413
-94.0,95,28441.598889
-117.0,118,28444.750233
-183.0,184,28444.969245
-65.0,66,28445.866801
-175.0,176,28447.021754
-143.0,144,28448.141591
-35.0,36,28448.991417
-139.0,140,28452.606516
-51.0,52,28454.037166
-118.0,119,28460.792863
-129.0,130,28460.90581
-191.0,192,28463.879056
-88.0,89,28464.672871
-180.0,181,28465.877594
-57.0,58,28467.833972
-153.0,154,28470.815842
-53.0,54,28470.927628
-98.0,99,28472.402272
-305.0,206,28473.03252
-69.0,70,28473.858443
-83.0,84,28477.423875
-123.0,124,28478.130337
-600.0,600,28481.478023
-95.0,96,28481.806707
-135.0,136,28486.491816
-72.0,73,28486.491897
-117.0,118,28486.60889
-126.0,127,28487.014023
-100.0,101,28489.079023
-144.0,45,28491.633129
-101.0,102,28493.279432
-173.0,174,28493.961067
-111.0,112,28499.448725
-112.0,113,28502.121971
-178.0,179,28502.47717
-94.0,95,28504.891912
-170.0,171,28506.314801
-151.0,152,28509.172143
-156.0,157,28511.083328
-104.0,105,28511.323599
-103.0,104,28513.788011
-59.0,60,28515.906837
-129.0,130,28517.171626
-55.0,56,28517.516363
-127.0,128,28519.424443
-72.0,73,28519.7843
-139.0,140,28522.571863
-52.0,53,28525.80486
-70.0,71,28526.061343
-58.0,59,28526.850075
-356.0,357,28528.218306
-115.0,116,28529.548495
-42.0,43,28531.714653
-90.0,91,28533.031017
-66.0,67,28533.826793
-172.0,173,28534.15102
-100.0,101,28541.445582
-83.0,84,28541.661192
-211.0,212,28542.11653
-85.0,86,28543.842146
-144.0,145,28545.177358
-207.0,108,28545.765432
-177.0,178,28546.541164
-116.0,17,28547.663858
-86.0,87,28551.515693
-88.0,89,28552.20625
-176.0,177,28554.464504
-103.0,104,28555.560126
-128.0,129,28555.993943
-119.0,120,28558.552015
-120.0,121,28561.08134
-90.0,91,28562.425908
-47.0,48,28564.073207
-93.0,94,28565.146167
-164.0,165,28565.146238
-182.0,183,28572.367439
-111.0,112,28578.043828
-200.0,201,28578.640665
-128.0,129,28579.006361
-58.0,59,28579.259912
-213.0,214,28580.528453
-133.0,134,28580.528509
-36.0,37,28582.805531
-42.0,43,28582.917688
-186.0,187,28583.909491
-80.0,81,28589.828284
-81.0,82,28592.251828
-42.0,43,28594.844641
-141.0,142,28595.366734
-126.0,127,28598.769279
-58.0,59,28599.276749
-173.0,174,28599.42239
-26.0,27,28601.975597
-204.0,205,28604.45381
-190.0,191,28605.244121
-59.0,60,28606.426263
-533.0,434,28611.526057
-110.0,111,28612.169206
-155.0,156,28613.536323
-82.0,83,28614.744872
-172.0,173,28615.009288
-53.0,54,28618.517132
-132.0,133,28619.873336
-73.0,74,28620.118176
-133.0,134,28621.944963
-87.0,88,28625.149767
-64.0,65,28629.6343
-131.0,132,28630.557763
-149.0,150,28631.133778
-66.0,67,28632.991804
-39.0,40,28635.767644
-57.0,58,28636.342993
-52.0,53,28639.000696
-177.0,178,28640.573961
-309.0,210,28642.857006
-82.0,83,28648.532689
-108.0,109,28648.794243
-170.0,171,28650.140966
-130.0,131,28655.541437
-180.0,181,28656.452905
-95.0,96,28659.531286
-158.0,159,28661.111297
-67.0,68,28663.317118
-130.0,131,28663.763276
-136.0,37,28665.181995
-154.0,155,28667.815569
-95.0,96,28670.364216
-600.0,600,28671.129174
-141.0,142,28672.540477
-61.0,62,28677.524935
-131.0,132,28678.766186
-126.0,127,28679.697863
-104.0,105,28683.180312
-91.0,92,28683.180383
-179.0,180,28683.983546
-156.0,157,28685.905242
-72.0,73,28686.019373
-76.0,77,28687.66469
-600.0,600,28689.058306
-80.0,81,28692.375124
-124.0,125,28693.964895
-61.0,62,28694.668136
-111.0,112,28698.588661
-140.0,141,28699.772103
-119.0,120,28702.463923
-76.0,77,28703.221005
-179.0,180,28703.43304
-193.0,194,28707.801116
-53.0,54,28709.659177
-165.0,166,28711.24096
-183.0,184,28714.994858
-112.0,113,28715.627671
-148.0,149,28717.068885
-170.0,171,28718.329072
-114.0,115,28721.126762
-156.0,157,28721.512001
-114.0,115,28723.10194
-52.0,53,28728.9985
-109.0,110,28729.427291
-138.0,139,28730.743756
-176.0,177,28731.407004
-127.0,128,28732.735037
-164.0,165,28734.309765
-50.0,51,28738.636868
-84.0,85,28738.755551
-157.0,158,28739.512743
-122.0,123,28743.611202
-201.0,202,28744.183107
-112.0,113,28747.273536
-159.0,160,28749.162191
-28.0,29,28752.496924
-77.0,78,28753.030684
-189.0,190,28753.246677
-131.0,132,28753.722932
-147.0,148,28755.711921
-52.0,53,28759.23982
-177.0,178,28759.944827
-144.0,145,28764.115541
-108.0,109,28765.844092
-202.0,203,28766.919261
-62.0,63,28767.150963
-143.0,144,28769.130185
-137.0,138,28769.707664
-28.0,29,28770.240649
-152.0,153,28773.277773
-128.0,129,28773.924209
-93.0,94,28774.69294
-77.0,78,28775.916018
-57.0,58,28776.129603
-26.0,27,28777.643916
-97.0,98,28780.080666
-89.0,90,28780.327889
-160.0,161,28784.043032
-69.0,70,28784.043096
-88.0,89,28787.790228
-127.0,128,28790.472812
-152.0,153,28790.59375
-154.0,155,28791.451828
-115.0,116,28793.26693
-41.0,42,28796.184945
-78.0,79,28796.724292
-70.0,71,28854.917991
-162.0,163,28856.100761
-121.0,122,28857.720975
-182.0,183,28858.300257
-80.0,81,28858.883777
-216.0,117,28863.512913
-41.0,42,28863.65288
-263.0,264,28863.797203
-178.0,179,28864.339843
-111.0,112,28868.976949
-94.0,95,28869.296744
-49.0,50,28869.539316
-106.0,107,28870.088893
-155.0,156,28872.706159
-89.0,90,28874.670328
-136.0,137,28879.49587
-97.0,98,28880.029999
-98.0,99,28880.691077
-105.0,106,28881.284092
-102.0,103,28881.723406
-29.0,30,28884.04415
-33.0,34,28885.036169
-94.0,95,28890.119197
-182.0,183,28893.327484
-165.0,166,28893.440802
-115.0,116,28894.905518
-94.0,95,28895.900165
-40.0,41,28898.317121
-61.0,62,28900.596758
-202.0,203,28903.242722
-181.0,182,28904.928294
-40.0,41,28905.294558
-97.0,98,28907.291394
-156.0,157,28908.26813
-67.0,68,28913.129614
-139.0,140,28914.407703
-102.0,103,28915.041603
-92.0,93,28915.628841
-57.0,58,28919.765401
-81.0,82,28923.798312
-55.0,56,28926.21408
-159.0,160,28926.679384
-170.0,171,28926.895098
-118.0,119,28929.250587
-34.0,35,28930.890005
-600.0,600,28932.238957
-154.0,155,28932.841878
-47.0,48,28938.533112
-126.0,127,28938.533175
-99.0,100,28942.729797
-146.0,147,28943.881781
-134.0,35,28946.801418
-198.0,199,28949.481919
-154.0,155,28950.489564
-108.0,109,28951.282768
-41.0,42,28951.662424
-41.0,42,28956.052822
-151.0,152,28956.161067
-231.0,232,28956.27399
-100.0,101,28962.209595
-99.0,100,28963.231462
-167.0,168,28963.370857
-65.0,66,28963.933377
-600.0,600,28964.425514
-108.0,9,28965.474849
-99.0,100,28967.760769
-191.0,192,28971.621526
-72.0,73,28975.983126
-120.0,121,28977.144989
-186.0,187,28977.837764
-108.0,109,28977.837824
-143.0,144,28979.676074
-185.0,186,28983.484555
-174.0,175,28983.918516
-85.0,86,28987.761736
-85.0,86,28993.536107
-141.0,142,28993.651262
-152.0,153,28993.781871
-101.0,102,28995.791559
-219.0,220,28997.008666
-164.0,165,28997.008735
-205.0,206,29003.502872
-162.0,63,29004.235785
-106.0,107,29005.949529
-94.0,95,29007.93918
-198.0,199,29010.853323
-150.0,151,29013.25393
-63.0,64,29013.403231
-186.0,187,29015.025539
-70.0,71,29016.019688
-201.0,202,29016.921265
-76.0,77,29022.057502
-61.0,62,29022.206027
-162.0,163,29023.002953
-193.0,194,29025.706206
-157.0,158,29028.648764
-127.0,128,29031.328312
-97.0,98,29032.859763
-174.0,175,29035.67009
-206.0,207,29036.662436
-235.0,136,29037.369644
-90.0,91,29039.08698
-143.0,144,29039.240254
-39.0,40,29043.697197
-44.0,45,29044.399943
-185.0,186,29046.894517
-142.0,143,29047.759187
-165.0,166,29052.001134
-134.0,135,29052.265308
-79.0,80,29052.842942
-53.0,54,29053.068194
-47.0,48,29057.44224
-190.0,191,29057.676149
-79.0,80,29061.839806
-141.0,142,29063.895215
-262.0,263,29067.249782
-102.0,103,29068.950494
-147.0,148,29069.637573
-167.0,168,29071.178085
-114.0,115,29074.962337
-272.0,273,29075.434844
-157.0,158,29075.65151
-111.0,112,29076.739958
-105.0,106,29079.814934
-41.0,42,29081.776354
-109.0,110,29082.012264
-199.0,100,29087.413316
-110.0,111,29088.928141
-169.0,170,29091.422119
-32.0,33,29092.904032
-200.0,201,29093.553625
-109.0,110,29094.985798
-142.0,143,29096.638258
-33.0,34,29096.753418
-104.0,105,29099.687262
-156.0,157,29100.259654
-59.0,60,29100.489209
-81.0,82,29101.00241
-57.0,58,29107.622405
-91.0,92,29110.217437
-99.0,100,29111.759354
-150.0,151,29112.440523
-138.0,139,29112.812201
-333.0,334,29114.123529
-49.0,50,29117.704544
-191.0,192,29118.973862
-159.0,160,29119.088438
-80.0,81,29119.735008
-112.0,113,29120.779487
-100.0,101,29124.075893
-62.0,63,29126.053502
-89.0,90,29130.9463
-150.0,51,29131.837676
-115.0,116,29132.215157
-170.0,171,29133.725675
-148.0,149,29134.658374
-186.0,187,29141.035478
-172.0,173,29144.035324
-129.0,130,29146.926669
-167.0,168,29150.501962
-87.0,88,29151.447461
-159.0,160,29152.396564
-181.0,182,29153.422446
-161.0,162,29153.561579
-80.0,81,29153.561635
-62.0,63,29160.92294
-167.0,168,29166.577546
-137.0,138,29167.575403
-124.0,125,29168.034807
-179.0,180,29171.645911
-171.0,172,29172.605522
-41.0,42,29172.60559
-99.0,100,29172.749162
-180.0,181,29174.841165
-76.0,77,29181.430029
-79.0,80,29181.912696
-600.0,600,29182.455746
-81.0,82,29184.24444
-140.0,141,29184.485103
-113.0,114,29185.793773
-78.0,79,29190.644505
-195.0,196,29194.450158
-87.0,88,29194.559953
-109.0,110,29195.384848
-133.0,134,29197.55856
-288.0,289,29200.365905
-33.0,34,29201.511436
-88.0,89,29204.921128
-44.0,45,29205.67883
-199.0,200,29207.88104
-119.0,120,29208.570562
-226.0,227,29212.247169
-186.0,187,29212.469666
-67.0,68,29213.499517
-106.0,107,29217.165275
-137.0,138,29217.488339
-80.0,81,29217.827029
-194.0,195,29217.942906
-119.0,120,29221.731993
-112.0,113,29225.426612
-81.0,82,29227.588929
-90.0,91,29227.808519
-140.0,141,29228.852513
-143.0,144,29230.3039
-143.0,144,29234.312994
-143.0,144,29234.648263
-43.0,44,29235.300513
-77.0,78,29236.736307
-111.0,112,29238.321847
-156.0,157,29239.914978
-107.0,108,29240.027725
-144.0,145,29245.565187
-80.0,81,29249.296222
-135.0,136,29250.945714
-170.0,171,29254.377775
-142.0,143,29254.832388
-182.0,183,29255.469763
-143.0,144,29256.598728
-171.0,172,29256.716205
-120.0,121,29259.691273
-89.0,90,29259.923633
-86.0,87,29266.421526
-165.0,66,29267.208106
-117.0,118,29267.751213
-97.0,98,29267.751269
-47.0,48,29273.258429
-52.0,53,29273.866596
-132.0,133,29274.615826
-175.0,176,29275.400629
-82.0,83,29275.840989
-187.0,188,29276.198098
-119.0,120,29281.027944
-87.0,88,29284.866771
-107.0,108,29285.765338
-75.0,76,29289.808787
-132.0,133,29291.360154
-139.0,140,29292.572315
-374.0,375,29294.25813
-136.0,37,29295.882351
-182.0,183,29297.054723
-102.0,103,29297.175897
-109.0,110,29298.95987
-213.0,214,29299.100518
-52.0,53,29300.70954
-90.0,91,29307.64441
-91.0,92,29307.915319
-156.0,157,29308.557659
-91.0,92,29309.721519
-146.0,147,29310.046616
-125.0,126,29310.725049
-142.0,143,29315.545905
-67.0,68,29316.220225
-135.0,136,29316.331562
-88.0,89,29318.108004
-76.0,77,29318.782984
-105.0,6,29318.783047
-82.0,83,29320.134708
-50.0,51,29322.080426
-139.0,140,29323.646325
-128.0,129,29324.315577
-54.0,55,29325.006425
-97.0,98,29327.544126
-114.0,115,29328.712019
-109.0,10,29329.830792
-98.0,99,29331.432735
-104.0,105,29336.289471
-84.0,85,29337.200077
-123.0,124,29337.812464
-154.0,155,29339.690641
-197.0,198,29341.207307
-114.0,115,29342.737441
-29.0,30,29344.478518
-55.0,56,29345.87219
-127.0,128,29350.599525
-234.0,235,29351.498209
-183.0,184,29352.06189
-143.0,144,29353.853877
-36.0,37,29356.182517
-195.0,196,29359.212149
-28.0,29,29359.596305
-159.0,160,29362.678894
-154.0,155,29363.540622
-190.0,191,29364.480106
-93.0,94,29364.697392
-133.0,134,29366.898778
-49.0,50,29368.552351
-80.0,81,29369.033583
-73.0,74,29373.227211
-203.0,204,29373.96472
-82.0,83,29373.964788
-85.0,86,29378.288182
-186.0,187,29380.842257
-123.0,124,29383.273989
-197.0,198,29389.787346
-107.0,108,29390.982093
-169.0,170,29393.74843
-269.0,170,29393.748489
-205.0,206,29396.990796
-129.0,130,29398.286126
-155.0,156,29398.831913
-31.0,32,29400.778303
-34.0,35,29402.456903
-99.0,100,29402.576041
-112.0,113,29402.994069
-159.0,60,29405.990486
-116.0,117,29407.327474
-62.0,63,29408.120258
-36.0,37,29410.286896
-77.0,78,29411.67654
-425.0,426,29412.967706
-203.0,204,29417.235902
-103.0,104,29419.1243
-104.0,105,29419.998142
-168.0,169,29421.700329
-50.0,51,29425.978765
-201.0,202,29426.124546
-118.0,119,29426.457349
-147.0,148,29427.151656
-93.0,94,29428.041693
-166.0,167,29469.139547
-64.0,65,29472.311111
-86.0,87,29475.48797
-29.0,30,29475.699036
-146.0,147,29477.085759
-151.0,152,29481.810687
-157.0,158,29482.365472
-223.0,224,29483.133898
-105.0,6,29483.808041
-156.0,157,29484.267245
-135.0,136,29484.489461
-38.0,39,29486.69932
-55.0,56,29488.068264
-155.0,156,29494.666406
-174.0,175,29495.254475
-174.0,175,29495.471462
-118.0,119,29497.974672
-26.0,27,29498.293621
-32.0,33,29499.198359
-166.0,167,29502.704551
-177.0,178,29504.453293
-61.0,62,29505.038706
-198.0,99,29505.882089
-89.0,90,29508.55482
-205.0,206,29510.185128
-97.0,98,29510.472421
-54.0,55,29512.296624
-221.0,222,29513.419438
-78.0,79,29514.099137
-49.0,50,29519.207374
-143.0,144,29519.357698
-79.0,80,29521.537082
-65.0,66,29521.794028
-122.0,123,29522.847398
-39.0,40,29524.005398
-93.0,94,29530.20711
-172.0,173,29530.333445
-232.0,233,29531.481108
-199.0,200,29533.742026
-102.0,103,29535.996692
-127.0,128,29536.439004
-64.0,65,29537.60724
-155.0,156,29539.850801
-58.0,59,29543.264593
-187.0,188,29544.645385
-150.0,151,29547.749533
-144.0,145,29548.18855
-130.0,131,29548.821491
-123.0,124,29550.252123
-114.0,115,29550.988999
-39.0,40,29552.910533
-93.0,94,29554.218065
-36.0,37,29555.465863
-61.0,62,29557.593604
-160.0,161,29558.582963
-109.0,110,29560.523947
-85.0,86,29562.809592
-184.0,185,29566.055129
-111.0,112,29568.226801
-179.0,180,29569.637751
-95.0,96,29574.044127
-144.0,145,29575.426141
-197.0,198,29577.219381
-174.0,175,29577.895166
-91.0,92,29578.952724
-172.0,173,29580.584411
-105.0,106,29582.023621
-141.0,142,29582.608475
-40.0,41,29583.858243
-125.0,126,29591.679133
-101.0,102,29592.434912
-134.0,135,29593.486731
-173.0,174,29594.176862
-166.0,167,29594.781217
-109.0,110,29595.389786
-41.0,42,29596.672131
-149.0,150,29599.534837
-71.0,72,29600.96291
-82.0,83,29605.126429
-72.0,73,29608.072385
-211.0,212,29608.544404
-111.0,112,29609.76414
-139.0,140,29610.560048
-57.0,58,29611.844946
-32.0,33,29612.356218
-151.0,152,29612.573663
-39.0,40,29612.691011
-122.0,123,29615.271851
-47.0,48,29615.404172
-187.0,188,29615.518848
-62.0,63,29618.067378
-74.0,75,29621.596025
-107.0,108,29625.423946
-122.0,123,29626.975078
-138.0,139,29631.865205
-165.0,166,29635.083775
-182.0,183,29637.117785
-180.0,181,29639.352641
-156.0,157,29640.073266
-128.0,129,29641.952799
-63.0,64,29644.503736
-176.0,177,29646.009568
-73.0,74,29647.814064
-113.0,114,29653.075552
-160.0,161,29653.573917
-100.0,101,29653.573982
-79.0,80,29653.683799
-193.0,194,29654.142829
-414.0,415,29660.590853
-160.0,161,29664.965015
-181.0,182,29669.199042
-133.0,134,29669.41183
-99.0,100,29672.169622
-163.0,164,29672.93832
-174.0,175,29674.585448
-191.0,192,29675.901694
-61.0,62,29676.348238
-26.0,27,29677.718
-223.0,224,29679.242451
-56.0,57,29679.466434
-96.0,97,29680.349435
-151.0,152,29682.410108
-93.0,94,29683.00795
-176.0,77,29685.414484
-70.0,71,29687.474302
-107.0,108,29688.539172
-87.0,88,29690.531146
-38.0,39,29693.129997
-108.0,109,29695.719955
-154.0,155,29695.83254
-23.0,24,29695.967224
-117.0,118,29696.233092
-145.0,146,29696.619087
-113.0,114,29700.794428
-57.0,58,29702.57039
-74.0,75,29704.326332
-163.0,164,29704.442537
-134.0,135,29711.960782
-92.0,93,29713.166242
-160.0,161,29714.215122
-215.0,216,29715.40968
-98.0,99,29715.742534
-102.0,103,29716.063938
-175.0,176,29716.341136
-22.0,23,29718.021874
-97.0,98,29723.161844
-201.0,202,29723.882079
-257.0,158,29731.202481
-145.0,146,29732.944583
-132.0,133,29733.179148
-159.0,160,29733.980998
-175.0,176,29734.302536
-116.0,117,29737.208005
-186.0,187,29737.436624
-52.0,53,29739.075185
-87.0,88,29741.414022
-166.0,167,29742.43153
-110.0,111,29747.203148
-111.0,12,29748.559161
-139.0,140,29750.153583
-98.0,99,29750.509162
-187.0,188,29754.843189
-163.0,164,29756.073367
-146.0,147,29758.20021
-69.0,70,29758.448788
-144.0,145,29758.890356
-105.0,106,29760.625087
-55.0,56,29762.511661
-22.0,23,29763.315235
-49.0,50,29764.050461
-53.0,54,29765.26148
-146.0,147,29767.174581
-43.0,44,29769.255181
-49.0,50,29771.027134
-164.0,165,29773.940588
-233.0,134,29778.108753
-170.0,171,29778.331299
-168.0,169,29783.020239
-153.0,154,29785.03554
-106.0,107,29786.364905
-150.0,151,29786.748402
-28.0,29,29789.831938
-198.0,199,29794.264768
-140.0,141,29794.90746
-88.0,89,29797.162725
-124.0,125,29797.594366
-178.0,179,29799.017652
-49.0,50,29802.972403
-85.0,86,29804.703297
-187.0,188,29806.757062
-600.0,600,29806.928813
-175.0,176,29810.211165
-112.0,113,29810.709381
-64.0,65,29814.513272
-179.0,180,29815.26239
-105.0,106,29817.313016
-158.0,159,29817.70517
-78.0,79,29819.642802
-178.0,179,29823.746812
-89.0,90,29824.942242
-79.0,80,29826.804983
-189.0,190,29829.124714
-42.0,43,29829.894098
-174.0,175,29830.990917
-96.0,97,29834.838545
-84.0,85,29838.730667
-198.0,199,29839.961833
-215.0,216,29839.961891
-79.0,80,29840.097697
-190.0,191,29841.33357
-28.0,29,29842.020152
-71.0,72,29843.114013
-23.0,24,29844.734168
-23.0,24,29845.783469
-68.0,69,29847.869454
-187.0,188,29848.126223
-58.0,59,29851.725153
-101.0,102,29853.131256
-118.0,119,29853.78857
-222.0,223,29855.491342
-83.0,84,29855.619764
-36.0,37,29855.979736
-165.0,166,29859.269259
-54.0,55,29861.974911
-69.0,70,29863.90836
-135.0,136,29864.023147
-159.0,160,29866.925271
-128.0,129,29868.768219
-60.0,61,29869.027626
-131.0,132,29871.363446
-169.0,170,29873.003335
-50.0,51,29874.749078
-128.0,129,29878.802646
-146.0,147,29880.730525
-214.0,215,29884.071013
-88.0,89,29884.851278
-105.0,106,29885.084724
-67.0,68,29886.551361
-141.0,142,29887.551803
-175.0,176,29889.106727
-43.0,44,29889.767647
-52.0,53,29890.019724
-202.0,203,29890.129609
-49.0,50,29895.961618
-140.0,141,29896.895825
-117.0,118,29900.051609
-114.0,115,29903.285837
-61.0,62,29903.960215
-182.0,183,29906.051987
-258.0,159,29907.43382
-175.0,176,29907.753129
-162.0,163,29908.507233
-178.0,179,29916.466048
-122.0,123,29918.00465
-159.0,160,29918.320088
-138.0,139,29923.623549
-180.0,181,29923.992207
-151.0,152,29924.848956
-150.0,151,29925.810868
-174.0,175,29926.021971
-120.0,121,29930.248363
-114.0,115,29931.16275
-116.0,117,29931.767869
-95.0,96,29936.921643
-111.0,112,29936.92173
-137.0,138,29940.877271
-150.0,151,29941.208774
-141.0,142,29942.605793
-69.0,70,29945.066931
-44.0,45,29946.303969
-162.0,163,29949.09635
-175.0,176,29951.556234
-185.0,186,29953.193554
-112.0,113,29953.618987
-50.0,51,29954.846822
-192.0,193,29958.933032
-148.0,149,29959.404832
-86.0,87,29961.354573
-114.0,115,29966.329596
-206.0,207,29968.712168
-304.0,205,29969.744252
-95.0,96,29970.528414
-57.0,58,29973.03782
-174.0,175,29973.743028
-171.0,172,29974.659509
-143.0,144,29975.620044
-58.0,59,29976.583232
-52.0,53,29976.69988
-111.0,12,29978.082781
-183.0,184,29982.673598
-147.0,48,29983.604532
-132.0,133,29984.084849
-82.0,83,29985.23823
-104.0,105,29988.666614
-55.0,56,29989.118075
-166.0,167,29992.268252
-80.0,81,29994.484772
-172.0,173,29994.600589
-183.0,184,29994.977098
-153.0,154,30001.096405
-157.0,158,30002.046785
-114.0,115,30002.158533
-69.0,70,30002.517131
-145.0,146,30005.334395
-32.0,33,30006.076533
-133.0,134,30007.723256
-52.0,53,30012.163624
-162.0,163,30013.147898
-121.0,122,30015.984632
-89.0,90,30017.68349
-125.0,126,30019.523916
-165.0,166,30020.004012
-91.0,92,30023.346055
-189.0,190,30024.038242
-93.0,94,30028.421102
-37.0,38,30028.421163
-86.0,87,30029.883129
-160.0,161,30030.267748
-175.0,176,30035.969422
-143.0,144,30035.969498
-75.0,76,30037.158047
-132.0,133,30043.678366
-186.0,187,30044.772444
-153.0,154,30095.193309
-139.0,140,30099.242828
-217.0,218,30102.110573
-185.0,186,30105.787083
-61.0,62,30106.468943
-203.0,204,30106.685276
-169.0,170,30110.348269
-600.0,600,30110.566887
-74.0,75,30110.685259
-39.0,40,30110.912218
-186.0,187,30113.430892
-162.0,163,30113.739916
-66.0,67,30114.176454
-131.0,32,30117.983197
-90.0,91,30121.358616
-107.0,108,30123.058445
-111.0,112,30123.43592
-58.0,59,30124.786114
-176.0,177,30126.072361
-123.0,124,30127.856148
-129.0,130,30128.911181
-162.0,163,30129.231377
-98.0,99,30134.540453
-57.0,58,30135.73456
-122.0,123,30137.505732
-90.0,91,30139.033251
-122.0,123,30139.918419
-119.0,120,30141.263308
-183.0,184,30142.34571
-150.0,151,30152.952137
-165.0,166,30153.387398
-139.0,140,30155.025877
-131.0,132,30156.361105
-34.0,35,30156.894478
-193.0,194,30159.56748
-187.0,188,30161.342981
-76.0,77,30162.078304
-442.0,343,30163.833957
-189.0,190,30164.05059
-114.0,115,30169.498056
-134.0,135,30170.459606
-95.0,96,30170.568594
-112.0,13,30171.931324
-81.0,82,30173.237792
-93.0,94,30174.80122
-121.0,122,30175.422083
-177.0,178,30177.282431
-162.0,163,30180.799867
-100.0,101,30182.182352
-101.0,102,30184.820808
-147.0,148,30186.342587
-114.0,115,30187.808821
-53.0,54,30188.137558
-147.0,148,30188.742796
-164.0,165,30194.061238
-117.0,118,30194.06131
-163.0,164,30195.79102
-40.0,41,30198.73795
-136.0,137,30201.927486
-165.0,166,30203.616296
-81.0,82,30205.103118
-27.0,28,30205.103174
-69.0,70,30206.713134
-166.0,167,30207.218992
-122.0,123,30208.170171
-190.0,191,30210.551009
-205.0,206,30211.384768
-45.0,46,30212.581558
-53.0,54,30213.047782
-81.0,82,30213.209854
-65.0,66,30215.771018
-106.0,107,30217.404464
-98.0,99,30221.792478
-163.0,164,30223.832535
-26.0,27,30226.845336
-138.0,139,30227.072531
-51.0,52,30227.646417
-93.0,94,30227.981673
-128.0,129,30230.144922
-106.0,7,30230.946139
-293.0,194,30234.51794
-193.0,194,30235.055482
-128.0,129,30242.887557
-79.0,80,30243.789413
-156.0,157,30244.878671
-153.0,154,30245.336366
-163.0,164,30245.923071
-100.0,101,30246.614082
-32.0,33,30249.797112
-65.0,66,30250.566635
-98.0,99,30255.372594
-209.0,210,30255.487557
-59.0,60,30256.871219
-102.0,103,30256.994148
-89.0,90,30257.21666
-121.0,22,30257.915393
-31.0,32,30259.083805
-124.0,125,30259.881564
-94.0,95,30261.456375
-53.0,54,30263.090488
-73.0,74,30265.373565
-91.0,92,30270.691755
-136.0,137,30273.185345
-132.0,133,30273.420297
-87.0,88,30273.528775
-143.0,144,30278.325452
-177.0,178,30279.837964
-57.0,58,30280.165603
-129.0,130,30280.50029
-600.0,600,30282.183278
-49.0,50,30285.92679
-116.0,117,30286.599619
-125.0,126,30287.850477
-150.0,151,30288.065764
-92.0,93,30290.70037
-103.0,104,30292.575979
-55.0,56,30294.480884
-56.0,57,30294.85445
-113.0,114,30295.5135
-158.0,159,30296.727686
-54.0,55,30301.043213
-104.0,105,30302.609017
-88.0,89,30302.727449
-155.0,156,30304.602224
-166.0,167,30305.195379
-42.0,43,30305.962011
-61.0,62,30309.9549
-36.0,37,30310.272109
-54.0,55,30310.979126
-145.0,146,30312.285081
-21.0,22,30312.553065
-151.0,152,30314.14747
-177.0,178,30314.776986
-91.0,92,30320.59548
-72.0,73,30320.595562
-159.0,160,30320.819164
-21.0,22,30323.020446
-168.0,169,30324.32289
-105.0,106,30326.706946
-122.0,123,30327.994599
-145.0,146,30328.691003
-75.0,76,30332.969925
-116.0,117,30333.864079
-211.0,212,30334.871344
-81.0,82,30337.198387
-98.0,99,30337.896783
-54.0,55,30339.091761
-101.0,102,30340.127342
-61.0,62,30340.901132
-182.0,183,30341.614402
-42.0,43,30342.864675
-176.0,177,30343.221817
-83.0,84,30349.004942
-129.0,130,30349.956909
-104.0,105,30352.485055
-103.0,104,30353.754364
-116.0,117,30354.606062
-103.0,104,30355.102021
-50.0,51,30355.979773
-110.0,111,30356.331924
-184.0,185,30358.9396
-92.0,93,30359.981169
-69.0,70,30362.845781
-144.0,45,30364.062499
-139.0,140,30371.164073
-150.0,151,30371.164137
-130.0,131,30371.318469
-162.0,163,30371.318545
-142.0,143,30372.38725
-140.0,141,30376.260277
-140.0,141,30379.075408
-78.0,79,30380.529036
-88.0,89,30381.721213
-162.0,163,30382.932113
-58.0,59,30385.772744
-141.0,142,30387.752316
-146.0,147,30389.381655
-131.0,132,30391.27482
-201.0,202,30394.480825
-84.0,85,30395.37619
-110.0,111,30395.376256
-143.0,144,30397.942031
-91.0,92,30398.218218
-46.0,47,30399.839865
-51.0,52,30401.25394
-196.0,197,30402.748717
-50.0,51,30403.893813
-18.0,19,30406.119955
-159.0,160,30407.465069
-109.0,110,30407.916946
-85.0,86,30409.74882
-162.0,163,30409.881399
-103.0,104,30409.881453
-126.0,127,30416.10849
-93.0,94,30418.520537
-81.0,82,30419.379469
-60.0,61,30422.843508
-170.0,171,30425.914136
-165.0,166,30427.095701
-55.0,56,30429.320262
-178.0,179,30430.352538
-111.0,112,30431.252049
-219.0,220,30434.993174
-152.0,153,30436.722554
-119.0,120,30440.545818
-132.0,133,30440.798108
-102.0,103,30440.923138
-141.0,142,30447.232302
-95.0,96,30447.57013
-73.0,74,30449.329955
-174.0,175,30450.065947
-156.0,157,30452.66421
-141.0,142,30456.810482
-79.0,80,30458.224169
-109.0,110,30459.539664
-172.0,173,30460.067893
-96.0,97,30460.988832
-108.0,109,30464.860083
-109.0,10,30466.053775
-185.0,186,30468.555242
-34.0,35,30470.011327
-600.0,600,30470.966417
-34.0,35,30474.074951
-50.0,51,30474.432684
-124.0,125,30474.432766
-159.0,160,30476.537532
-151.0,152,30476.869618
-155.0,156,30478.779587
-45.0,46,30479.635942
-65.0,66,30481.564632
-91.0,92,30481.564699
-151.0,152,30493.868724
-179.0,180,30494.887363
-146.0,147,30495.553518
-164.0,165,30498.408176
-368.0,369,30498.887444
-110.0,11,30499.71825
-206.0,207,30500.529224
-172.0,173,30501.310521
-187.0,188,30502.877434
-82.0,83,30504.849567
-61.0,62,30506.682612
-112.0,113,30507.766253
-90.0,91,30510.762378
-132.0,133,30514.019195
-104.0,105,30514.951859
-195.0,196,30516.225184
-44.0,45,30520.124008
-189.0,190,30523.087491
-155.0,156,30525.742148
-61.0,62,30527.285143
-195.0,196,30527.507079
-187.0,188,30528.287187
-125.0,126,30528.520837
-252.0,153,30533.923886
-217.0,218,30536.005749
-69.0,70,30536.741885
-128.0,129,30538.031488
-121.0,122,30539.919067
-58.0,59,30540.813191
-115.0,116,30541.895592
-44.0,45,30545.169993
-68.0,69,30546.053891
-167.0,168,30546.858671
-117.0,18,30547.261401
-202.0,203,30551.180486
-145.0,146,30553.69171
-115.0,116,30554.230146
-76.0,77,30555.714725
-193.0,194,30558.360055
-103.0,104,30559.047703
-121.0,122,30559.907623
-174.0,175,30561.877615
-86.0,87,30564.041206
-133.0,134,30566.395162
-86.0,87,30568.338743
-57.0,58,30568.553387
-87.0,88,30569.113064
-121.0,122,30569.548895
-139.0,140,30569.548954
-108.0,109,30572.316694
-41.0,42,30572.991426
-45.0,46,30573.671453
-49.0,50,30575.126135
-113.0,114,30581.826651
-171.0,172,30583.404195
-174.0,175,30585.981791
-99.0,100,30586.333923
-118.0,119,30586.333975
-147.0,148,30590.101084
-261.0,162,30590.321139
-49.0,50,30591.384892
-204.0,205,30592.297028
-70.0,71,30594.143792
-102.0,103,30594.785065
-42.0,43,30597.146805
-159.0,160,30599.572766
-139.0,140,30601.884691
-113.0,114,30607.765453
-155.0,156,30607.76554
-155.0,156,30609.113389
-168.0,169,30609.460256
-136.0,137,30609.693038
-88.0,89,30609.804404
-103.0,104,30613.901744
-39.0,40,30614.1536
-57.0,58,30614.491137
-174.0,175,30617.228065
-106.0,107,30622.36935
-110.0,111,30622.721867
-76.0,77,30623.540556
-82.0,83,30623.88452
-127.0,128,30624.099016
-182.0,183,30629.223549
-134.0,135,30629.78616
-109.0,110,30630.229669
-101.0,102,30636.007616
-118.0,119,30637.679884
-129.0,130,30637.783362
-76.0,77,30638.355875
-83.0,84,30640.22316
-158.0,159,30641.462604
-148.0,149,30641.693627
-133.0,134,30645.424333
-110.0,111,30648.709853
-103.0,104,30650.068507
-96.0,97,30651.030587
-28.0,29,30651.809211
-232.0,133,30652.65092
-135.0,136,30653.138926
-108.0,109,30653.74146
-36.0,37,30657.28525
-135.0,136,30660.795414
-171.0,172,30661.139282
-65.0,66,30661.256277
-45.0,46,30662.579558
-126.0,127,30664.50272
-35.0,36,30708.854333
-33.0,34,30711.701921
-160.0,161,30714.246974
-159.0,60,30715.335988
-104.0,105,30717.531098
-145.0,146,30720.376917
-156.0,157,30722.056259
-42.0,43,30725.387284
-292.0,293,30727.493792
-65.0,66,30729.608842
-150.0,151,30731.286541
-120.0,121,30731.418401
-81.0,82,30734.576057
-188.0,189,30736.604242
-241.0,242,30738.831998
-78.0,79,30740.269603
-127.0,128,30744.17371
-156.0,157,30745.434058
-147.0,148,30748.213899
-114.0,115,30749.987539
-93.0,94,30751.151946
-148.0,149,30751.680663
-115.0,16,30751.680726
-105.0,6,30752.348342
-24.0,25,30755.372394
-70.0,71,30756.433702
-157.0,158,30757.279594
-55.0,56,30758.26831
-147.0,148,30761.420014
-143.0,144,30762.252648
-111.0,12,30762.828205
-42.0,43,30763.396893
-600.0,600,30763.735862
-162.0,163,30770.183194
-130.0,131,30770.651987
-130.0,131,30771.684239
-139.0,140,30773.51271
-110.0,111,30776.615908
-152.0,53,30776.868912
-134.0,135,30778.437461
-66.0,67,30779.396394
-114.0,115,30783.488492
-183.0,184,30783.48855
-81.0,82,30786.407946
-203.0,204,30787.12974
-100.0,101,30788.449396
-83.0,84,30789.334004
-56.0,57,30790.321583
-175.0,176,30794.157808
-70.0,71,30798.548443
-135.0,136,30799.502684
-182.0,183,30799.870032
-224.0,125,30801.083332
-28.0,29,30803.248747
-139.0,140,30803.524247
-129.0,130,30803.630138
-136.0,37,30807.764406
-108.0,109,30811.015862
-88.0,89,30811.126349
-193.0,194,30811.700993
-158.0,159,30812.388319
-54.0,55,30817.478518
-90.0,91,30818.164632
-135.0,136,30818.728081
-145.0,146,30820.012309
-288.0,189,30821.040409
-127.0,128,30826.981658
-69.0,70,30829.213968
-20.0,21,30829.592041
-168.0,169,30830.445343
-167.0,168,30831.041793
-30.0,31,30833.824286
-152.0,153,30835.6493
-56.0,57,30835.649357
-154.0,155,30836.493907
-149.0,150,30837.320723
-188.0,189,30839.182746
-43.0,44,30840.851276
-53.0,54,30842.004752
-133.0,134,30844.906798
-59.0,60,30846.066498
-131.0,132,30846.176171
-80.0,81,30846.616017
-119.0,120,30850.306941
-84.0,85,30850.546223
-67.0,68,30852.836112
-102.0,103,30853.783124
-83.0,84,30855.785671
-161.0,62,30857.828055
-207.0,208,30858.074169
-128.0,129,30861.258561
-97.0,98,30861.861837
-70.0,71,30862.206446
-80.0,81,30862.340501
-149.0,150,30864.104947
-47.0,48,30869.496043
-76.0,77,30869.945569
-83.0,84,30871.407219
-87.0,88,30872.269146
-144.0,145,30872.58682
-261.0,162,30876.694208
-71.0,72,30879.761207
-37.0,38,30881.201695
-179.0,180,30883.040462
-104.0,105,30884.404692
-136.0,37,30885.481335
-112.0,113,30885.71595
-167.0,168,30889.46712
-201.0,202,30893.01379
-99.0,100,30894.564
-97.0,98,30895.708077
-427.0,328,30895.708138
-145.0,146,30896.614884
-135.0,136,30901.160695
-73.0,74,30904.198075
-176.0,177,30906.084757
-150.0,151,30906.850264
-158.0,59,30912.98935
-190.0,191,30914.964485
-162.0,163,30915.45182
-189.0,190,30916.582495
-25.0,26,30918.003783
-164.0,165,30920.131777
-115.0,116,30920.247006
-151.0,152,30921.693238
-69.0,70,30924.446126
-64.0,65,30925.314876
-86.0,87,30925.314933
-125.0,126,30927.293898
-87.0,88,30930.058318
-60.0,61,30932.300039
-132.0,133,30935.339982
-274.0,175,30941.818842
-156.0,157,30942.537755
-65.0,66,30943.104663
-139.0,140,30943.440684
-124.0,125,30944.639917
-118.0,119,30946.197612
-197.0,198,30948.225388
-57.0,58,30948.54481
-53.0,54,30950.813214
-76.0,77,30951.361055
-75.0,76,30954.769438
-103.0,104,30954.984227
-68.0,69,30956.471133
-122.0,123,30957.541214
-86.0,87,30958.120148
-600.0,600,30964.600661
-89.0,90,30965.299137
-88.0,89,30966.482964
-156.0,157,30968.556499
-113.0,114,30970.456686
-139.0,140,30970.681329
-71.0,72,30972.823925
-133.0,134,30973.386057
-61.0,62,30973.669163
-210.0,211,30975.431549
-42.0,43,30975.679002
-26.0,27,30978.771365
-106.0,107,30981.020246
-120.0,121,30984.583819
-94.0,95,30984.72233
-186.0,187,30986.968887
-128.0,129,30988.489141
-98.0,99,30990.481694
-127.0,128,30990.481773
-99.0,100,30992.872304
-176.0,177,30993.547184
-65.0,66,30994.604283
-134.0,135,31000.230652
-115.0,116,31001.726372
-112.0,113,31003.223897
-180.0,181,31005.181281
-105.0,106,31006.415147
-121.0,122,31007.072138
-167.0,168,31009.439663
-45.0,46,31012.33759
-182.0,183,31013.32172
-130.0,131,31017.879898
-165.0,166,31018.834204
-137.0,138,31020.91883
-85.0,86,31022.335637
-189.0,190,31023.347279
-21.0,22,31023.615923
-97.0,98,31024.816697
-184.0,185,31027.840359
-30.0,31,31028.454917
-143.0,44,31028.838808
-180.0,181,31030.489659
-107.0,108,31030.804492
-54.0,55,31036.870552
-133.0,134,31039.064983
-97.0,98,31040.235914
-116.0,117,31041.484491
-193.0,194,31041.738919
-196.0,197,31045.232509
-42.0,43,31046.489608
-146.0,147,31047.8148
-184.0,185,31049.858902
-48.0,49,31052.02276
-153.0,154,31054.531379
-36.0,37,31056.25855
-104.0,105,31057.367381
-164.0,165,31057.997477
-39.0,40,31059.120279
-124.0,125,31061.912694
-180.0,181,31062.23032
-209.0,210,31064.076698
-178.0,179,31070.110952
-57.0,58,31070.712998
-139.0,140,31072.004193
-92.0,93,31072.477215
-123.0,124,31073.065864
-140.0,141,31073.200894
-164.0,165,31076.443054
-142.0,143,31078.316081
-140.0,141,31086.02593
-127.0,128,31086.464266
-123.0,124,31087.078429
-153.0,154,31088.121211
-21.0,22,31088.596392
-119.0,120,31090.140185
-52.0,53,31092.509157
-41.0,42,31092.835575
-177.0,178,31093.264155
-198.0,199,31094.952569
-76.0,77,31095.749032
-174.0,175,31098.18198
-158.0,59,31099.148222
-87.0,88,31102.772966
-184.0,85,31102.879857
-89.0,90,31105.228951
-155.0,156,31106.291512
-141.0,142,31106.291583
-146.0,147,31114.715554
-146.0,147,31115.657009
-196.0,197,31118.023448
-147.0,148,31119.669301
-133.0,134,31120.389311
-50.0,51,31120.759889
-159.0,160,31121.02553
-28.0,29,31124.345819
-58.0,59,31126.831543
-178.0,179,31126.946461
-110.0,111,31128.897355
-203.0,204,31129.835306
-79.0,80,31129.949789
-158.0,159,31136.671273
-188.0,89,31136.996981
-160.0,161,31139.668651
-147.0,148,31141.274812
-105.0,106,31141.987521
-64.0,65,31144.540928
-78.0,79,31145.829073
-43.0,44,31146.547014
-169.0,170,31149.371811
-91.0,92,31150.351415
-206.0,207,31150.681707
-76.0,77,31150.930961
-47.0,48,31151.958388
-72.0,73,31154.245948
-224.0,225,31154.802466
-100.0,101,31156.135831
-51.0,52,31156.394704
-77.0,78,31160.750457
-110.0,111,31161.916506
-112.0,113,31167.868696
-21.0,22,31170.433288
-174.0,175,31171.267613
-179.0,180,31171.640705
-97.0,98,31172.519959
-174.0,175,31174.516343
-38.0,39,31179.015435
-203.0,204,31180.031191
-166.0,167,31181.437235
-86.0,87,31182.306956
-231.0,232,31182.842173
-101.0,102,31183.195989
-19.0,20,31184.637619
-116.0,17,31184.850062
-122.0,123,31185.269324
-55.0,56,31189.378565
-51.0,52,31190.934453
-110.0,111,31191.285519
-136.0,137,31196.917196
-62.0,63,31198.596294
-166.0,167,31198.861296
-262.0,263,31200.403506
-96.0,97,31200.641008
-141.0,142,31200.750018
-141.0,142,31200.991869
-43.0,44,31201.986015
-95.0,96,31202.121346
-47.0,48,31206.218778
-75.0,76,31209.293831
-98.0,99,31210.250393
-91.0,92,31211.541326
-110.0,111,31213.146541
-44.0,45,31215.428008
-94.0,95,31217.113141
-65.0,66,31218.954505
-85.0,86,31219.065099
-182.0,183,31219.535625
-157.0,158,31220.146817
-159.0,160,31220.259794
-69.0,70,31225.102884
-113.0,114,31226.101897
-77.0,78,31227.799424
-120.0,121,31229.028309
-83.0,84,31229.709204
-116.0,117,31232.571729
-140.0,141,31235.883548
-55.0,56,31235.883616
-166.0,167,31237.757251
-144.0,145,31241.139224
-130.0,131,31242.494855
-163.0,164,31244.347922
-141.0,142,31244.889632
-145.0,146,31252.346734
-148.0,149,31252.66727
-178.0,179,31252.803813
-140.0,141,31253.692609
-104.0,105,31254.231719
-134.0,135,31259.465332
-191.0,192,31262.893555
-93.0,94,31263.360173
-169.0,170,31264.128314
-114.0,115,31265.406694
-122.0,123,31266.818686
-33.0,34,31266.81874
-63.0,64,31271.427229
-141.0,42,31271.563723
-151.0,152,31271.563773
-87.0,88,31273.402496
-186.0,187,31275.044309
-104.0,105,31278.764225
-132.0,133,31280.69379
-80.0,81,31280.935502
-69.0,70,31281.509021
-202.0,203,31325.977667
-32.0,33,31329.828328
-115.0,116,31331.511803
-66.0,67,31331.776712
-174.0,175,31334.861342
-62.0,63,31337.15679
-157.0,158,31340.185447
-149.0,150,31341.0534
-152.0,153,31342.172466
-255.0,256,31344.165027
-88.0,89,31345.005762
-138.0,139,31347.584953
-77.0,78,31349.043001
-40.0,41,31349.633086
-143.0,144,31353.4308
-124.0,125,31355.207778
-68.0,69,31357.295214
-37.0,38,31357.633336
-142.0,143,31358.296873
-147.0,148,31360.858814
-114.0,115,31361.927722
-43.0,44,31362.292107
-69.0,70,31366.206808
-153.0,154,31375.036229
-178.0,179,31375.358119
-149.0,150,31378.864683
-178.0,179,31381.051896
-141.0,142,31382.215266
-92.0,93,31385.391387
-219.0,220,31387.016767
-83.0,84,31390.334027
-164.0,165,31393.949856
-156.0,157,31396.627791
-672.0,573,31396.627857
-128.0,129,31396.847157
-449.0,450,31398.218072
-41.0,42,31398.740316
-108.0,109,31399.382435
-147.0,148,31402.21758
-122.0,123,31404.478022
-69.0,70,31404.612404
-78.0,79,31405.837635
-116.0,117,31415.658534
-108.0,109,31416.924756
-157.0,158,31417.389438
-173.0,174,31417.979237
-170.0,171,31418.198992
-194.0,195,31418.78839
-41.0,42,31420.340696
-174.0,175,31424.359268
-57.0,58,31424.840274
-84.0,85,31426.710777
-203.0,204,31429.06918
-124.0,125,31431.811879
-120.0,121,31431.922935
-91.0,92,31435.392198
-152.0,153,31436.32583
-46.0,47,31437.293371
-148.0,149,31441.619391
-195.0,196,31443.004836
-121.0,122,31443.264801
-152.0,153,31444.375989
-58.0,59,31449.857221
-114.0,115,31450.690735
-190.0,91,31452.277693
-183.0,184,31453.208063
-22.0,23,31453.448109
-169.0,170,31455.369085
-175.0,176,31457.003261
-39.0,40,31457.003317
-134.0,135,31459.122572
-19.0,20,31459.34389
-58.0,59,31460.418423
-108.0,109,31462.640097
-161.0,162,31463.335663
-87.0,88,31465.446221
-96.0,97,31467.997936
-47.0,48,31468.688569
-35.0,36,31469.530828
-33.0,34,31471.946653
-106.0,107,31472.532135
-129.0,130,31473.856719
-181.0,182,31474.104288
-166.0,167,31478.310369
-57.0,58,31480.451287
-102.0,103,31481.273042
-78.0,79,31481.505588
-102.0,103,31483.772606
-187.0,188,31484.15323
-50.0,51,31484.267556
-36.0,37,31485.646778
-170.0,171,31488.396269
-80.0,81,31490.944626
-81.0,82,31493.201883
-173.0,174,31494.143162
-119.0,120,31494.382749
-99.0,100,31495.749383
-46.0,47,31496.32687
-135.0,136,31499.779041
-220.0,121,31502.338373
-59.0,60,31502.688024
-60.0,61,31503.376118
-155.0,156,31503.632809
-96.0,97,31505.409349
-100.0,101,31506.096349
-70.0,71,31510.847799
-85.0,86,31513.261523
-177.0,178,31513.712239
-124.0,125,31514.169894
-114.0,115,31516.710988
-101.0,102,31516.926785
-34.0,35,31518.152287
-140.0,141,31518.478081
-62.0,63,31520.722709
-38.0,39,31521.34254
-86.0,87,31523.160515
-73.0,74,31525.14346
-197.0,198,31528.435244
-51.0,52,31528.892601
-103.0,104,31530.141806
-187.0,188,31532.099749
-104.0,105,31533.205986
-86.0,87,31535.107063
-59.0,60,31535.847984
-74.0,75,31537.1188
-178.0,179,31538.442312
-187.0,188,31542.090611
-115.0,116,31543.273095
-51.0,52,31544.134789
-80.0,81,31544.840562
-48.0,49,31549.02389
-34.0,35,31549.023954
-155.0,156,31551.101466
-169.0,170,31551.566165
-133.0,134,31552.421322
-52.0,53,31555.255322
-182.0,183,31556.071155
-122.0,123,31556.422903
-119.0,120,31558.223673
-77.0,78,31560.551203
-106.0,107,31561.332132
-105.0,106,31564.691658
-78.0,79,31565.197623
-115.0,116,31568.798666
-71.0,72,31573.251042
-188.0,189,31573.251108
-233.0,134,31573.979725
-129.0,130,31575.941808
-77.0,78,31577.997313
-41.0,42,31578.220617
-320.0,221,31582.263867
-177.0,178,31582.368976
-160.0,161,31584.046404
-50.0,51,31584.046459
-95.0,96,31584.396827
-111.0,112,31588.864722
-156.0,157,31592.063877
-27.0,28,31595.445373
-157.0,158,31596.240387
-107.0,108,31596.613973
-107.0,108,31596.614035
-174.0,175,31602.537703
-118.0,119,31602.796916
-290.0,191,31604.442302
-188.0,189,31606.220882
-98.0,99,31606.823588
-111.0,112,31609.472308
-31.0,32,31609.946685
-85.0,86,31612.578282
-51.0,52,31612.832805
-156.0,157,31614.700181
-51.0,52,31618.886582
-207.0,208,31620.250841
-82.0,83,31622.214298
-158.0,159,31622.821949
-164.0,165,31628.574955
-161.0,162,31628.681988
-66.0,67,31629.939069
-131.0,132,31629.939126
-143.0,144,31636.770632
-159.0,160,31637.256477
-130.0,131,31643.548247
-56.0,57,31643.665597
-123.0,124,31644.034164
-134.0,135,31645.234056
-180.0,181,31649.079758
-71.0,72,31651.730515
-83.0,84,31654.821788
-99.0,100,31655.051123
-168.0,169,31663.322464
-156.0,157,31667.143121
-126.0,127,31669.602639
-164.0,165,31670.5698
-139.0,140,31670.813756
-600.0,600,31671.193789
-84.0,85,31673.019384
-70.0,71,31675.054899
-458.0,459,31675.054954
-56.0,57,31675.996065
-49.0,50,31676.215943
-63.0,64,31680.252026
-44.0,45,31681.167011
-119.0,120,31684.534354
-108.0,109,31687.523119
-152.0,153,31688.594549
-225.0,126,31689.487971
-52.0,53,31690.64493
-109.0,110,31693.894725
-137.0,138,31696.161969
-623.0,524,31696.628591
-177.0,178,31696.73888
-89.0,90,31701.06453
-69.0,70,31702.005141
-121.0,122,31702.884434
-137.0,138,31705.619388
-173.0,174,31707.758185
-100.0,101,31708.309692
-67.0,68,31708.903484
-88.0,89,31712.210245
-87.0,88,31712.883708
-35.0,36,31712.993829
-119.0,20,31715.247313
-176.0,177,31717.097944
-186.0,187,31717.686739
-95.0,96,31718.706484
-65.0,66,31719.787909
-44.0,45,31720.460089
-90.0,91,31723.217444
-162.0,163,31724.098437
-59.0,60,31724.473846
-158.0,159,31726.42709
-66.0,67,31727.339282
-99.0,100,31731.83
-134.0,135,31734.174366
-78.0,79,31736.616913
-115.0,116,31736.751481
-174.0,175,31737.380038
-153.0,154,31742.038121
-141.0,142,31742.940164
-159.0,160,31743.056841
-73.0,74,31745.053603
-30.0,31,31746.615329
-108.0,109,31749.203033
-153.0,154,31749.628457
-148.0,149,31751.295049
-102.0,3,31751.622761
-102.0,3,31751.961576
-247.0,148,31754.096655
-43.0,44,31756.954639
-132.0,133,31757.07053
-80.0,81,31758.312645
-138.0,139,31758.624618
-124.0,125,31759.193763
-136.0,137,31762.134884
-68.0,69,31766.327016
-156.0,157,31767.577796
-104.0,105,31769.151054
-101.0,102,31770.890822
-122.0,123,31771.001632
-163.0,164,31772.826275
-117.0,118,31775.677165
-56.0,57,31777.490582
-101.0,102,31782.690396
-135.0,136,31784.674458
-170.0,171,31787.058418
-190.0,191,31788.032438
-114.0,115,31790.476157
-278.0,279,31790.476218
-138.0,139,31791.415061
-171.0,172,31792.538876
-85.0,86,31792.538937
-62.0,63,31795.313463
-84.0,85,31800.329898
-78.0,79,31800.542907
-139.0,140,31800.658165
-109.0,110,31805.156471
-52.0,53,31806.728891
-141.0,142,31806.860019
-179.0,180,31807.723159
-154.0,155,31810.501586
-100.0,101,31812.499475
-46.0,47,31812.499551
-72.0,73,31813.82518
-192.0,193,31817.843721
-51.0,52,31818.612401
-43.0,44,31819.081784
-173.0,174,31820.924471
-89.0,90,31828.450198
-192.0,193,31829.761536
-173.0,174,31831.124408
-201.0,202,31831.719228
-187.0,188,31834.70379
-175.0,176,31839.825392
-198.0,199,31842.055132
-124.0,125,31843.176472
-106.0,107,31843.652849
-97.0,98,31846.003404
-148.0,149,31847.082436
-384.0,285,31854.028748
-96.0,97,31854.262944
-66.0,67,31854.904872
-202.0,203,31855.258543
-113.0,114,31856.865338
-113.0,114,31859.298218
-172.0,173,31859.860036
-53.0,54,31861.269473
-169.0,170,31861.758037
-64.0,65,31861.758097
-66.0,67,31862.224298
-117.0,118,31870.488123
-147.0,148,31872.514597
-140.0,141,31875.560058
-137.0,138,31877.19119
-133.0,134,31877.191254
-164.0,165,31878.89292
-156.0,157,31879.824615
-88.0,89,31880.774367
-185.0,186,31883.684413
-106.0,107,31884.787996
-56.0,57,31887.239977
-215.0,116,31888.775976
-219.0,120,31890.832462
-122.0,123,31893.044411
-77.0,78,31893.671713
-91.0,92,31894.132747
-181.0,182,31976.349626
-91.0,92,31977.135333
-217.0,218,31977.796734
-78.0,79,31978.311841
-132.0,133,31979.641132
-150.0,151,31980.13419
-101.0,102,31981.332139
-40.0,41,31982.972132
-90.0,91,31986.652958
-184.0,185,31989.760052
-71.0,72,31991.240902
-145.0,146,31993.742927
-153.0,154,31995.208916
-141.0,142,31996.280846
-103.0,104,31998.36941
-166.0,167,31998.613563
-153.0,154,31998.858659
-66.0,67,32003.914817
-121.0,122,32005.057272
-149.0,150,32006.739164
-181.0,82,32008.143912
-130.0,131,32010.010516
-126.0,127,32012.770361
-174.0,175,32013.43905
-95.0,96,32015.964648
-105.0,106,32015.964711
-161.0,162,32017.214381
-37.0,38,32017.330437
-112.0,13,32017.574971
-93.0,94,32017.575032
-105.0,106,32022.353232
-66.0,67,32025.282454
-105.0,106,32025.816443
-166.0,167,32027.29998
-117.0,18,32027.727296
-107.0,108,32029.470433
-106.0,107,32029.607927
-141.0,142,32033.232271
-157.0,58,32033.799217
-77.0,78,32033.934487
-152.0,153,32039.86524
-213.0,114,32040.943009
-101.0,102,32041.56773
-106.0,107,32042.026809
-209.0,110,32046.694536
-54.0,55,32048.211031
-64.0,65,32048.327805
-287.0,288,32049.004968
-26.0,27,32049.699763
-141.0,142,32050.415993
-164.0,165,32052.354658
-47.0,48,32054.570764
-144.0,145,32056.482372
-62.0,63,32056.905231
-80.0,81,32057.465099
-94.0,95,32059.239051
-36.0,37,32060.771091
-108.0,109,32065.022776
-217.0,218,32066.591179
-172.0,173,32070.294649
-129.0,130,32072.389008
-165.0,166,32073.551653
-81.0,82,32074.266033
-161.0,162,32077.678626
-150.0,151,32077.898348
-98.0,99,32081.530587
-124.0,125,32087.809941
-145.0,146,32089.078953
-155.0,156,32092.138839
-126.0,127,32092.357082
-105.0,106,32093.724447
-54.0,55,32095.414836
-77.0,78,32096.811863
-278.0,279,32098.494326
-363.0,364,32098.740119
-33.0,34,32099.474402
-62.0,63,32101.122464
-41.0,42,32105.914615
-70.0,71,32106.670644
-93.0,94,32109.578213
-111.0,112,32109.839407
-155.0,156,32110.191805
-170.0,171,32112.121028
-51.0,52,32112.689552
-121.0,122,32113.49265
-69.0,70,32118.136371
-182.0,83,32119.000632
-360.0,361,32119.455515
-78.0,79,32121.140836
-151.0,152,32123.284652
-81.0,82,32128.96569
-163.0,64,32130.677181
-184.0,185,32131.081232
-95.0,96,32132.200449
-173.0,174,32132.655833
-126.0,127,32133.743948
-111.0,12,32134.146226
-188.0,189,32135.353248
-180.0,181,32139.150747
-89.0,90,32141.524293
-99.0,100,32142.336279
-124.0,125,32146.785295
-156.0,157,32147.215821
-60.0,61,32148.573715
-135.0,136,32149.467668
-149.0,150,32151.465068
-176.0,177,32155.709214
-58.0,59,32156.238237
-91.0,92,32157.67885
-168.0,169,32158.457115
-145.0,146,32159.000741
-120.0,121,32160.471896
-147.0,48,32165.85215
-76.0,77,32166.27517
-171.0,172,32170.944625
-110.0,111,32171.662573
-126.0,127,32172.990094
-148.0,149,32173.235144
-74.0,75,32175.128083
-251.0,252,32177.362517
-197.0,198,32178.241033
-55.0,56,32181.655127
-121.0,122,32185.845414
-162.0,163,32189.566658
-151.0,152,32190.203279
-113.0,114,32191.052539
-171.0,172,32192.563137
-145.0,146,32193.68576
-98.0,99,32196.588437
-153.0,154,32198.508118
-75.0,76,32199.369045
-86.0,87,32199.718099
-42.0,43,32201.273451
-171.0,172,32208.497991
-42.0,43,32213.484561
-183.0,184,32214.326404
-138.0,139,32215.466434
-235.0,136,32216.751971
-162.0,163,32217.878221
-184.0,185,32219.389394
-67.0,68,32223.160612
-90.0,91,32223.832307
-63.0,64,32226.711005
-120.0,121,32228.124813
-61.0,62,32230.993869
-128.0,129,32232.679414
-139.0,140,32232.793679
-600.0,600,32233.936376
-49.0,50,32233.936443
-129.0,130,32238.21031
-92.0,93,32243.416968
-110.0,111,32243.757405
-116.0,117,32246.093003
-71.0,72,32246.451209
-175.0,176,32246.981284
-125.0,126,32248.27933
-80.0,81,32252.898693
-50.0,51,32254.072963
-177.0,178,32254.187526
-133.0,34,32257.928861
-114.0,115,32259.427751
-126.0,127,32260.453003
-600.0,600,32260.703365
-78.0,79,32263.181974
-183.0,184,32264.412843
-104.0,105,32265.003991
-163.0,164,32265.744046
-44.0,45,32265.744113
-150.0,51,32270.401277
-96.0,97,32270.74499
-148.0,149,32275.333575
-94.0,95,32276.102386
-110.0,111,32276.217155
-133.0,134,32276.351517
-30.0,31,32278.81978
-76.0,77,32279.659425
-44.0,45,32281.520328
-140.0,141,32282.173943
-53.0,54,32282.419909
-149.0,150,32283.247151
-44.0,45,32287.60543
-157.0,58,32289.444671
-160.0,161,32289.444733
-140.0,141,32292.833202
-113.0,114,32293.172414
-130.0,131,32294.250633
-169.0,70,32297.424994
-128.0,129,32298.306924
-168.0,169,32301.23386
-128.0,129,32302.414701
-83.0,84,32303.950328
-49.0,50,32307.140946
-135.0,136,32308.915531
-166.0,167,32312.050572
-197.0,198,32312.162207
-122.0,123,32312.488605
-48.0,49,32312.713158
-94.0,95,32314.808246
-26.0,27,32315.489295
-103.0,4,32315.983273
-119.0,120,32316.209081
-169.0,170,32316.926826
-88.0,89,32319.018106
-80.0,81,32325.26113
-82.0,83,32325.261192
-58.0,59,32325.492835
-117.0,118,32328.114356
-139.0,140,32328.445553
-152.0,153,32329.278633
-37.0,38,32329.645037
-54.0,55,32334.728961
-85.0,86,32335.299625
-212.0,213,32336.257957
-193.0,194,32338.92511
-38.0,39,32339.304647
-94.0,95,32346.276588
-187.0,188,32346.812278
-156.0,157,32347.558469
-275.0,176,32348.20915
-179.0,180,32349.791362
-31.0,32,32351.223398
-29.0,30,32351.694969
-118.0,119,32352.77157
-80.0,81,32355.443118
-154.0,155,32356.56782
-183.0,184,32357.215146
-70.0,71,32359.738757
-140.0,41,32360.06542
-80.0,81,32360.384201
-77.0,78,32368.783491
-142.0,143,32369.23263
-107.0,108,32369.69409
-204.0,205,32370.330554
-130.0,131,32371.677042
-213.0,214,32374.438951
-164.0,165,32379.474337
-68.0,69,32379.614569
-22.0,23,32382.308021
-213.0,214,32384.79197
-126.0,127,32384.937014
-46.0,47,32384.937066
-21.0,22,32387.268566
-163.0,164,32388.438964
-165.0,166,32393.502595
-236.0,237,32395.9287
-124.0,125,32399.016733
-55.0,56,32399.65505
-270.0,271,32400.074865
-142.0,143,32400.920201
-173.0,174,32401.791911
-138.0,139,32404.243925
-157.0,158,32405.115158
-108.0,109,32408.32657
-88.0,89,32409.241448
-85.0,86,32409.587964
-35.0,36,32413.714569
-113.0,114,32414.186736
-110.0,111,32414.785886
-93.0,94,32415.137094
-76.0,77,32417.903891
-161.0,162,32418.636651
-208.0,109,32420.7604
-82.0,83,32423.573472
-161.0,162,32423.690414
-89.0,90,32425.396139
-98.0,99,32429.481947
-144.0,145,32430.40389
-191.0,92,32431.516011
-75.0,76,32432.530914
-161.0,162,32433.402357
-98.0,99,32436.676119
-126.0,127,32438.252124
-69.0,70,32438.252185
-67.0,68,32441.034447
-199.0,200,32441.616149
-91.0,92,32441.838855
-139.0,140,32445.367157
-90.0,91,32448.679374
-62.0,63,32448.793257
-178.0,179,32452.848144
-138.0,139,32454.280872
-86.0,87,32455.414001
-124.0,125,32455.414063
-170.0,171,32456.352586
-49.0,50,32461.20388
-137.0,138,32464.692456
-137.0,138,32464.80461
-145.0,146,32469.906024
-256.0,257,32471.686185
-91.0,92,32472.018896
-161.0,162,32473.133518
-77.0,78,32473.958312
-165.0,166,32474.799908
-87.0,88,32475.033565
-163.0,164,32475.546396
-49.0,50,32480.979228
-72.0,73,32482.633332
-118.0,119,32483.863013
-103.0,104,32484.242312
-120.0,121,32485.779029
-103.0,104,32486.909569
-136.0,137,32489.236098
-63.0,64,32490.028544
-82.0,83,32490.612182
-52.0,53,32493.097227
-67.0,68,32493.703664
-165.0,166,32494.823245
-111.0,112,32496.831625
-125.0,126,32498.777362
-61.0,62,32503.829631
-46.0,47,32504.051724
-123.0,124,32507.275827
-161.0,162,32509.044042
-186.0,187,32510.478553
-66.0,67,32511.453638
-151.0,152,32512.132313
-82.0,83,32513.552098
-173.0,174,32513.55216
-47.0,48,32514.655607
-35.0,36,32514.791224
-322.0,223,32515.594701
-50.0,51,32517.411575
-88.0,89,32517.527149
-46.0,47,32519.004789
-87.0,88,32524.823155
-94.0,95,32525.531652
-134.0,135,32527.757039
-89.0,90,32527.865974
-99.0,100,32528.941709
-134.0,135,32531.073569
-175.0,176,32533.768225
-164.0,165,32537.705154
-136.0,137,32540.291046
-128.0,129,32542.343225
-77.0,78,32542.449132
-133.0,134,32542.826697
-105.0,106,32542.979833
-159.0,160,32543.661711
-66.0,67,32545.430724
