[0.296s] DEBUG:colcon:Command line arguments: ['/usr/bin/colcon', 'build']
[0.296s] DEBUG:colcon:Parsed command line arguments: Namespace(log_base=None, log_level=None, verb_name='build', build_base='build', install_base='install', merge_install=False, symlink_install=False, test_result_base=None, continue_on_error=False, executor='parallel', parallel_workers=16, event_handlers=None, ignore_user_meta=False, metas=['./colcon.meta'], base_paths=['.'], packages_ignore=None, packages_ignore_regex=None, paths=None, packages_up_to=None, packages_up_to_regex=None, packages_above=None, packages_above_and_dependencies=None, packages_above_depth=None, packages_select_by_dep=None, packages_skip_by_dep=None, packages_skip_up_to=None, packages_select_build_failed=False, packages_skip_build_finished=False, packages_select_test_failures=False, packages_skip_test_passed=False, packages_select=None, packages_skip=None, packages_select_regex=None, packages_skip_regex=None, packages_start=None, packages_end=None, allow_overriding=[], cmake_args=None, cmake_target=None, cmake_target_skip_unavailable=False, cmake_clean_cache=False, cmake_clean_first=False, cmake_force_configure=False, ament_cmake_args=None, catkin_cmake_args=None, catkin_skip_building_tests=False, verb_parser=<colcon_defaults.argument_parser.defaults.DefaultArgumentsDecorator object at 0x75283995ceb0>, verb_extension=<colcon_core.verb.build.BuildVerb object at 0x752839acdae0>, main=<bound method BuildVerb.main of <colcon_core.verb.build.BuildVerb object at 0x752839acdae0>>)
[0.474s] Level 1:colcon.colcon_core.package_discovery:discover_packages(colcon_meta) check parameters
[0.474s] Level 1:colcon.colcon_core.package_discovery:discover_packages(recursive) check parameters
[0.474s] Level 1:colcon.colcon_core.package_discovery:discover_packages(ignore) check parameters
[0.474s] Level 1:colcon.colcon_core.package_discovery:discover_packages(path) check parameters
[0.474s] Level 1:colcon.colcon_core.package_discovery:discover_packages(colcon_meta) discover
[0.474s] Level 1:colcon.colcon_core.package_discovery:discover_packages(recursive) discover
[0.474s] INFO:colcon.colcon_core.package_discovery:Crawling recursively for packages in '/home/toris/rl_nav'
[0.474s] Level 1:colcon.colcon_core.package_identification:_identify(.) by extensions ['ignore', 'ignore_ament_install']
[0.474s] Level 1:colcon.colcon_core.package_identification:_identify(.) by extension 'ignore'
[0.474s] Level 1:colcon.colcon_core.package_identification:_identify(.) by extension 'ignore_ament_install'
[0.474s] Level 1:colcon.colcon_core.package_identification:_identify(.) by extensions ['colcon_pkg']
[0.474s] Level 1:colcon.colcon_core.package_identification:_identify(.) by extension 'colcon_pkg'
[0.474s] Level 1:colcon.colcon_core.package_identification:_identify(.) by extensions ['colcon_meta']
[0.474s] Level 1:colcon.colcon_core.package_identification:_identify(.) by extension 'colcon_meta'
[0.474s] Level 1:colcon.colcon_core.package_identification:_identify(.) by extensions ['ros']
[0.474s] Level 1:colcon.colcon_core.package_identification:_identify(.) by extension 'ros'
[0.484s] Level 1:colcon.colcon_core.package_identification:_identify(.) by extensions ['cmake', 'python']
[0.484s] Level 1:colcon.colcon_core.package_identification:_identify(.) by extension 'cmake'
[0.484s] Level 1:colcon.colcon_core.package_identification:_identify(.) by extension 'python'
[0.484s] Level 1:colcon.colcon_core.package_identification:_identify(.) by extensions ['python_setup_py']
[0.484s] Level 1:colcon.colcon_core.package_identification:_identify(.) by extension 'python_setup_py'
[0.484s] Level 1:colcon.colcon_core.package_identification:_identify(SAC_Dense) by extensions ['ignore', 'ignore_ament_install']
[0.484s] Level 1:colcon.colcon_core.package_identification:_identify(SAC_Dense) by extension 'ignore'
[0.484s] Level 1:colcon.colcon_core.package_identification:_identify(SAC_Dense) by extension 'ignore_ament_install'
[0.484s] Level 1:colcon.colcon_core.package_identification:_identify(SAC_Dense) by extensions ['colcon_pkg']
[0.484s] Level 1:colcon.colcon_core.package_identification:_identify(SAC_Dense) by extension 'colcon_pkg'
[0.484s] Level 1:colcon.colcon_core.package_identification:_identify(SAC_Dense) by extensions ['colcon_meta']
[0.484s] Level 1:colcon.colcon_core.package_identification:_identify(SAC_Dense) by extension 'colcon_meta'
[0.484s] Level 1:colcon.colcon_core.package_identification:_identify(SAC_Dense) by extensions ['ros']
[0.484s] Level 1:colcon.colcon_core.package_identification:_identify(SAC_Dense) by extension 'ros'
[0.484s] Level 1:colcon.colcon_core.package_identification:_identify(SAC_Dense) by extensions ['cmake', 'python']
[0.484s] Level 1:colcon.colcon_core.package_identification:_identify(SAC_Dense) by extension 'cmake'
[0.484s] Level 1:colcon.colcon_core.package_identification:_identify(SAC_Dense) by extension 'python'
[0.484s] Level 1:colcon.colcon_core.package_identification:_identify(SAC_Dense) by extensions ['python_setup_py']
[0.484s] Level 1:colcon.colcon_core.package_identification:_identify(SAC_Dense) by extension 'python_setup_py'
[0.485s] Level 1:colcon.colcon_core.package_identification:_identify(SAC_Dense/inference_results) by extensions ['ignore', 'ignore_ament_install']
[0.485s] Level 1:colcon.colcon_core.package_identification:_identify(SAC_Dense/inference_results) by extension 'ignore'
[0.485s] Level 1:colcon.colcon_core.package_identification:_identify(SAC_Dense/inference_results) by extension 'ignore_ament_install'
[0.485s] Level 1:colcon.colcon_core.package_identification:_identify(SAC_Dense/inference_results) by extensions ['colcon_pkg']
[0.485s] Level 1:colcon.colcon_core.package_identification:_identify(SAC_Dense/inference_results) by extension 'colcon_pkg'
[0.485s] Level 1:colcon.colcon_core.package_identification:_identify(SAC_Dense/inference_results) by extensions ['colcon_meta']
[0.485s] Level 1:colcon.colcon_core.package_identification:_identify(SAC_Dense/inference_results) by extension 'colcon_meta'
[0.485s] Level 1:colcon.colcon_core.package_identification:_identify(SAC_Dense/inference_results) by extensions ['ros']
[0.485s] Level 1:colcon.colcon_core.package_identification:_identify(SAC_Dense/inference_results) by extension 'ros'
[0.485s] Level 1:colcon.colcon_core.package_identification:_identify(SAC_Dense/inference_results) by extensions ['cmake', 'python']
[0.485s] Level 1:colcon.colcon_core.package_identification:_identify(SAC_Dense/inference_results) by extension 'cmake'
[0.485s] Level 1:colcon.colcon_core.package_identification:_identify(SAC_Dense/inference_results) by extension 'python'
[0.485s] Level 1:colcon.colcon_core.package_identification:_identify(SAC_Dense/inference_results) by extensions ['python_setup_py']
[0.485s] Level 1:colcon.colcon_core.package_identification:_identify(SAC_Dense/inference_results) by extension 'python_setup_py'
[0.485s] Level 1:colcon.colcon_core.package_identification:_identify(SAC_Dense/log) by extensions ['ignore', 'ignore_ament_install']
[0.485s] Level 1:colcon.colcon_core.package_identification:_identify(SAC_Dense/log) by extension 'ignore'
[0.485s] Level 1:colcon.colcon_core.package_identification:_identify(SAC_Dense/log) by extension 'ignore_ament_install'
[0.485s] Level 1:colcon.colcon_core.package_identification:_identify(SAC_Dense/log) by extensions ['colcon_pkg']
[0.485s] Level 1:colcon.colcon_core.package_identification:_identify(SAC_Dense/log) by extension 'colcon_pkg'
[0.485s] Level 1:colcon.colcon_core.package_identification:_identify(SAC_Dense/log) by extensions ['colcon_meta']
[0.485s] Level 1:colcon.colcon_core.package_identification:_identify(SAC_Dense/log) by extension 'colcon_meta'
[0.485s] Level 1:colcon.colcon_core.package_identification:_identify(SAC_Dense/log) by extensions ['ros']
[0.485s] Level 1:colcon.colcon_core.package_identification:_identify(SAC_Dense/log) by extension 'ros'
[0.485s] Level 1:colcon.colcon_core.package_identification:_identify(SAC_Dense/log) by extensions ['cmake', 'python']
[0.485s] Level 1:colcon.colcon_core.package_identification:_identify(SAC_Dense/log) by extension 'cmake'
[0.485s] Level 1:colcon.colcon_core.package_identification:_identify(SAC_Dense/log) by extension 'python'
[0.485s] Level 1:colcon.colcon_core.package_identification:_identify(SAC_Dense/log) by extensions ['python_setup_py']
[0.485s] Level 1:colcon.colcon_core.package_identification:_identify(SAC_Dense/log) by extension 'python_setup_py'
[0.486s] Level 1:colcon.colcon_core.package_identification:_identify(SAC_Dense/log/run_1) by extensions ['ignore', 'ignore_ament_install']
[0.486s] Level 1:colcon.colcon_core.package_identification:_identify(SAC_Dense/log/run_1) by extension 'ignore'
[0.486s] Level 1:colcon.colcon_core.package_identification:_identify(SAC_Dense/log/run_1) by extension 'ignore_ament_install'
[0.486s] Level 1:colcon.colcon_core.package_identification:_identify(SAC_Dense/log/run_1) by extensions ['colcon_pkg']
[0.486s] Level 1:colcon.colcon_core.package_identification:_identify(SAC_Dense/log/run_1) by extension 'colcon_pkg'
[0.486s] Level 1:colcon.colcon_core.package_identification:_identify(SAC_Dense/log/run_1) by extensions ['colcon_meta']
[0.486s] Level 1:colcon.colcon_core.package_identification:_identify(SAC_Dense/log/run_1) by extension 'colcon_meta'
[0.486s] Level 1:colcon.colcon_core.package_identification:_identify(SAC_Dense/log/run_1) by extensions ['ros']
[0.486s] Level 1:colcon.colcon_core.package_identification:_identify(SAC_Dense/log/run_1) by extension 'ros'
[0.486s] Level 1:colcon.colcon_core.package_identification:_identify(SAC_Dense/log/run_1) by extensions ['cmake', 'python']
[0.486s] Level 1:colcon.colcon_core.package_identification:_identify(SAC_Dense/log/run_1) by extension 'cmake'
[0.486s] Level 1:colcon.colcon_core.package_identification:_identify(SAC_Dense/log/run_1) by extension 'python'
[0.486s] Level 1:colcon.colcon_core.package_identification:_identify(SAC_Dense/log/run_1) by extensions ['python_setup_py']
[0.486s] Level 1:colcon.colcon_core.package_identification:_identify(SAC_Dense/log/run_1) by extension 'python_setup_py'
[0.486s] Level 1:colcon.colcon_core.package_identification:_identify(SAC_Dense/log/run_1/best_model) by extensions ['ignore', 'ignore_ament_install']
[0.486s] Level 1:colcon.colcon_core.package_identification:_identify(SAC_Dense/log/run_1/best_model) by extension 'ignore'
[0.486s] Level 1:colcon.colcon_core.package_identification:_identify(SAC_Dense/log/run_1/best_model) by extension 'ignore_ament_install'
[0.486s] Level 1:colcon.colcon_core.package_identification:_identify(SAC_Dense/log/run_1/best_model) by extensions ['colcon_pkg']
[0.486s] Level 1:colcon.colcon_core.package_identification:_identify(SAC_Dense/log/run_1/best_model) by extension 'colcon_pkg'
[0.486s] Level 1:colcon.colcon_core.package_identification:_identify(SAC_Dense/log/run_1/best_model) by extensions ['colcon_meta']
[0.486s] Level 1:colcon.colcon_core.package_identification:_identify(SAC_Dense/log/run_1/best_model) by extension 'colcon_meta'
[0.486s] Level 1:colcon.colcon_core.package_identification:_identify(SAC_Dense/log/run_1/best_model) by extensions ['ros']
[0.486s] Level 1:colcon.colcon_core.package_identification:_identify(SAC_Dense/log/run_1/best_model) by extension 'ros'
[0.486s] Level 1:colcon.colcon_core.package_identification:_identify(SAC_Dense/log/run_1/best_model) by extensions ['cmake', 'python']
[0.486s] Level 1:colcon.colcon_core.package_identification:_identify(SAC_Dense/log/run_1/best_model) by extension 'cmake'
[0.486s] Level 1:colcon.colcon_core.package_identification:_identify(SAC_Dense/log/run_1/best_model) by extension 'python'
[0.486s] Level 1:colcon.colcon_core.package_identification:_identify(SAC_Dense/log/run_1/best_model) by extensions ['python_setup_py']
[0.487s] Level 1:colcon.colcon_core.package_identification:_identify(SAC_Dense/log/run_1/best_model) by extension 'python_setup_py'
[0.487s] Level 1:colcon.colcon_core.package_identification:_identify(SAC_Dense/log/run_1/tb) by extensions ['ignore', 'ignore_ament_install']
[0.487s] Level 1:colcon.colcon_core.package_identification:_identify(SAC_Dense/log/run_1/tb) by extension 'ignore'
[0.487s] Level 1:colcon.colcon_core.package_identification:_identify(SAC_Dense/log/run_1/tb) by extension 'ignore_ament_install'
[0.487s] Level 1:colcon.colcon_core.package_identification:_identify(SAC_Dense/log/run_1/tb) by extensions ['colcon_pkg']
[0.487s] Level 1:colcon.colcon_core.package_identification:_identify(SAC_Dense/log/run_1/tb) by extension 'colcon_pkg'
[0.487s] Level 1:colcon.colcon_core.package_identification:_identify(SAC_Dense/log/run_1/tb) by extensions ['colcon_meta']
[0.487s] Level 1:colcon.colcon_core.package_identification:_identify(SAC_Dense/log/run_1/tb) by extension 'colcon_meta'
[0.487s] Level 1:colcon.colcon_core.package_identification:_identify(SAC_Dense/log/run_1/tb) by extensions ['ros']
[0.487s] Level 1:colcon.colcon_core.package_identification:_identify(SAC_Dense/log/run_1/tb) by extension 'ros'
[0.487s] Level 1:colcon.colcon_core.package_identification:_identify(SAC_Dense/log/run_1/tb) by extensions ['cmake', 'python']
[0.487s] Level 1:colcon.colcon_core.package_identification:_identify(SAC_Dense/log/run_1/tb) by extension 'cmake'
[0.487s] Level 1:colcon.colcon_core.package_identification:_identify(SAC_Dense/log/run_1/tb) by extension 'python'
[0.487s] Level 1:colcon.colcon_core.package_identification:_identify(SAC_Dense/log/run_1/tb) by extensions ['python_setup_py']
[0.487s] Level 1:colcon.colcon_core.package_identification:_identify(SAC_Dense/log/run_1/tb) by extension 'python_setup_py'
[0.487s] Level 1:colcon.colcon_core.package_identification:_identify(SAC_Dense/log/run_1/tb/run_1) by extensions ['ignore', 'ignore_ament_install']
[0.487s] Level 1:colcon.colcon_core.package_identification:_identify(SAC_Dense/log/run_1/tb/run_1) by extension 'ignore'
[0.487s] Level 1:colcon.colcon_core.package_identification:_identify(SAC_Dense/log/run_1/tb/run_1) by extension 'ignore_ament_install'
[0.487s] Level 1:colcon.colcon_core.package_identification:_identify(SAC_Dense/log/run_1/tb/run_1) by extensions ['colcon_pkg']
[0.487s] Level 1:colcon.colcon_core.package_identification:_identify(SAC_Dense/log/run_1/tb/run_1) by extension 'colcon_pkg'
[0.487s] Level 1:colcon.colcon_core.package_identification:_identify(SAC_Dense/log/run_1/tb/run_1) by extensions ['colcon_meta']
[0.487s] Level 1:colcon.colcon_core.package_identification:_identify(SAC_Dense/log/run_1/tb/run_1) by extension 'colcon_meta'
[0.487s] Level 1:colcon.colcon_core.package_identification:_identify(SAC_Dense/log/run_1/tb/run_1) by extensions ['ros']
[0.487s] Level 1:colcon.colcon_core.package_identification:_identify(SAC_Dense/log/run_1/tb/run_1) by extension 'ros'
[0.488s] Level 1:colcon.colcon_core.package_identification:_identify(SAC_Dense/log/run_1/tb/run_1) by extensions ['cmake', 'python']
[0.488s] Level 1:colcon.colcon_core.package_identification:_identify(SAC_Dense/log/run_1/tb/run_1) by extension 'cmake'
[0.488s] Level 1:colcon.colcon_core.package_identification:_identify(SAC_Dense/log/run_1/tb/run_1) by extension 'python'
[0.488s] Level 1:colcon.colcon_core.package_identification:_identify(SAC_Dense/log/run_1/tb/run_1) by extensions ['python_setup_py']
[0.488s] Level 1:colcon.colcon_core.package_identification:_identify(SAC_Dense/log/run_1/tb/run_1) by extension 'python_setup_py'
[0.488s] Level 1:colcon.colcon_core.package_identification:_identify(SAC_Dense_Hist) by extensions ['ignore', 'ignore_ament_install']
[0.488s] Level 1:colcon.colcon_core.package_identification:_identify(SAC_Dense_Hist) by extension 'ignore'
[0.488s] Level 1:colcon.colcon_core.package_identification:_identify(SAC_Dense_Hist) by extension 'ignore_ament_install'
[0.488s] Level 1:colcon.colcon_core.package_identification:_identify(SAC_Dense_Hist) by extensions ['colcon_pkg']
[0.488s] Level 1:colcon.colcon_core.package_identification:_identify(SAC_Dense_Hist) by extension 'colcon_pkg'
[0.488s] Level 1:colcon.colcon_core.package_identification:_identify(SAC_Dense_Hist) by extensions ['colcon_meta']
[0.488s] Level 1:colcon.colcon_core.package_identification:_identify(SAC_Dense_Hist) by extension 'colcon_meta'
[0.488s] Level 1:colcon.colcon_core.package_identification:_identify(SAC_Dense_Hist) by extensions ['ros']
[0.488s] Level 1:colcon.colcon_core.package_identification:_identify(SAC_Dense_Hist) by extension 'ros'
[0.488s] Level 1:colcon.colcon_core.package_identification:_identify(SAC_Dense_Hist) by extensions ['cmake', 'python']
[0.488s] Level 1:colcon.colcon_core.package_identification:_identify(SAC_Dense_Hist) by extension 'cmake'
[0.488s] Level 1:colcon.colcon_core.package_identification:_identify(SAC_Dense_Hist) by extension 'python'
[0.488s] Level 1:colcon.colcon_core.package_identification:_identify(SAC_Dense_Hist) by extensions ['python_setup_py']
[0.488s] Level 1:colcon.colcon_core.package_identification:_identify(SAC_Dense_Hist) by extension 'python_setup_py'
[0.488s] Level 1:colcon.colcon_core.package_identification:_identify(SAC_Dense_Hist/inference_results) by extensions ['ignore', 'ignore_ament_install']
[0.488s] Level 1:colcon.colcon_core.package_identification:_identify(SAC_Dense_Hist/inference_results) by extension 'ignore'
[0.488s] Level 1:colcon.colcon_core.package_identification:_identify(SAC_Dense_Hist/inference_results) by extension 'ignore_ament_install'
[0.488s] Level 1:colcon.colcon_core.package_identification:_identify(SAC_Dense_Hist/inference_results) by extensions ['colcon_pkg']
[0.488s] Level 1:colcon.colcon_core.package_identification:_identify(SAC_Dense_Hist/inference_results) by extension 'colcon_pkg'
[0.488s] Level 1:colcon.colcon_core.package_identification:_identify(SAC_Dense_Hist/inference_results) by extensions ['colcon_meta']
[0.488s] Level 1:colcon.colcon_core.package_identification:_identify(SAC_Dense_Hist/inference_results) by extension 'colcon_meta'
[0.488s] Level 1:colcon.colcon_core.package_identification:_identify(SAC_Dense_Hist/inference_results) by extensions ['ros']
[0.488s] Level 1:colcon.colcon_core.package_identification:_identify(SAC_Dense_Hist/inference_results) by extension 'ros'
[0.489s] Level 1:colcon.colcon_core.package_identification:_identify(SAC_Dense_Hist/inference_results) by extensions ['cmake', 'python']
[0.489s] Level 1:colcon.colcon_core.package_identification:_identify(SAC_Dense_Hist/inference_results) by extension 'cmake'
[0.489s] Level 1:colcon.colcon_core.package_identification:_identify(SAC_Dense_Hist/inference_results) by extension 'python'
[0.489s] Level 1:colcon.colcon_core.package_identification:_identify(SAC_Dense_Hist/inference_results) by extensions ['python_setup_py']
[0.489s] Level 1:colcon.colcon_core.package_identification:_identify(SAC_Dense_Hist/inference_results) by extension 'python_setup_py'
[0.489s] Level 1:colcon.colcon_core.package_identification:_identify(SAC_Dense_Hist/log) by extensions ['ignore', 'ignore_ament_install']
[0.489s] Level 1:colcon.colcon_core.package_identification:_identify(SAC_Dense_Hist/log) by extension 'ignore'
[0.489s] Level 1:colcon.colcon_core.package_identification:_identify(SAC_Dense_Hist/log) by extension 'ignore_ament_install'
[0.489s] Level 1:colcon.colcon_core.package_identification:_identify(SAC_Dense_Hist/log) by extensions ['colcon_pkg']
[0.489s] Level 1:colcon.colcon_core.package_identification:_identify(SAC_Dense_Hist/log) by extension 'colcon_pkg'
[0.489s] Level 1:colcon.colcon_core.package_identification:_identify(SAC_Dense_Hist/log) by extensions ['colcon_meta']
[0.489s] Level 1:colcon.colcon_core.package_identification:_identify(SAC_Dense_Hist/log) by extension 'colcon_meta'
[0.489s] Level 1:colcon.colcon_core.package_identification:_identify(SAC_Dense_Hist/log) by extensions ['ros']
[0.489s] Level 1:colcon.colcon_core.package_identification:_identify(SAC_Dense_Hist/log) by extension 'ros'
[0.489s] Level 1:colcon.colcon_core.package_identification:_identify(SAC_Dense_Hist/log) by extensions ['cmake', 'python']
[0.489s] Level 1:colcon.colcon_core.package_identification:_identify(SAC_Dense_Hist/log) by extension 'cmake'
[0.489s] Level 1:colcon.colcon_core.package_identification:_identify(SAC_Dense_Hist/log) by extension 'python'
[0.489s] Level 1:colcon.colcon_core.package_identification:_identify(SAC_Dense_Hist/log) by extensions ['python_setup_py']
[0.489s] Level 1:colcon.colcon_core.package_identification:_identify(SAC_Dense_Hist/log) by extension 'python_setup_py'
[0.489s] Level 1:colcon.colcon_core.package_identification:_identify(SAC_Dense_Hist/log/run_1) by extensions ['ignore', 'ignore_ament_install']
[0.489s] Level 1:colcon.colcon_core.package_identification:_identify(SAC_Dense_Hist/log/run_1) by extension 'ignore'
[0.489s] Level 1:colcon.colcon_core.package_identification:_identify(SAC_Dense_Hist/log/run_1) by extension 'ignore_ament_install'
[0.489s] Level 1:colcon.colcon_core.package_identification:_identify(SAC_Dense_Hist/log/run_1) by extensions ['colcon_pkg']
[0.489s] Level 1:colcon.colcon_core.package_identification:_identify(SAC_Dense_Hist/log/run_1) by extension 'colcon_pkg'
[0.489s] Level 1:colcon.colcon_core.package_identification:_identify(SAC_Dense_Hist/log/run_1) by extensions ['colcon_meta']
[0.489s] Level 1:colcon.colcon_core.package_identification:_identify(SAC_Dense_Hist/log/run_1) by extension 'colcon_meta'
[0.489s] Level 1:colcon.colcon_core.package_identification:_identify(SAC_Dense_Hist/log/run_1) by extensions ['ros']
[0.489s] Level 1:colcon.colcon_core.package_identification:_identify(SAC_Dense_Hist/log/run_1) by extension 'ros'
[0.489s] Level 1:colcon.colcon_core.package_identification:_identify(SAC_Dense_Hist/log/run_1) by extensions ['cmake', 'python']
[0.489s] Level 1:colcon.colcon_core.package_identification:_identify(SAC_Dense_Hist/log/run_1) by extension 'cmake'
[0.489s] Level 1:colcon.colcon_core.package_identification:_identify(SAC_Dense_Hist/log/run_1) by extension 'python'
[0.489s] Level 1:colcon.colcon_core.package_identification:_identify(SAC_Dense_Hist/log/run_1) by extensions ['python_setup_py']
[0.489s] Level 1:colcon.colcon_core.package_identification:_identify(SAC_Dense_Hist/log/run_1) by extension 'python_setup_py'
[0.490s] Level 1:colcon.colcon_core.package_identification:_identify(SAC_Dense_Hist/log/run_1/best_model) by extensions ['ignore', 'ignore_ament_install']
[0.490s] Level 1:colcon.colcon_core.package_identification:_identify(SAC_Dense_Hist/log/run_1/best_model) by extension 'ignore'
[0.490s] Level 1:colcon.colcon_core.package_identification:_identify(SAC_Dense_Hist/log/run_1/best_model) by extension 'ignore_ament_install'
[0.490s] Level 1:colcon.colcon_core.package_identification:_identify(SAC_Dense_Hist/log/run_1/best_model) by extensions ['colcon_pkg']
[0.490s] Level 1:colcon.colcon_core.package_identification:_identify(SAC_Dense_Hist/log/run_1/best_model) by extension 'colcon_pkg'
[0.490s] Level 1:colcon.colcon_core.package_identification:_identify(SAC_Dense_Hist/log/run_1/best_model) by extensions ['colcon_meta']
[0.490s] Level 1:colcon.colcon_core.package_identification:_identify(SAC_Dense_Hist/log/run_1/best_model) by extension 'colcon_meta'
[0.490s] Level 1:colcon.colcon_core.package_identification:_identify(SAC_Dense_Hist/log/run_1/best_model) by extensions ['ros']
[0.490s] Level 1:colcon.colcon_core.package_identification:_identify(SAC_Dense_Hist/log/run_1/best_model) by extension 'ros'
[0.490s] Level 1:colcon.colcon_core.package_identification:_identify(SAC_Dense_Hist/log/run_1/best_model) by extensions ['cmake', 'python']
[0.490s] Level 1:colcon.colcon_core.package_identification:_identify(SAC_Dense_Hist/log/run_1/best_model) by extension 'cmake'
[0.490s] Level 1:colcon.colcon_core.package_identification:_identify(SAC_Dense_Hist/log/run_1/best_model) by extension 'python'
[0.490s] Level 1:colcon.colcon_core.package_identification:_identify(SAC_Dense_Hist/log/run_1/best_model) by extensions ['python_setup_py']
[0.490s] Level 1:colcon.colcon_core.package_identification:_identify(SAC_Dense_Hist/log/run_1/best_model) by extension 'python_setup_py'
[0.490s] Level 1:colcon.colcon_core.package_identification:_identify(SAC_Dense_Hist/log/run_1/tb) by extensions ['ignore', 'ignore_ament_install']
[0.490s] Level 1:colcon.colcon_core.package_identification:_identify(SAC_Dense_Hist/log/run_1/tb) by extension 'ignore'
[0.490s] Level 1:colcon.colcon_core.package_identification:_identify(SAC_Dense_Hist/log/run_1/tb) by extension 'ignore_ament_install'
[0.490s] Level 1:colcon.colcon_core.package_identification:_identify(SAC_Dense_Hist/log/run_1/tb) by extensions ['colcon_pkg']
[0.490s] Level 1:colcon.colcon_core.package_identification:_identify(SAC_Dense_Hist/log/run_1/tb) by extension 'colcon_pkg'
[0.490s] Level 1:colcon.colcon_core.package_identification:_identify(SAC_Dense_Hist/log/run_1/tb) by extensions ['colcon_meta']
[0.490s] Level 1:colcon.colcon_core.package_identification:_identify(SAC_Dense_Hist/log/run_1/tb) by extension 'colcon_meta'
[0.490s] Level 1:colcon.colcon_core.package_identification:_identify(SAC_Dense_Hist/log/run_1/tb) by extensions ['ros']
[0.490s] Level 1:colcon.colcon_core.package_identification:_identify(SAC_Dense_Hist/log/run_1/tb) by extension 'ros'
[0.490s] Level 1:colcon.colcon_core.package_identification:_identify(SAC_Dense_Hist/log/run_1/tb) by extensions ['cmake', 'python']
[0.490s] Level 1:colcon.colcon_core.package_identification:_identify(SAC_Dense_Hist/log/run_1/tb) by extension 'cmake'
[0.490s] Level 1:colcon.colcon_core.package_identification:_identify(SAC_Dense_Hist/log/run_1/tb) by extension 'python'
[0.490s] Level 1:colcon.colcon_core.package_identification:_identify(SAC_Dense_Hist/log/run_1/tb) by extensions ['python_setup_py']
[0.490s] Level 1:colcon.colcon_core.package_identification:_identify(SAC_Dense_Hist/log/run_1/tb) by extension 'python_setup_py'
[0.490s] Level 1:colcon.colcon_core.package_identification:_identify(SAC_Dense_Hist/log/run_1/tb/run_1) by extensions ['ignore', 'ignore_ament_install']
[0.490s] Level 1:colcon.colcon_core.package_identification:_identify(SAC_Dense_Hist/log/run_1/tb/run_1) by extension 'ignore'
[0.490s] Level 1:colcon.colcon_core.package_identification:_identify(SAC_Dense_Hist/log/run_1/tb/run_1) by extension 'ignore_ament_install'
[0.490s] Level 1:colcon.colcon_core.package_identification:_identify(SAC_Dense_Hist/log/run_1/tb/run_1) by extensions ['colcon_pkg']
[0.491s] Level 1:colcon.colcon_core.package_identification:_identify(SAC_Dense_Hist/log/run_1/tb/run_1) by extension 'colcon_pkg'
[0.491s] Level 1:colcon.colcon_core.package_identification:_identify(SAC_Dense_Hist/log/run_1/tb/run_1) by extensions ['colcon_meta']
[0.491s] Level 1:colcon.colcon_core.package_identification:_identify(SAC_Dense_Hist/log/run_1/tb/run_1) by extension 'colcon_meta'
[0.491s] Level 1:colcon.colcon_core.package_identification:_identify(SAC_Dense_Hist/log/run_1/tb/run_1) by extensions ['ros']
[0.491s] Level 1:colcon.colcon_core.package_identification:_identify(SAC_Dense_Hist/log/run_1/tb/run_1) by extension 'ros'
[0.491s] Level 1:colcon.colcon_core.package_identification:_identify(SAC_Dense_Hist/log/run_1/tb/run_1) by extensions ['cmake', 'python']
[0.491s] Level 1:colcon.colcon_core.package_identification:_identify(SAC_Dense_Hist/log/run_1/tb/run_1) by extension 'cmake'
[0.491s] Level 1:colcon.colcon_core.package_identification:_identify(SAC_Dense_Hist/log/run_1/tb/run_1) by extension 'python'
[0.491s] Level 1:colcon.colcon_core.package_identification:_identify(SAC_Dense_Hist/log/run_1/tb/run_1) by extensions ['python_setup_py']
[0.491s] Level 1:colcon.colcon_core.package_identification:_identify(SAC_Dense_Hist/log/run_1/tb/run_1) by extension 'python_setup_py'
[0.491s] Level 1:colcon.colcon_core.package_identification:_identify(SAC_Penalized) by extensions ['ignore', 'ignore_ament_install']
[0.491s] Level 1:colcon.colcon_core.package_identification:_identify(SAC_Penalized) by extension 'ignore'
[0.491s] Level 1:colcon.colcon_core.package_identification:_identify(SAC_Penalized) by extension 'ignore_ament_install'
[0.491s] Level 1:colcon.colcon_core.package_identification:_identify(SAC_Penalized) by extensions ['colcon_pkg']
[0.491s] Level 1:colcon.colcon_core.package_identification:_identify(SAC_Penalized) by extension 'colcon_pkg'
[0.491s] Level 1:colcon.colcon_core.package_identification:_identify(SAC_Penalized) by extensions ['colcon_meta']
[0.491s] Level 1:colcon.colcon_core.package_identification:_identify(SAC_Penalized) by extension 'colcon_meta'
[0.491s] Level 1:colcon.colcon_core.package_identification:_identify(SAC_Penalized) by extensions ['ros']
[0.491s] Level 1:colcon.colcon_core.package_identification:_identify(SAC_Penalized) by extension 'ros'
[0.491s] Level 1:colcon.colcon_core.package_identification:_identify(SAC_Penalized) by extensions ['cmake', 'python']
[0.491s] Level 1:colcon.colcon_core.package_identification:_identify(SAC_Penalized) by extension 'cmake'
[0.491s] Level 1:colcon.colcon_core.package_identification:_identify(SAC_Penalized) by extension 'python'
[0.491s] Level 1:colcon.colcon_core.package_identification:_identify(SAC_Penalized) by extensions ['python_setup_py']
[0.491s] Level 1:colcon.colcon_core.package_identification:_identify(SAC_Penalized) by extension 'python_setup_py'
[0.491s] Level 1:colcon.colcon_core.package_identification:_identify(SAC_Penalized/inference_results) by extensions ['ignore', 'ignore_ament_install']
[0.491s] Level 1:colcon.colcon_core.package_identification:_identify(SAC_Penalized/inference_results) by extension 'ignore'
[0.491s] Level 1:colcon.colcon_core.package_identification:_identify(SAC_Penalized/inference_results) by extension 'ignore_ament_install'
[0.491s] Level 1:colcon.colcon_core.package_identification:_identify(SAC_Penalized/inference_results) by extensions ['colcon_pkg']
[0.491s] Level 1:colcon.colcon_core.package_identification:_identify(SAC_Penalized/inference_results) by extension 'colcon_pkg'
[0.491s] Level 1:colcon.colcon_core.package_identification:_identify(SAC_Penalized/inference_results) by extensions ['colcon_meta']
[0.491s] Level 1:colcon.colcon_core.package_identification:_identify(SAC_Penalized/inference_results) by extension 'colcon_meta'
[0.491s] Level 1:colcon.colcon_core.package_identification:_identify(SAC_Penalized/inference_results) by extensions ['ros']
[0.491s] Level 1:colcon.colcon_core.package_identification:_identify(SAC_Penalized/inference_results) by extension 'ros'
[0.492s] Level 1:colcon.colcon_core.package_identification:_identify(SAC_Penalized/inference_results) by extensions ['cmake', 'python']
[0.492s] Level 1:colcon.colcon_core.package_identification:_identify(SAC_Penalized/inference_results) by extension 'cmake'
[0.492s] Level 1:colcon.colcon_core.package_identification:_identify(SAC_Penalized/inference_results) by extension 'python'
[0.492s] Level 1:colcon.colcon_core.package_identification:_identify(SAC_Penalized/inference_results) by extensions ['python_setup_py']
[0.492s] Level 1:colcon.colcon_core.package_identification:_identify(SAC_Penalized/inference_results) by extension 'python_setup_py'
[0.492s] Level 1:colcon.colcon_core.package_identification:_identify(SAC_Penalized/log) by extensions ['ignore', 'ignore_ament_install']
[0.492s] Level 1:colcon.colcon_core.package_identification:_identify(SAC_Penalized/log) by extension 'ignore'
[0.492s] Level 1:colcon.colcon_core.package_identification:_identify(SAC_Penalized/log) by extension 'ignore_ament_install'
[0.492s] Level 1:colcon.colcon_core.package_identification:_identify(SAC_Penalized/log) by extensions ['colcon_pkg']
[0.492s] Level 1:colcon.colcon_core.package_identification:_identify(SAC_Penalized/log) by extension 'colcon_pkg'
[0.492s] Level 1:colcon.colcon_core.package_identification:_identify(SAC_Penalized/log) by extensions ['colcon_meta']
[0.492s] Level 1:colcon.colcon_core.package_identification:_identify(SAC_Penalized/log) by extension 'colcon_meta'
[0.492s] Level 1:colcon.colcon_core.package_identification:_identify(SAC_Penalized/log) by extensions ['ros']
[0.492s] Level 1:colcon.colcon_core.package_identification:_identify(SAC_Penalized/log) by extension 'ros'
[0.492s] Level 1:colcon.colcon_core.package_identification:_identify(SAC_Penalized/log) by extensions ['cmake', 'python']
[0.492s] Level 1:colcon.colcon_core.package_identification:_identify(SAC_Penalized/log) by extension 'cmake'
[0.492s] Level 1:colcon.colcon_core.package_identification:_identify(SAC_Penalized/log) by extension 'python'
[0.492s] Level 1:colcon.colcon_core.package_identification:_identify(SAC_Penalized/log) by extensions ['python_setup_py']
[0.492s] Level 1:colcon.colcon_core.package_identification:_identify(SAC_Penalized/log) by extension 'python_setup_py'
[0.492s] Level 1:colcon.colcon_core.package_identification:_identify(SAC_Penalized/log/run_1) by extensions ['ignore', 'ignore_ament_install']
[0.492s] Level 1:colcon.colcon_core.package_identification:_identify(SAC_Penalized/log/run_1) by extension 'ignore'
[0.492s] Level 1:colcon.colcon_core.package_identification:_identify(SAC_Penalized/log/run_1) by extension 'ignore_ament_install'
[0.492s] Level 1:colcon.colcon_core.package_identification:_identify(SAC_Penalized/log/run_1) by extensions ['colcon_pkg']
[0.492s] Level 1:colcon.colcon_core.package_identification:_identify(SAC_Penalized/log/run_1) by extension 'colcon_pkg'
[0.492s] Level 1:colcon.colcon_core.package_identification:_identify(SAC_Penalized/log/run_1) by extensions ['colcon_meta']
[0.492s] Level 1:colcon.colcon_core.package_identification:_identify(SAC_Penalized/log/run_1) by extension 'colcon_meta'
[0.492s] Level 1:colcon.colcon_core.package_identification:_identify(SAC_Penalized/log/run_1) by extensions ['ros']
[0.492s] Level 1:colcon.colcon_core.package_identification:_identify(SAC_Penalized/log/run_1) by extension 'ros'
[0.492s] Level 1:colcon.colcon_core.package_identification:_identify(SAC_Penalized/log/run_1) by extensions ['cmake', 'python']
[0.492s] Level 1:colcon.colcon_core.package_identification:_identify(SAC_Penalized/log/run_1) by extension 'cmake'
[0.492s] Level 1:colcon.colcon_core.package_identification:_identify(SAC_Penalized/log/run_1) by extension 'python'
[0.492s] Level 1:colcon.colcon_core.package_identification:_identify(SAC_Penalized/log/run_1) by extensions ['python_setup_py']
[0.492s] Level 1:colcon.colcon_core.package_identification:_identify(SAC_Penalized/log/run_1) by extension 'python_setup_py'
[0.493s] Level 1:colcon.colcon_core.package_identification:_identify(SAC_Penalized/log/run_1/best_model) by extensions ['ignore', 'ignore_ament_install']
[0.493s] Level 1:colcon.colcon_core.package_identification:_identify(SAC_Penalized/log/run_1/best_model) by extension 'ignore'
[0.493s] Level 1:colcon.colcon_core.package_identification:_identify(SAC_Penalized/log/run_1/best_model) by extension 'ignore_ament_install'
[0.493s] Level 1:colcon.colcon_core.package_identification:_identify(SAC_Penalized/log/run_1/best_model) by extensions ['colcon_pkg']
[0.493s] Level 1:colcon.colcon_core.package_identification:_identify(SAC_Penalized/log/run_1/best_model) by extension 'colcon_pkg'
[0.493s] Level 1:colcon.colcon_core.package_identification:_identify(SAC_Penalized/log/run_1/best_model) by extensions ['colcon_meta']
[0.493s] Level 1:colcon.colcon_core.package_identification:_identify(SAC_Penalized/log/run_1/best_model) by extension 'colcon_meta'
[0.493s] Level 1:colcon.colcon_core.package_identification:_identify(SAC_Penalized/log/run_1/best_model) by extensions ['ros']
[0.493s] Level 1:colcon.colcon_core.package_identification:_identify(SAC_Penalized/log/run_1/best_model) by extension 'ros'
[0.493s] Level 1:colcon.colcon_core.package_identification:_identify(SAC_Penalized/log/run_1/best_model) by extensions ['cmake', 'python']
[0.493s] Level 1:colcon.colcon_core.package_identification:_identify(SAC_Penalized/log/run_1/best_model) by extension 'cmake'
[0.493s] Level 1:colcon.colcon_core.package_identification:_identify(SAC_Penalized/log/run_1/best_model) by extension 'python'
[0.493s] Level 1:colcon.colcon_core.package_identification:_identify(SAC_Penalized/log/run_1/best_model) by extensions ['python_setup_py']
[0.493s] Level 1:colcon.colcon_core.package_identification:_identify(SAC_Penalized/log/run_1/best_model) by extension 'python_setup_py'
[0.493s] Level 1:colcon.colcon_core.package_identification:_identify(SAC_Penalized/log/run_1/tb) by extensions ['ignore', 'ignore_ament_install']
[0.493s] Level 1:colcon.colcon_core.package_identification:_identify(SAC_Penalized/log/run_1/tb) by extension 'ignore'
[0.493s] Level 1:colcon.colcon_core.package_identification:_identify(SAC_Penalized/log/run_1/tb) by extension 'ignore_ament_install'
[0.493s] Level 1:colcon.colcon_core.package_identification:_identify(SAC_Penalized/log/run_1/tb) by extensions ['colcon_pkg']
[0.493s] Level 1:colcon.colcon_core.package_identification:_identify(SAC_Penalized/log/run_1/tb) by extension 'colcon_pkg'
[0.493s] Level 1:colcon.colcon_core.package_identification:_identify(SAC_Penalized/log/run_1/tb) by extensions ['colcon_meta']
[0.493s] Level 1:colcon.colcon_core.package_identification:_identify(SAC_Penalized/log/run_1/tb) by extension 'colcon_meta'
[0.493s] Level 1:colcon.colcon_core.package_identification:_identify(SAC_Penalized/log/run_1/tb) by extensions ['ros']
[0.493s] Level 1:colcon.colcon_core.package_identification:_identify(SAC_Penalized/log/run_1/tb) by extension 'ros'
[0.493s] Level 1:colcon.colcon_core.package_identification:_identify(SAC_Penalized/log/run_1/tb) by extensions ['cmake', 'python']
[0.493s] Level 1:colcon.colcon_core.package_identification:_identify(SAC_Penalized/log/run_1/tb) by extension 'cmake'
[0.493s] Level 1:colcon.colcon_core.package_identification:_identify(SAC_Penalized/log/run_1/tb) by extension 'python'
[0.493s] Level 1:colcon.colcon_core.package_identification:_identify(SAC_Penalized/log/run_1/tb) by extensions ['python_setup_py']
[0.493s] Level 1:colcon.colcon_core.package_identification:_identify(SAC_Penalized/log/run_1/tb) by extension 'python_setup_py'
[0.493s] Level 1:colcon.colcon_core.package_identification:_identify(SAC_Penalized/log/run_1/tb/run_1) by extensions ['ignore', 'ignore_ament_install']
[0.493s] Level 1:colcon.colcon_core.package_identification:_identify(SAC_Penalized/log/run_1/tb/run_1) by extension 'ignore'
[0.494s] Level 1:colcon.colcon_core.package_identification:_identify(SAC_Penalized/log/run_1/tb/run_1) by extension 'ignore_ament_install'
[0.494s] Level 1:colcon.colcon_core.package_identification:_identify(SAC_Penalized/log/run_1/tb/run_1) by extensions ['colcon_pkg']
[0.494s] Level 1:colcon.colcon_core.package_identification:_identify(SAC_Penalized/log/run_1/tb/run_1) by extension 'colcon_pkg'
[0.494s] Level 1:colcon.colcon_core.package_identification:_identify(SAC_Penalized/log/run_1/tb/run_1) by extensions ['colcon_meta']
[0.494s] Level 1:colcon.colcon_core.package_identification:_identify(SAC_Penalized/log/run_1/tb/run_1) by extension 'colcon_meta'
[0.494s] Level 1:colcon.colcon_core.package_identification:_identify(SAC_Penalized/log/run_1/tb/run_1) by extensions ['ros']
[0.494s] Level 1:colcon.colcon_core.package_identification:_identify(SAC_Penalized/log/run_1/tb/run_1) by extension 'ros'
[0.494s] Level 1:colcon.colcon_core.package_identification:_identify(SAC_Penalized/log/run_1/tb/run_1) by extensions ['cmake', 'python']
[0.494s] Level 1:colcon.colcon_core.package_identification:_identify(SAC_Penalized/log/run_1/tb/run_1) by extension 'cmake'
[0.494s] Level 1:colcon.colcon_core.package_identification:_identify(SAC_Penalized/log/run_1/tb/run_1) by extension 'python'
[0.494s] Level 1:colcon.colcon_core.package_identification:_identify(SAC_Penalized/log/run_1/tb/run_1) by extensions ['python_setup_py']
[0.494s] Level 1:colcon.colcon_core.package_identification:_identify(SAC_Penalized/log/run_1/tb/run_1) by extension 'python_setup_py'
[0.494s] Level 1:colcon.colcon_core.package_identification:_identify(SAC_Sparse_HER) by extensions ['ignore', 'ignore_ament_install']
[0.494s] Level 1:colcon.colcon_core.package_identification:_identify(SAC_Sparse_HER) by extension 'ignore'
[0.494s] Level 1:colcon.colcon_core.package_identification:_identify(SAC_Sparse_HER) by extension 'ignore_ament_install'
[0.494s] Level 1:colcon.colcon_core.package_identification:_identify(SAC_Sparse_HER) by extensions ['colcon_pkg']
[0.494s] Level 1:colcon.colcon_core.package_identification:_identify(SAC_Sparse_HER) by extension 'colcon_pkg'
[0.494s] Level 1:colcon.colcon_core.package_identification:_identify(SAC_Sparse_HER) by extensions ['colcon_meta']
[0.494s] Level 1:colcon.colcon_core.package_identification:_identify(SAC_Sparse_HER) by extension 'colcon_meta'
[0.494s] Level 1:colcon.colcon_core.package_identification:_identify(SAC_Sparse_HER) by extensions ['ros']
[0.494s] Level 1:colcon.colcon_core.package_identification:_identify(SAC_Sparse_HER) by extension 'ros'
[0.494s] Level 1:colcon.colcon_core.package_identification:_identify(SAC_Sparse_HER) by extensions ['cmake', 'python']
[0.494s] Level 1:colcon.colcon_core.package_identification:_identify(SAC_Sparse_HER) by extension 'cmake'
[0.494s] Level 1:colcon.colcon_core.package_identification:_identify(SAC_Sparse_HER) by extension 'python'
[0.494s] Level 1:colcon.colcon_core.package_identification:_identify(SAC_Sparse_HER) by extensions ['python_setup_py']
[0.494s] Level 1:colcon.colcon_core.package_identification:_identify(SAC_Sparse_HER) by extension 'python_setup_py'
[0.494s] Level 1:colcon.colcon_core.package_identification:_identify(SAC_Sparse_HER/__pycache__) by extensions ['ignore', 'ignore_ament_install']
[0.495s] Level 1:colcon.colcon_core.package_identification:_identify(SAC_Sparse_HER/__pycache__) by extension 'ignore'
[0.495s] Level 1:colcon.colcon_core.package_identification:_identify(SAC_Sparse_HER/__pycache__) by extension 'ignore_ament_install'
[0.495s] Level 1:colcon.colcon_core.package_identification:_identify(SAC_Sparse_HER/__pycache__) by extensions ['colcon_pkg']
[0.495s] Level 1:colcon.colcon_core.package_identification:_identify(SAC_Sparse_HER/__pycache__) by extension 'colcon_pkg'
[0.495s] Level 1:colcon.colcon_core.package_identification:_identify(SAC_Sparse_HER/__pycache__) by extensions ['colcon_meta']
[0.495s] Level 1:colcon.colcon_core.package_identification:_identify(SAC_Sparse_HER/__pycache__) by extension 'colcon_meta'
[0.495s] Level 1:colcon.colcon_core.package_identification:_identify(SAC_Sparse_HER/__pycache__) by extensions ['ros']
[0.495s] Level 1:colcon.colcon_core.package_identification:_identify(SAC_Sparse_HER/__pycache__) by extension 'ros'
[0.495s] Level 1:colcon.colcon_core.package_identification:_identify(SAC_Sparse_HER/__pycache__) by extensions ['cmake', 'python']
[0.495s] Level 1:colcon.colcon_core.package_identification:_identify(SAC_Sparse_HER/__pycache__) by extension 'cmake'
[0.495s] Level 1:colcon.colcon_core.package_identification:_identify(SAC_Sparse_HER/__pycache__) by extension 'python'
[0.495s] Level 1:colcon.colcon_core.package_identification:_identify(SAC_Sparse_HER/__pycache__) by extensions ['python_setup_py']
[0.495s] Level 1:colcon.colcon_core.package_identification:_identify(SAC_Sparse_HER/__pycache__) by extension 'python_setup_py'
[0.495s] Level 1:colcon.colcon_core.package_identification:_identify(SAC_Sparse_HER/inference_results) by extensions ['ignore', 'ignore_ament_install']
[0.495s] Level 1:colcon.colcon_core.package_identification:_identify(SAC_Sparse_HER/inference_results) by extension 'ignore'
[0.495s] Level 1:colcon.colcon_core.package_identification:_identify(SAC_Sparse_HER/inference_results) by extension 'ignore_ament_install'
[0.495s] Level 1:colcon.colcon_core.package_identification:_identify(SAC_Sparse_HER/inference_results) by extensions ['colcon_pkg']
[0.495s] Level 1:colcon.colcon_core.package_identification:_identify(SAC_Sparse_HER/inference_results) by extension 'colcon_pkg'
[0.495s] Level 1:colcon.colcon_core.package_identification:_identify(SAC_Sparse_HER/inference_results) by extensions ['colcon_meta']
[0.495s] Level 1:colcon.colcon_core.package_identification:_identify(SAC_Sparse_HER/inference_results) by extension 'colcon_meta'
[0.495s] Level 1:colcon.colcon_core.package_identification:_identify(SAC_Sparse_HER/inference_results) by extensions ['ros']
[0.495s] Level 1:colcon.colcon_core.package_identification:_identify(SAC_Sparse_HER/inference_results) by extension 'ros'
[0.495s] Level 1:colcon.colcon_core.package_identification:_identify(SAC_Sparse_HER/inference_results) by extensions ['cmake', 'python']
[0.495s] Level 1:colcon.colcon_core.package_identification:_identify(SAC_Sparse_HER/inference_results) by extension 'cmake'
[0.495s] Level 1:colcon.colcon_core.package_identification:_identify(SAC_Sparse_HER/inference_results) by extension 'python'
[0.495s] Level 1:colcon.colcon_core.package_identification:_identify(SAC_Sparse_HER/inference_results) by extensions ['python_setup_py']
[0.495s] Level 1:colcon.colcon_core.package_identification:_identify(SAC_Sparse_HER/inference_results) by extension 'python_setup_py'
[0.495s] Level 1:colcon.colcon_core.package_identification:_identify(SAC_Sparse_HER/log) by extensions ['ignore', 'ignore_ament_install']
[0.496s] Level 1:colcon.colcon_core.package_identification:_identify(SAC_Sparse_HER/log) by extension 'ignore'
[0.496s] Level 1:colcon.colcon_core.package_identification:_identify(SAC_Sparse_HER/log) by extension 'ignore_ament_install'
[0.496s] Level 1:colcon.colcon_core.package_identification:_identify(SAC_Sparse_HER/log) by extensions ['colcon_pkg']
[0.496s] Level 1:colcon.colcon_core.package_identification:_identify(SAC_Sparse_HER/log) by extension 'colcon_pkg'
[0.496s] Level 1:colcon.colcon_core.package_identification:_identify(SAC_Sparse_HER/log) by extensions ['colcon_meta']
[0.496s] Level 1:colcon.colcon_core.package_identification:_identify(SAC_Sparse_HER/log) by extension 'colcon_meta'
[0.496s] Level 1:colcon.colcon_core.package_identification:_identify(SAC_Sparse_HER/log) by extensions ['ros']
[0.496s] Level 1:colcon.colcon_core.package_identification:_identify(SAC_Sparse_HER/log) by extension 'ros'
[0.496s] Level 1:colcon.colcon_core.package_identification:_identify(SAC_Sparse_HER/log) by extensions ['cmake', 'python']
[0.496s] Level 1:colcon.colcon_core.package_identification:_identify(SAC_Sparse_HER/log) by extension 'cmake'
[0.496s] Level 1:colcon.colcon_core.package_identification:_identify(SAC_Sparse_HER/log) by extension 'python'
[0.496s] Level 1:colcon.colcon_core.package_identification:_identify(SAC_Sparse_HER/log) by extensions ['python_setup_py']
[0.496s] Level 1:colcon.colcon_core.package_identification:_identify(SAC_Sparse_HER/log) by extension 'python_setup_py'
[0.496s] Level 1:colcon.colcon_core.package_identification:_identify(SAC_Sparse_HER/log/run_1) by extensions ['ignore', 'ignore_ament_install']
[0.496s] Level 1:colcon.colcon_core.package_identification:_identify(SAC_Sparse_HER/log/run_1) by extension 'ignore'
[0.496s] Level 1:colcon.colcon_core.package_identification:_identify(SAC_Sparse_HER/log/run_1) by extension 'ignore_ament_install'
[0.496s] Level 1:colcon.colcon_core.package_identification:_identify(SAC_Sparse_HER/log/run_1) by extensions ['colcon_pkg']
[0.496s] Level 1:colcon.colcon_core.package_identification:_identify(SAC_Sparse_HER/log/run_1) by extension 'colcon_pkg'
[0.496s] Level 1:colcon.colcon_core.package_identification:_identify(SAC_Sparse_HER/log/run_1) by extensions ['colcon_meta']
[0.496s] Level 1:colcon.colcon_core.package_identification:_identify(SAC_Sparse_HER/log/run_1) by extension 'colcon_meta'
[0.496s] Level 1:colcon.colcon_core.package_identification:_identify(SAC_Sparse_HER/log/run_1) by extensions ['ros']
[0.496s] Level 1:colcon.colcon_core.package_identification:_identify(SAC_Sparse_HER/log/run_1) by extension 'ros'
[0.496s] Level 1:colcon.colcon_core.package_identification:_identify(SAC_Sparse_HER/log/run_1) by extensions ['cmake', 'python']
[0.496s] Level 1:colcon.colcon_core.package_identification:_identify(SAC_Sparse_HER/log/run_1) by extension 'cmake'
[0.496s] Level 1:colcon.colcon_core.package_identification:_identify(SAC_Sparse_HER/log/run_1) by extension 'python'
[0.496s] Level 1:colcon.colcon_core.package_identification:_identify(SAC_Sparse_HER/log/run_1) by extensions ['python_setup_py']
[0.496s] Level 1:colcon.colcon_core.package_identification:_identify(SAC_Sparse_HER/log/run_1) by extension 'python_setup_py'
[0.497s] Level 1:colcon.colcon_core.package_identification:_identify(SAC_Sparse_HER/log/run_1/best_model) by extensions ['ignore', 'ignore_ament_install']
[0.497s] Level 1:colcon.colcon_core.package_identification:_identify(SAC_Sparse_HER/log/run_1/best_model) by extension 'ignore'
[0.497s] Level 1:colcon.colcon_core.package_identification:_identify(SAC_Sparse_HER/log/run_1/best_model) by extension 'ignore_ament_install'
[0.497s] Level 1:colcon.colcon_core.package_identification:_identify(SAC_Sparse_HER/log/run_1/best_model) by extensions ['colcon_pkg']
[0.497s] Level 1:colcon.colcon_core.package_identification:_identify(SAC_Sparse_HER/log/run_1/best_model) by extension 'colcon_pkg'
[0.497s] Level 1:colcon.colcon_core.package_identification:_identify(SAC_Sparse_HER/log/run_1/best_model) by extensions ['colcon_meta']
[0.497s] Level 1:colcon.colcon_core.package_identification:_identify(SAC_Sparse_HER/log/run_1/best_model) by extension 'colcon_meta'
[0.497s] Level 1:colcon.colcon_core.package_identification:_identify(SAC_Sparse_HER/log/run_1/best_model) by extensions ['ros']
[0.497s] Level 1:colcon.colcon_core.package_identification:_identify(SAC_Sparse_HER/log/run_1/best_model) by extension 'ros'
[0.497s] Level 1:colcon.colcon_core.package_identification:_identify(SAC_Sparse_HER/log/run_1/best_model) by extensions ['cmake', 'python']
[0.497s] Level 1:colcon.colcon_core.package_identification:_identify(SAC_Sparse_HER/log/run_1/best_model) by extension 'cmake'
[0.497s] Level 1:colcon.colcon_core.package_identification:_identify(SAC_Sparse_HER/log/run_1/best_model) by extension 'python'
[0.497s] Level 1:colcon.colcon_core.package_identification:_identify(SAC_Sparse_HER/log/run_1/best_model) by extensions ['python_setup_py']
[0.497s] Level 1:colcon.colcon_core.package_identification:_identify(SAC_Sparse_HER/log/run_1/best_model) by extension 'python_setup_py'
[0.497s] Level 1:colcon.colcon_core.package_identification:_identify(SAC_Sparse_HER/log/run_1/tb) by extensions ['ignore', 'ignore_ament_install']
[0.497s] Level 1:colcon.colcon_core.package_identification:_identify(SAC_Sparse_HER/log/run_1/tb) by extension 'ignore'
[0.497s] Level 1:colcon.colcon_core.package_identification:_identify(SAC_Sparse_HER/log/run_1/tb) by extension 'ignore_ament_install'
[0.497s] Level 1:colcon.colcon_core.package_identification:_identify(SAC_Sparse_HER/log/run_1/tb) by extensions ['colcon_pkg']
[0.497s] Level 1:colcon.colcon_core.package_identification:_identify(SAC_Sparse_HER/log/run_1/tb) by extension 'colcon_pkg'
[0.497s] Level 1:colcon.colcon_core.package_identification:_identify(SAC_Sparse_HER/log/run_1/tb) by extensions ['colcon_meta']
[0.497s] Level 1:colcon.colcon_core.package_identification:_identify(SAC_Sparse_HER/log/run_1/tb) by extension 'colcon_meta'
[0.497s] Level 1:colcon.colcon_core.package_identification:_identify(SAC_Sparse_HER/log/run_1/tb) by extensions ['ros']
[0.497s] Level 1:colcon.colcon_core.package_identification:_identify(SAC_Sparse_HER/log/run_1/tb) by extension 'ros'
[0.497s] Level 1:colcon.colcon_core.package_identification:_identify(SAC_Sparse_HER/log/run_1/tb) by extensions ['cmake', 'python']
[0.497s] Level 1:colcon.colcon_core.package_identification:_identify(SAC_Sparse_HER/log/run_1/tb) by extension 'cmake'
[0.497s] Level 1:colcon.colcon_core.package_identification:_identify(SAC_Sparse_HER/log/run_1/tb) by extension 'python'
[0.497s] Level 1:colcon.colcon_core.package_identification:_identify(SAC_Sparse_HER/log/run_1/tb) by extensions ['python_setup_py']
[0.497s] Level 1:colcon.colcon_core.package_identification:_identify(SAC_Sparse_HER/log/run_1/tb) by extension 'python_setup_py'
[0.498s] Level 1:colcon.colcon_core.package_identification:_identify(SAC_Sparse_HER/log/run_1/tb/run_1) by extensions ['ignore', 'ignore_ament_install']
[0.498s] Level 1:colcon.colcon_core.package_identification:_identify(SAC_Sparse_HER/log/run_1/tb/run_1) by extension 'ignore'
[0.498s] Level 1:colcon.colcon_core.package_identification:_identify(SAC_Sparse_HER/log/run_1/tb/run_1) by extension 'ignore_ament_install'
[0.498s] Level 1:colcon.colcon_core.package_identification:_identify(SAC_Sparse_HER/log/run_1/tb/run_1) by extensions ['colcon_pkg']
[0.498s] Level 1:colcon.colcon_core.package_identification:_identify(SAC_Sparse_HER/log/run_1/tb/run_1) by extension 'colcon_pkg'
[0.498s] Level 1:colcon.colcon_core.package_identification:_identify(SAC_Sparse_HER/log/run_1/tb/run_1) by extensions ['colcon_meta']
[0.498s] Level 1:colcon.colcon_core.package_identification:_identify(SAC_Sparse_HER/log/run_1/tb/run_1) by extension 'colcon_meta'
[0.498s] Level 1:colcon.colcon_core.package_identification:_identify(SAC_Sparse_HER/log/run_1/tb/run_1) by extensions ['ros']
[0.498s] Level 1:colcon.colcon_core.package_identification:_identify(SAC_Sparse_HER/log/run_1/tb/run_1) by extension 'ros'
[0.498s] Level 1:colcon.colcon_core.package_identification:_identify(SAC_Sparse_HER/log/run_1/tb/run_1) by extensions ['cmake', 'python']
[0.498s] Level 1:colcon.colcon_core.package_identification:_identify(SAC_Sparse_HER/log/run_1/tb/run_1) by extension 'cmake'
[0.498s] Level 1:colcon.colcon_core.package_identification:_identify(SAC_Sparse_HER/log/run_1/tb/run_1) by extension 'python'
[0.498s] Level 1:colcon.colcon_core.package_identification:_identify(SAC_Sparse_HER/log/run_1/tb/run_1) by extensions ['python_setup_py']
[0.498s] Level 1:colcon.colcon_core.package_identification:_identify(SAC_Sparse_HER/log/run_1/tb/run_1) by extension 'python_setup_py'
[0.498s] Level 1:colcon.colcon_core.package_identification:_identify(SAC_Sparse_HER/log/run_2) by extensions ['ignore', 'ignore_ament_install']
[0.498s] Level 1:colcon.colcon_core.package_identification:_identify(SAC_Sparse_HER/log/run_2) by extension 'ignore'
[0.498s] Level 1:colcon.colcon_core.package_identification:_identify(SAC_Sparse_HER/log/run_2) by extension 'ignore_ament_install'
[0.498s] Level 1:colcon.colcon_core.package_identification:_identify(SAC_Sparse_HER/log/run_2) by extensions ['colcon_pkg']
[0.498s] Level 1:colcon.colcon_core.package_identification:_identify(SAC_Sparse_HER/log/run_2) by extension 'colcon_pkg'
[0.498s] Level 1:colcon.colcon_core.package_identification:_identify(SAC_Sparse_HER/log/run_2) by extensions ['colcon_meta']
[0.498s] Level 1:colcon.colcon_core.package_identification:_identify(SAC_Sparse_HER/log/run_2) by extension 'colcon_meta'
[0.498s] Level 1:colcon.colcon_core.package_identification:_identify(SAC_Sparse_HER/log/run_2) by extensions ['ros']
[0.498s] Level 1:colcon.colcon_core.package_identification:_identify(SAC_Sparse_HER/log/run_2) by extension 'ros'
[0.498s] Level 1:colcon.colcon_core.package_identification:_identify(SAC_Sparse_HER/log/run_2) by extensions ['cmake', 'python']
[0.498s] Level 1:colcon.colcon_core.package_identification:_identify(SAC_Sparse_HER/log/run_2) by extension 'cmake'
[0.498s] Level 1:colcon.colcon_core.package_identification:_identify(SAC_Sparse_HER/log/run_2) by extension 'python'
[0.498s] Level 1:colcon.colcon_core.package_identification:_identify(SAC_Sparse_HER/log/run_2) by extensions ['python_setup_py']
[0.498s] Level 1:colcon.colcon_core.package_identification:_identify(SAC_Sparse_HER/log/run_2) by extension 'python_setup_py'
[0.499s] Level 1:colcon.colcon_core.package_identification:_identify(SAC_Sparse_HER/log/run_2/tb) by extensions ['ignore', 'ignore_ament_install']
[0.499s] Level 1:colcon.colcon_core.package_identification:_identify(SAC_Sparse_HER/log/run_2/tb) by extension 'ignore'
[0.499s] Level 1:colcon.colcon_core.package_identification:_identify(SAC_Sparse_HER/log/run_2/tb) by extension 'ignore_ament_install'
[0.499s] Level 1:colcon.colcon_core.package_identification:_identify(SAC_Sparse_HER/log/run_2/tb) by extensions ['colcon_pkg']
[0.499s] Level 1:colcon.colcon_core.package_identification:_identify(SAC_Sparse_HER/log/run_2/tb) by extension 'colcon_pkg'
[0.499s] Level 1:colcon.colcon_core.package_identification:_identify(SAC_Sparse_HER/log/run_2/tb) by extensions ['colcon_meta']
[0.499s] Level 1:colcon.colcon_core.package_identification:_identify(SAC_Sparse_HER/log/run_2/tb) by extension 'colcon_meta'
[0.499s] Level 1:colcon.colcon_core.package_identification:_identify(SAC_Sparse_HER/log/run_2/tb) by extensions ['ros']
[0.499s] Level 1:colcon.colcon_core.package_identification:_identify(SAC_Sparse_HER/log/run_2/tb) by extension 'ros'
[0.499s] Level 1:colcon.colcon_core.package_identification:_identify(SAC_Sparse_HER/log/run_2/tb) by extensions ['cmake', 'python']
[0.499s] Level 1:colcon.colcon_core.package_identification:_identify(SAC_Sparse_HER/log/run_2/tb) by extension 'cmake'
[0.499s] Level 1:colcon.colcon_core.package_identification:_identify(SAC_Sparse_HER/log/run_2/tb) by extension 'python'
[0.499s] Level 1:colcon.colcon_core.package_identification:_identify(SAC_Sparse_HER/log/run_2/tb) by extensions ['python_setup_py']
[0.499s] Level 1:colcon.colcon_core.package_identification:_identify(SAC_Sparse_HER/log/run_2/tb) by extension 'python_setup_py'
[0.499s] Level 1:colcon.colcon_core.package_identification:_identify(SAC_Sparse_HER/log/run_2/tb/run_1) by extensions ['ignore', 'ignore_ament_install']
[0.499s] Level 1:colcon.colcon_core.package_identification:_identify(SAC_Sparse_HER/log/run_2/tb/run_1) by extension 'ignore'
[0.499s] Level 1:colcon.colcon_core.package_identification:_identify(SAC_Sparse_HER/log/run_2/tb/run_1) by extension 'ignore_ament_install'
[0.499s] Level 1:colcon.colcon_core.package_identification:_identify(SAC_Sparse_HER/log/run_2/tb/run_1) by extensions ['colcon_pkg']
[0.499s] Level 1:colcon.colcon_core.package_identification:_identify(SAC_Sparse_HER/log/run_2/tb/run_1) by extension 'colcon_pkg'
[0.499s] Level 1:colcon.colcon_core.package_identification:_identify(SAC_Sparse_HER/log/run_2/tb/run_1) by extensions ['colcon_meta']
[0.499s] Level 1:colcon.colcon_core.package_identification:_identify(SAC_Sparse_HER/log/run_2/tb/run_1) by extension 'colcon_meta'
[0.499s] Level 1:colcon.colcon_core.package_identification:_identify(SAC_Sparse_HER/log/run_2/tb/run_1) by extensions ['ros']
[0.499s] Level 1:colcon.colcon_core.package_identification:_identify(SAC_Sparse_HER/log/run_2/tb/run_1) by extension 'ros'
[0.499s] Level 1:colcon.colcon_core.package_identification:_identify(SAC_Sparse_HER/log/run_2/tb/run_1) by extensions ['cmake', 'python']
[0.499s] Level 1:colcon.colcon_core.package_identification:_identify(SAC_Sparse_HER/log/run_2/tb/run_1) by extension 'cmake'
[0.499s] Level 1:colcon.colcon_core.package_identification:_identify(SAC_Sparse_HER/log/run_2/tb/run_1) by extension 'python'
[0.499s] Level 1:colcon.colcon_core.package_identification:_identify(SAC_Sparse_HER/log/run_2/tb/run_1) by extensions ['python_setup_py']
[0.499s] Level 1:colcon.colcon_core.package_identification:_identify(SAC_Sparse_HER/log/run_2/tb/run_1) by extension 'python_setup_py'
[0.500s] Level 1:colcon.colcon_core.package_identification:_identify(SAC_Sparse_HER/log/run_3) by extensions ['ignore', 'ignore_ament_install']
[0.500s] Level 1:colcon.colcon_core.package_identification:_identify(SAC_Sparse_HER/log/run_3) by extension 'ignore'
[0.500s] Level 1:colcon.colcon_core.package_identification:_identify(SAC_Sparse_HER/log/run_3) by extension 'ignore_ament_install'
[0.500s] Level 1:colcon.colcon_core.package_identification:_identify(SAC_Sparse_HER/log/run_3) by extensions ['colcon_pkg']
[0.500s] Level 1:colcon.colcon_core.package_identification:_identify(SAC_Sparse_HER/log/run_3) by extension 'colcon_pkg'
[0.500s] Level 1:colcon.colcon_core.package_identification:_identify(SAC_Sparse_HER/log/run_3) by extensions ['colcon_meta']
[0.500s] Level 1:colcon.colcon_core.package_identification:_identify(SAC_Sparse_HER/log/run_3) by extension 'colcon_meta'
[0.500s] Level 1:colcon.colcon_core.package_identification:_identify(SAC_Sparse_HER/log/run_3) by extensions ['ros']
[0.500s] Level 1:colcon.colcon_core.package_identification:_identify(SAC_Sparse_HER/log/run_3) by extension 'ros'
[0.500s] Level 1:colcon.colcon_core.package_identification:_identify(SAC_Sparse_HER/log/run_3) by extensions ['cmake', 'python']
[0.500s] Level 1:colcon.colcon_core.package_identification:_identify(SAC_Sparse_HER/log/run_3) by extension 'cmake'
[0.500s] Level 1:colcon.colcon_core.package_identification:_identify(SAC_Sparse_HER/log/run_3) by extension 'python'
[0.500s] Level 1:colcon.colcon_core.package_identification:_identify(SAC_Sparse_HER/log/run_3) by extensions ['python_setup_py']
[0.500s] Level 1:colcon.colcon_core.package_identification:_identify(SAC_Sparse_HER/log/run_3) by extension 'python_setup_py'
[0.500s] Level 1:colcon.colcon_core.package_identification:_identify(SAC_Sparse_HER/log/run_3/best_model) by extensions ['ignore', 'ignore_ament_install']
[0.500s] Level 1:colcon.colcon_core.package_identification:_identify(SAC_Sparse_HER/log/run_3/best_model) by extension 'ignore'
[0.500s] Level 1:colcon.colcon_core.package_identification:_identify(SAC_Sparse_HER/log/run_3/best_model) by extension 'ignore_ament_install'
[0.500s] Level 1:colcon.colcon_core.package_identification:_identify(SAC_Sparse_HER/log/run_3/best_model) by extensions ['colcon_pkg']
[0.500s] Level 1:colcon.colcon_core.package_identification:_identify(SAC_Sparse_HER/log/run_3/best_model) by extension 'colcon_pkg'
[0.500s] Level 1:colcon.colcon_core.package_identification:_identify(SAC_Sparse_HER/log/run_3/best_model) by extensions ['colcon_meta']
[0.500s] Level 1:colcon.colcon_core.package_identification:_identify(SAC_Sparse_HER/log/run_3/best_model) by extension 'colcon_meta'
[0.500s] Level 1:colcon.colcon_core.package_identification:_identify(SAC_Sparse_HER/log/run_3/best_model) by extensions ['ros']
[0.500s] Level 1:colcon.colcon_core.package_identification:_identify(SAC_Sparse_HER/log/run_3/best_model) by extension 'ros'
[0.500s] Level 1:colcon.colcon_core.package_identification:_identify(SAC_Sparse_HER/log/run_3/best_model) by extensions ['cmake', 'python']
[0.500s] Level 1:colcon.colcon_core.package_identification:_identify(SAC_Sparse_HER/log/run_3/best_model) by extension 'cmake'
[0.500s] Level 1:colcon.colcon_core.package_identification:_identify(SAC_Sparse_HER/log/run_3/best_model) by extension 'python'
[0.500s] Level 1:colcon.colcon_core.package_identification:_identify(SAC_Sparse_HER/log/run_3/best_model) by extensions ['python_setup_py']
[0.500s] Level 1:colcon.colcon_core.package_identification:_identify(SAC_Sparse_HER/log/run_3/best_model) by extension 'python_setup_py'
[0.501s] Level 1:colcon.colcon_core.package_identification:_identify(SAC_Sparse_HER/log/run_3/tb) by extensions ['ignore', 'ignore_ament_install']
[0.501s] Level 1:colcon.colcon_core.package_identification:_identify(SAC_Sparse_HER/log/run_3/tb) by extension 'ignore'
[0.501s] Level 1:colcon.colcon_core.package_identification:_identify(SAC_Sparse_HER/log/run_3/tb) by extension 'ignore_ament_install'
[0.501s] Level 1:colcon.colcon_core.package_identification:_identify(SAC_Sparse_HER/log/run_3/tb) by extensions ['colcon_pkg']
[0.501s] Level 1:colcon.colcon_core.package_identification:_identify(SAC_Sparse_HER/log/run_3/tb) by extension 'colcon_pkg'
[0.501s] Level 1:colcon.colcon_core.package_identification:_identify(SAC_Sparse_HER/log/run_3/tb) by extensions ['colcon_meta']
[0.501s] Level 1:colcon.colcon_core.package_identification:_identify(SAC_Sparse_HER/log/run_3/tb) by extension 'colcon_meta'
[0.501s] Level 1:colcon.colcon_core.package_identification:_identify(SAC_Sparse_HER/log/run_3/tb) by extensions ['ros']
[0.501s] Level 1:colcon.colcon_core.package_identification:_identify(SAC_Sparse_HER/log/run_3/tb) by extension 'ros'
[0.501s] Level 1:colcon.colcon_core.package_identification:_identify(SAC_Sparse_HER/log/run_3/tb) by extensions ['cmake', 'python']
[0.501s] Level 1:colcon.colcon_core.package_identification:_identify(SAC_Sparse_HER/log/run_3/tb) by extension 'cmake'
[0.501s] Level 1:colcon.colcon_core.package_identification:_identify(SAC_Sparse_HER/log/run_3/tb) by extension 'python'
[0.501s] Level 1:colcon.colcon_core.package_identification:_identify(SAC_Sparse_HER/log/run_3/tb) by extensions ['python_setup_py']
[0.501s] Level 1:colcon.colcon_core.package_identification:_identify(SAC_Sparse_HER/log/run_3/tb) by extension 'python_setup_py'
[0.501s] Level 1:colcon.colcon_core.package_identification:_identify(SAC_Sparse_HER/log/run_3/tb/run_1) by extensions ['ignore', 'ignore_ament_install']
[0.501s] Level 1:colcon.colcon_core.package_identification:_identify(SAC_Sparse_HER/log/run_3/tb/run_1) by extension 'ignore'
[0.501s] Level 1:colcon.colcon_core.package_identification:_identify(SAC_Sparse_HER/log/run_3/tb/run_1) by extension 'ignore_ament_install'
[0.501s] Level 1:colcon.colcon_core.package_identification:_identify(SAC_Sparse_HER/log/run_3/tb/run_1) by extensions ['colcon_pkg']
[0.501s] Level 1:colcon.colcon_core.package_identification:_identify(SAC_Sparse_HER/log/run_3/tb/run_1) by extension 'colcon_pkg'
[0.501s] Level 1:colcon.colcon_core.package_identification:_identify(SAC_Sparse_HER/log/run_3/tb/run_1) by extensions ['colcon_meta']
[0.501s] Level 1:colcon.colcon_core.package_identification:_identify(SAC_Sparse_HER/log/run_3/tb/run_1) by extension 'colcon_meta'
[0.501s] Level 1:colcon.colcon_core.package_identification:_identify(SAC_Sparse_HER/log/run_3/tb/run_1) by extensions ['ros']
[0.501s] Level 1:colcon.colcon_core.package_identification:_identify(SAC_Sparse_HER/log/run_3/tb/run_1) by extension 'ros'
[0.501s] Level 1:colcon.colcon_core.package_identification:_identify(SAC_Sparse_HER/log/run_3/tb/run_1) by extensions ['cmake', 'python']
[0.501s] Level 1:colcon.colcon_core.package_identification:_identify(SAC_Sparse_HER/log/run_3/tb/run_1) by extension 'cmake'
[0.501s] Level 1:colcon.colcon_core.package_identification:_identify(SAC_Sparse_HER/log/run_3/tb/run_1) by extension 'python'
[0.501s] Level 1:colcon.colcon_core.package_identification:_identify(SAC_Sparse_HER/log/run_3/tb/run_1) by extensions ['python_setup_py']
[0.501s] Level 1:colcon.colcon_core.package_identification:_identify(SAC_Sparse_HER/log/run_3/tb/run_1) by extension 'python_setup_py'
[0.502s] Level 1:colcon.colcon_core.package_identification:_identify(SAC_Sparse_HER_Hist) by extensions ['ignore', 'ignore_ament_install']
[0.502s] Level 1:colcon.colcon_core.package_identification:_identify(SAC_Sparse_HER_Hist) by extension 'ignore'
[0.502s] Level 1:colcon.colcon_core.package_identification:_identify(SAC_Sparse_HER_Hist) by extension 'ignore_ament_install'
[0.502s] Level 1:colcon.colcon_core.package_identification:_identify(SAC_Sparse_HER_Hist) by extensions ['colcon_pkg']
[0.502s] Level 1:colcon.colcon_core.package_identification:_identify(SAC_Sparse_HER_Hist) by extension 'colcon_pkg'
[0.502s] Level 1:colcon.colcon_core.package_identification:_identify(SAC_Sparse_HER_Hist) by extensions ['colcon_meta']
[0.502s] Level 1:colcon.colcon_core.package_identification:_identify(SAC_Sparse_HER_Hist) by extension 'colcon_meta'
[0.502s] Level 1:colcon.colcon_core.package_identification:_identify(SAC_Sparse_HER_Hist) by extensions ['ros']
[0.502s] Level 1:colcon.colcon_core.package_identification:_identify(SAC_Sparse_HER_Hist) by extension 'ros'
[0.502s] Level 1:colcon.colcon_core.package_identification:_identify(SAC_Sparse_HER_Hist) by extensions ['cmake', 'python']
[0.502s] Level 1:colcon.colcon_core.package_identification:_identify(SAC_Sparse_HER_Hist) by extension 'cmake'
[0.502s] Level 1:colcon.colcon_core.package_identification:_identify(SAC_Sparse_HER_Hist) by extension 'python'
[0.502s] Level 1:colcon.colcon_core.package_identification:_identify(SAC_Sparse_HER_Hist) by extensions ['python_setup_py']
[0.502s] Level 1:colcon.colcon_core.package_identification:_identify(SAC_Sparse_HER_Hist) by extension 'python_setup_py'
[0.502s] Level 1:colcon.colcon_core.package_identification:_identify(SAC_Sparse_HER_Hist/inference_results) by extensions ['ignore', 'ignore_ament_install']
[0.502s] Level 1:colcon.colcon_core.package_identification:_identify(SAC_Sparse_HER_Hist/inference_results) by extension 'ignore'
[0.502s] Level 1:colcon.colcon_core.package_identification:_identify(SAC_Sparse_HER_Hist/inference_results) by extension 'ignore_ament_install'
[0.502s] Level 1:colcon.colcon_core.package_identification:_identify(SAC_Sparse_HER_Hist/inference_results) by extensions ['colcon_pkg']
[0.502s] Level 1:colcon.colcon_core.package_identification:_identify(SAC_Sparse_HER_Hist/inference_results) by extension 'colcon_pkg'
[0.502s] Level 1:colcon.colcon_core.package_identification:_identify(SAC_Sparse_HER_Hist/inference_results) by extensions ['colcon_meta']
[0.502s] Level 1:colcon.colcon_core.package_identification:_identify(SAC_Sparse_HER_Hist/inference_results) by extension 'colcon_meta'
[0.502s] Level 1:colcon.colcon_core.package_identification:_identify(SAC_Sparse_HER_Hist/inference_results) by extensions ['ros']
[0.502s] Level 1:colcon.colcon_core.package_identification:_identify(SAC_Sparse_HER_Hist/inference_results) by extension 'ros'
[0.502s] Level 1:colcon.colcon_core.package_identification:_identify(SAC_Sparse_HER_Hist/inference_results) by extensions ['cmake', 'python']
[0.502s] Level 1:colcon.colcon_core.package_identification:_identify(SAC_Sparse_HER_Hist/inference_results) by extension 'cmake'
[0.502s] Level 1:colcon.colcon_core.package_identification:_identify(SAC_Sparse_HER_Hist/inference_results) by extension 'python'
[0.502s] Level 1:colcon.colcon_core.package_identification:_identify(SAC_Sparse_HER_Hist/inference_results) by extensions ['python_setup_py']
[0.503s] Level 1:colcon.colcon_core.package_identification:_identify(SAC_Sparse_HER_Hist/inference_results) by extension 'python_setup_py'
[0.503s] Level 1:colcon.colcon_core.package_identification:_identify(SAC_Sparse_HER_Hist/log) by extensions ['ignore', 'ignore_ament_install']
[0.503s] Level 1:colcon.colcon_core.package_identification:_identify(SAC_Sparse_HER_Hist/log) by extension 'ignore'
[0.503s] Level 1:colcon.colcon_core.package_identification:_identify(SAC_Sparse_HER_Hist/log) by extension 'ignore_ament_install'
[0.503s] Level 1:colcon.colcon_core.package_identification:_identify(SAC_Sparse_HER_Hist/log) by extensions ['colcon_pkg']
[0.503s] Level 1:colcon.colcon_core.package_identification:_identify(SAC_Sparse_HER_Hist/log) by extension 'colcon_pkg'
[0.503s] Level 1:colcon.colcon_core.package_identification:_identify(SAC_Sparse_HER_Hist/log) by extensions ['colcon_meta']
[0.503s] Level 1:colcon.colcon_core.package_identification:_identify(SAC_Sparse_HER_Hist/log) by extension 'colcon_meta'
[0.503s] Level 1:colcon.colcon_core.package_identification:_identify(SAC_Sparse_HER_Hist/log) by extensions ['ros']
[0.503s] Level 1:colcon.colcon_core.package_identification:_identify(SAC_Sparse_HER_Hist/log) by extension 'ros'
[0.503s] Level 1:colcon.colcon_core.package_identification:_identify(SAC_Sparse_HER_Hist/log) by extensions ['cmake', 'python']
[0.503s] Level 1:colcon.colcon_core.package_identification:_identify(SAC_Sparse_HER_Hist/log) by extension 'cmake'
[0.503s] Level 1:colcon.colcon_core.package_identification:_identify(SAC_Sparse_HER_Hist/log) by extension 'python'
[0.503s] Level 1:colcon.colcon_core.package_identification:_identify(SAC_Sparse_HER_Hist/log) by extensions ['python_setup_py']
[0.503s] Level 1:colcon.colcon_core.package_identification:_identify(SAC_Sparse_HER_Hist/log) by extension 'python_setup_py'
[0.503s] Level 1:colcon.colcon_core.package_identification:_identify(SAC_Sparse_HER_Hist/log/run_1) by extensions ['ignore', 'ignore_ament_install']
[0.503s] Level 1:colcon.colcon_core.package_identification:_identify(SAC_Sparse_HER_Hist/log/run_1) by extension 'ignore'
[0.503s] Level 1:colcon.colcon_core.package_identification:_identify(SAC_Sparse_HER_Hist/log/run_1) by extension 'ignore_ament_install'
[0.503s] Level 1:colcon.colcon_core.package_identification:_identify(SAC_Sparse_HER_Hist/log/run_1) by extensions ['colcon_pkg']
[0.503s] Level 1:colcon.colcon_core.package_identification:_identify(SAC_Sparse_HER_Hist/log/run_1) by extension 'colcon_pkg'
[0.503s] Level 1:colcon.colcon_core.package_identification:_identify(SAC_Sparse_HER_Hist/log/run_1) by extensions ['colcon_meta']
[0.503s] Level 1:colcon.colcon_core.package_identification:_identify(SAC_Sparse_HER_Hist/log/run_1) by extension 'colcon_meta'
[0.503s] Level 1:colcon.colcon_core.package_identification:_identify(SAC_Sparse_HER_Hist/log/run_1) by extensions ['ros']
[0.503s] Level 1:colcon.colcon_core.package_identification:_identify(SAC_Sparse_HER_Hist/log/run_1) by extension 'ros'
[0.503s] Level 1:colcon.colcon_core.package_identification:_identify(SAC_Sparse_HER_Hist/log/run_1) by extensions ['cmake', 'python']
[0.503s] Level 1:colcon.colcon_core.package_identification:_identify(SAC_Sparse_HER_Hist/log/run_1) by extension 'cmake'
[0.503s] Level 1:colcon.colcon_core.package_identification:_identify(SAC_Sparse_HER_Hist/log/run_1) by extension 'python'
[0.503s] Level 1:colcon.colcon_core.package_identification:_identify(SAC_Sparse_HER_Hist/log/run_1) by extensions ['python_setup_py']
[0.503s] Level 1:colcon.colcon_core.package_identification:_identify(SAC_Sparse_HER_Hist/log/run_1) by extension 'python_setup_py'
[0.503s] Level 1:colcon.colcon_core.package_identification:_identify(SAC_Sparse_HER_Hist/log/run_1/best_model) by extensions ['ignore', 'ignore_ament_install']
[0.503s] Level 1:colcon.colcon_core.package_identification:_identify(SAC_Sparse_HER_Hist/log/run_1/best_model) by extension 'ignore'
[0.503s] Level 1:colcon.colcon_core.package_identification:_identify(SAC_Sparse_HER_Hist/log/run_1/best_model) by extension 'ignore_ament_install'
[0.504s] Level 1:colcon.colcon_core.package_identification:_identify(SAC_Sparse_HER_Hist/log/run_1/best_model) by extensions ['colcon_pkg']
[0.504s] Level 1:colcon.colcon_core.package_identification:_identify(SAC_Sparse_HER_Hist/log/run_1/best_model) by extension 'colcon_pkg'
[0.504s] Level 1:colcon.colcon_core.package_identification:_identify(SAC_Sparse_HER_Hist/log/run_1/best_model) by extensions ['colcon_meta']
[0.504s] Level 1:colcon.colcon_core.package_identification:_identify(SAC_Sparse_HER_Hist/log/run_1/best_model) by extension 'colcon_meta'
[0.504s] Level 1:colcon.colcon_core.package_identification:_identify(SAC_Sparse_HER_Hist/log/run_1/best_model) by extensions ['ros']
[0.504s] Level 1:colcon.colcon_core.package_identification:_identify(SAC_Sparse_HER_Hist/log/run_1/best_model) by extension 'ros'
[0.504s] Level 1:colcon.colcon_core.package_identification:_identify(SAC_Sparse_HER_Hist/log/run_1/best_model) by extensions ['cmake', 'python']
[0.504s] Level 1:colcon.colcon_core.package_identification:_identify(SAC_Sparse_HER_Hist/log/run_1/best_model) by extension 'cmake'
[0.504s] Level 1:colcon.colcon_core.package_identification:_identify(SAC_Sparse_HER_Hist/log/run_1/best_model) by extension 'python'
[0.504s] Level 1:colcon.colcon_core.package_identification:_identify(SAC_Sparse_HER_Hist/log/run_1/best_model) by extensions ['python_setup_py']
[0.504s] Level 1:colcon.colcon_core.package_identification:_identify(SAC_Sparse_HER_Hist/log/run_1/best_model) by extension 'python_setup_py'
[0.504s] Level 1:colcon.colcon_core.package_identification:_identify(SAC_Sparse_HER_Hist/log/run_1/tb) by extensions ['ignore', 'ignore_ament_install']
[0.504s] Level 1:colcon.colcon_core.package_identification:_identify(SAC_Sparse_HER_Hist/log/run_1/tb) by extension 'ignore'
[0.504s] Level 1:colcon.colcon_core.package_identification:_identify(SAC_Sparse_HER_Hist/log/run_1/tb) by extension 'ignore_ament_install'
[0.504s] Level 1:colcon.colcon_core.package_identification:_identify(SAC_Sparse_HER_Hist/log/run_1/tb) by extensions ['colcon_pkg']
[0.504s] Level 1:colcon.colcon_core.package_identification:_identify(SAC_Sparse_HER_Hist/log/run_1/tb) by extension 'colcon_pkg'
[0.504s] Level 1:colcon.colcon_core.package_identification:_identify(SAC_Sparse_HER_Hist/log/run_1/tb) by extensions ['colcon_meta']
[0.504s] Level 1:colcon.colcon_core.package_identification:_identify(SAC_Sparse_HER_Hist/log/run_1/tb) by extension 'colcon_meta'
[0.504s] Level 1:colcon.colcon_core.package_identification:_identify(SAC_Sparse_HER_Hist/log/run_1/tb) by extensions ['ros']
[0.504s] Level 1:colcon.colcon_core.package_identification:_identify(SAC_Sparse_HER_Hist/log/run_1/tb) by extension 'ros'
[0.504s] Level 1:colcon.colcon_core.package_identification:_identify(SAC_Sparse_HER_Hist/log/run_1/tb) by extensions ['cmake', 'python']
[0.504s] Level 1:colcon.colcon_core.package_identification:_identify(SAC_Sparse_HER_Hist/log/run_1/tb) by extension 'cmake'
[0.504s] Level 1:colcon.colcon_core.package_identification:_identify(SAC_Sparse_HER_Hist/log/run_1/tb) by extension 'python'
[0.504s] Level 1:colcon.colcon_core.package_identification:_identify(SAC_Sparse_HER_Hist/log/run_1/tb) by extensions ['python_setup_py']
[0.504s] Level 1:colcon.colcon_core.package_identification:_identify(SAC_Sparse_HER_Hist/log/run_1/tb) by extension 'python_setup_py'
[0.504s] Level 1:colcon.colcon_core.package_identification:_identify(SAC_Sparse_HER_Hist/log/run_1/tb/run_1) by extensions ['ignore', 'ignore_ament_install']
[0.504s] Level 1:colcon.colcon_core.package_identification:_identify(SAC_Sparse_HER_Hist/log/run_1/tb/run_1) by extension 'ignore'
[0.504s] Level 1:colcon.colcon_core.package_identification:_identify(SAC_Sparse_HER_Hist/log/run_1/tb/run_1) by extension 'ignore_ament_install'
[0.504s] Level 1:colcon.colcon_core.package_identification:_identify(SAC_Sparse_HER_Hist/log/run_1/tb/run_1) by extensions ['colcon_pkg']
[0.504s] Level 1:colcon.colcon_core.package_identification:_identify(SAC_Sparse_HER_Hist/log/run_1/tb/run_1) by extension 'colcon_pkg'
[0.504s] Level 1:colcon.colcon_core.package_identification:_identify(SAC_Sparse_HER_Hist/log/run_1/tb/run_1) by extensions ['colcon_meta']
[0.504s] Level 1:colcon.colcon_core.package_identification:_identify(SAC_Sparse_HER_Hist/log/run_1/tb/run_1) by extension 'colcon_meta'
[0.504s] Level 1:colcon.colcon_core.package_identification:_identify(SAC_Sparse_HER_Hist/log/run_1/tb/run_1) by extensions ['ros']
[0.504s] Level 1:colcon.colcon_core.package_identification:_identify(SAC_Sparse_HER_Hist/log/run_1/tb/run_1) by extension 'ros'
[0.505s] Level 1:colcon.colcon_core.package_identification:_identify(SAC_Sparse_HER_Hist/log/run_1/tb/run_1) by extensions ['cmake', 'python']
[0.505s] Level 1:colcon.colcon_core.package_identification:_identify(SAC_Sparse_HER_Hist/log/run_1/tb/run_1) by extension 'cmake'
[0.505s] Level 1:colcon.colcon_core.package_identification:_identify(SAC_Sparse_HER_Hist/log/run_1/tb/run_1) by extension 'python'
[0.505s] Level 1:colcon.colcon_core.package_identification:_identify(SAC_Sparse_HER_Hist/log/run_1/tb/run_1) by extensions ['python_setup_py']
[0.505s] Level 1:colcon.colcon_core.package_identification:_identify(SAC_Sparse_HER_Hist/log/run_1/tb/run_1) by extension 'python_setup_py'
[0.505s] Level 1:colcon.colcon_core.package_identification:_identify(assets) by extensions ['ignore', 'ignore_ament_install']
[0.505s] Level 1:colcon.colcon_core.package_identification:_identify(assets) by extension 'ignore'
[0.505s] Level 1:colcon.colcon_core.package_identification:_identify(assets) by extension 'ignore_ament_install'
[0.505s] Level 1:colcon.colcon_core.package_identification:_identify(assets) by extensions ['colcon_pkg']
[0.505s] Level 1:colcon.colcon_core.package_identification:_identify(assets) by extension 'colcon_pkg'
[0.505s] Level 1:colcon.colcon_core.package_identification:_identify(assets) by extensions ['colcon_meta']
[0.505s] Level 1:colcon.colcon_core.package_identification:_identify(assets) by extension 'colcon_meta'
[0.505s] Level 1:colcon.colcon_core.package_identification:_identify(assets) by extensions ['ros']
[0.505s] Level 1:colcon.colcon_core.package_identification:_identify(assets) by extension 'ros'
[0.505s] Level 1:colcon.colcon_core.package_identification:_identify(assets) by extensions ['cmake', 'python']
[0.505s] Level 1:colcon.colcon_core.package_identification:_identify(assets) by extension 'cmake'
[0.505s] Level 1:colcon.colcon_core.package_identification:_identify(assets) by extension 'python'
[0.505s] Level 1:colcon.colcon_core.package_identification:_identify(assets) by extensions ['python_setup_py']
[0.505s] Level 1:colcon.colcon_core.package_identification:_identify(assets) by extension 'python_setup_py'
[0.505s] Level 1:colcon.colcon_core.package_identification:_identify(assets/bunker) by extensions ['ignore', 'ignore_ament_install']
[0.505s] Level 1:colcon.colcon_core.package_identification:_identify(assets/bunker) by extension 'ignore'
[0.505s] Level 1:colcon.colcon_core.package_identification:_identify(assets/bunker) by extension 'ignore_ament_install'
[0.505s] Level 1:colcon.colcon_core.package_identification:_identify(assets/bunker) by extensions ['colcon_pkg']
[0.505s] Level 1:colcon.colcon_core.package_identification:_identify(assets/bunker) by extension 'colcon_pkg'
[0.505s] Level 1:colcon.colcon_core.package_identification:_identify(assets/bunker) by extensions ['colcon_meta']
[0.505s] Level 1:colcon.colcon_core.package_identification:_identify(assets/bunker) by extension 'colcon_meta'
[0.505s] Level 1:colcon.colcon_core.package_identification:_identify(assets/bunker) by extensions ['ros']
[0.505s] Level 1:colcon.colcon_core.package_identification:_identify(assets/bunker) by extension 'ros'
[0.505s] Level 1:colcon.colcon_core.package_identification:_identify(assets/bunker) by extensions ['cmake', 'python']
[0.505s] Level 1:colcon.colcon_core.package_identification:_identify(assets/bunker) by extension 'cmake'
[0.505s] Level 1:colcon.colcon_core.package_identification:_identify(assets/bunker) by extension 'python'
[0.505s] Level 1:colcon.colcon_core.package_identification:_identify(assets/bunker) by extensions ['python_setup_py']
[0.505s] Level 1:colcon.colcon_core.package_identification:_identify(assets/bunker) by extension 'python_setup_py'
[0.506s] Level 1:colcon.colcon_core.package_identification:_identify(assets/worlds) by extensions ['ignore', 'ignore_ament_install']
[0.506s] Level 1:colcon.colcon_core.package_identification:_identify(assets/worlds) by extension 'ignore'
[0.506s] Level 1:colcon.colcon_core.package_identification:_identify(assets/worlds) by extension 'ignore_ament_install'
[0.506s] Level 1:colcon.colcon_core.package_identification:_identify(assets/worlds) by extensions ['colcon_pkg']
[0.506s] Level 1:colcon.colcon_core.package_identification:_identify(assets/worlds) by extension 'colcon_pkg'
[0.506s] Level 1:colcon.colcon_core.package_identification:_identify(assets/worlds) by extensions ['colcon_meta']
[0.506s] Level 1:colcon.colcon_core.package_identification:_identify(assets/worlds) by extension 'colcon_meta'
[0.506s] Level 1:colcon.colcon_core.package_identification:_identify(assets/worlds) by extensions ['ros']
[0.506s] Level 1:colcon.colcon_core.package_identification:_identify(assets/worlds) by extension 'ros'
[0.506s] Level 1:colcon.colcon_core.package_identification:_identify(assets/worlds) by extensions ['cmake', 'python']
[0.506s] Level 1:colcon.colcon_core.package_identification:_identify(assets/worlds) by extension 'cmake'
[0.506s] Level 1:colcon.colcon_core.package_identification:_identify(assets/worlds) by extension 'python'
[0.506s] Level 1:colcon.colcon_core.package_identification:_identify(assets/worlds) by extensions ['python_setup_py']
[0.506s] Level 1:colcon.colcon_core.package_identification:_identify(assets/worlds) by extension 'python_setup_py'
[0.506s] Level 1:colcon.colcon_core.package_identification:_identify(assets/worlds/test) by extensions ['ignore', 'ignore_ament_install']
[0.506s] Level 1:colcon.colcon_core.package_identification:_identify(assets/worlds/test) by extension 'ignore'
[0.506s] Level 1:colcon.colcon_core.package_identification:_identify(assets/worlds/test) by extension 'ignore_ament_install'
[0.506s] Level 1:colcon.colcon_core.package_identification:_identify(assets/worlds/test) by extensions ['colcon_pkg']
[0.506s] Level 1:colcon.colcon_core.package_identification:_identify(assets/worlds/test) by extension 'colcon_pkg'
[0.506s] Level 1:colcon.colcon_core.package_identification:_identify(assets/worlds/test) by extensions ['colcon_meta']
[0.506s] Level 1:colcon.colcon_core.package_identification:_identify(assets/worlds/test) by extension 'colcon_meta'
[0.506s] Level 1:colcon.colcon_core.package_identification:_identify(assets/worlds/test) by extensions ['ros']
[0.506s] Level 1:colcon.colcon_core.package_identification:_identify(assets/worlds/test) by extension 'ros'
[0.506s] Level 1:colcon.colcon_core.package_identification:_identify(assets/worlds/test) by extensions ['cmake', 'python']
[0.506s] Level 1:colcon.colcon_core.package_identification:_identify(assets/worlds/test) by extension 'cmake'
[0.506s] Level 1:colcon.colcon_core.package_identification:_identify(assets/worlds/test) by extension 'python'
[0.506s] Level 1:colcon.colcon_core.package_identification:_identify(assets/worlds/test) by extensions ['python_setup_py']
[0.506s] Level 1:colcon.colcon_core.package_identification:_identify(assets/worlds/test) by extension 'python_setup_py'
[0.506s] Level 1:colcon.colcon_core.package_identification:_identify(assets/worlds/train) by extensions ['ignore', 'ignore_ament_install']
[0.507s] Level 1:colcon.colcon_core.package_identification:_identify(assets/worlds/train) by extension 'ignore'
[0.507s] Level 1:colcon.colcon_core.package_identification:_identify(assets/worlds/train) by extension 'ignore_ament_install'
[0.507s] Level 1:colcon.colcon_core.package_identification:_identify(assets/worlds/train) by extensions ['colcon_pkg']
[0.507s] Level 1:colcon.colcon_core.package_identification:_identify(assets/worlds/train) by extension 'colcon_pkg'
[0.507s] Level 1:colcon.colcon_core.package_identification:_identify(assets/worlds/train) by extensions ['colcon_meta']
[0.507s] Level 1:colcon.colcon_core.package_identification:_identify(assets/worlds/train) by extension 'colcon_meta'
[0.507s] Level 1:colcon.colcon_core.package_identification:_identify(assets/worlds/train) by extensions ['ros']
[0.507s] Level 1:colcon.colcon_core.package_identification:_identify(assets/worlds/train) by extension 'ros'
[0.507s] Level 1:colcon.colcon_core.package_identification:_identify(assets/worlds/train) by extensions ['cmake', 'python']
[0.507s] Level 1:colcon.colcon_core.package_identification:_identify(assets/worlds/train) by extension 'cmake'
[0.507s] Level 1:colcon.colcon_core.package_identification:_identify(assets/worlds/train) by extension 'python'
[0.507s] Level 1:colcon.colcon_core.package_identification:_identify(assets/worlds/train) by extensions ['python_setup_py']
[0.507s] Level 1:colcon.colcon_core.package_identification:_identify(assets/worlds/train) by extension 'python_setup_py'
[0.507s] Level 1:colcon.colcon_core.package_identification:_identify(assets/worlds/val) by extensions ['ignore', 'ignore_ament_install']
[0.507s] Level 1:colcon.colcon_core.package_identification:_identify(assets/worlds/val) by extension 'ignore'
[0.507s] Level 1:colcon.colcon_core.package_identification:_identify(assets/worlds/val) by extension 'ignore_ament_install'
[0.507s] Level 1:colcon.colcon_core.package_identification:_identify(assets/worlds/val) by extensions ['colcon_pkg']
[0.507s] Level 1:colcon.colcon_core.package_identification:_identify(assets/worlds/val) by extension 'colcon_pkg'
[0.507s] Level 1:colcon.colcon_core.package_identification:_identify(assets/worlds/val) by extensions ['colcon_meta']
[0.507s] Level 1:colcon.colcon_core.package_identification:_identify(assets/worlds/val) by extension 'colcon_meta'
[0.507s] Level 1:colcon.colcon_core.package_identification:_identify(assets/worlds/val) by extensions ['ros']
[0.507s] Level 1:colcon.colcon_core.package_identification:_identify(assets/worlds/val) by extension 'ros'
[0.507s] Level 1:colcon.colcon_core.package_identification:_identify(assets/worlds/val) by extensions ['cmake', 'python']
[0.507s] Level 1:colcon.colcon_core.package_identification:_identify(assets/worlds/val) by extension 'cmake'
[0.507s] Level 1:colcon.colcon_core.package_identification:_identify(assets/worlds/val) by extension 'python'
[0.507s] Level 1:colcon.colcon_core.package_identification:_identify(assets/worlds/val) by extensions ['python_setup_py']
[0.507s] Level 1:colcon.colcon_core.package_identification:_identify(assets/worlds/val) by extension 'python_setup_py'
[0.507s] Level 1:colcon.colcon_core.package_identification:_identify(build) by extensions ['ignore', 'ignore_ament_install']
[0.507s] Level 1:colcon.colcon_core.package_identification:_identify(build) by extension 'ignore'
[0.507s] Level 1:colcon.colcon_core.package_identification:_identify(build) ignored
[0.507s] Level 1:colcon.colcon_core.package_identification:_identify(install) by extensions ['ignore', 'ignore_ament_install']
[0.508s] Level 1:colcon.colcon_core.package_identification:_identify(install) by extension 'ignore'
[0.508s] Level 1:colcon.colcon_core.package_identification:_identify(install) ignored
[0.508s] Level 1:colcon.colcon_core.package_identification:_identify(lib) by extensions ['ignore', 'ignore_ament_install']
[0.508s] Level 1:colcon.colcon_core.package_identification:_identify(lib) by extension 'ignore'
[0.508s] Level 1:colcon.colcon_core.package_identification:_identify(lib) by extension 'ignore_ament_install'
[0.508s] Level 1:colcon.colcon_core.package_identification:_identify(lib) by extensions ['colcon_pkg']
[0.508s] Level 1:colcon.colcon_core.package_identification:_identify(lib) by extension 'colcon_pkg'
[0.508s] Level 1:colcon.colcon_core.package_identification:_identify(lib) by extensions ['colcon_meta']
[0.508s] Level 1:colcon.colcon_core.package_identification:_identify(lib) by extension 'colcon_meta'
[0.508s] Level 1:colcon.colcon_core.package_identification:_identify(lib) by extensions ['ros']
[0.508s] Level 1:colcon.colcon_core.package_identification:_identify(lib) by extension 'ros'
[0.508s] Level 1:colcon.colcon_core.package_identification:_identify(lib) by extensions ['cmake', 'python']
[0.508s] Level 1:colcon.colcon_core.package_identification:_identify(lib) by extension 'cmake'
[0.508s] Level 1:colcon.colcon_core.package_identification:_identify(lib) by extension 'python'
[0.508s] Level 1:colcon.colcon_core.package_identification:_identify(lib) by extensions ['python_setup_py']
[0.508s] Level 1:colcon.colcon_core.package_identification:_identify(lib) by extension 'python_setup_py'
[0.508s] Level 1:colcon.colcon_core.package_identification:_identify(lib/__pycache__) by extensions ['ignore', 'ignore_ament_install']
[0.508s] Level 1:colcon.colcon_core.package_identification:_identify(lib/__pycache__) by extension 'ignore'
[0.508s] Level 1:colcon.colcon_core.package_identification:_identify(lib/__pycache__) by extension 'ignore_ament_install'
[0.508s] Level 1:colcon.colcon_core.package_identification:_identify(lib/__pycache__) by extensions ['colcon_pkg']
[0.508s] Level 1:colcon.colcon_core.package_identification:_identify(lib/__pycache__) by extension 'colcon_pkg'
[0.508s] Level 1:colcon.colcon_core.package_identification:_identify(lib/__pycache__) by extensions ['colcon_meta']
[0.508s] Level 1:colcon.colcon_core.package_identification:_identify(lib/__pycache__) by extension 'colcon_meta'
[0.508s] Level 1:colcon.colcon_core.package_identification:_identify(lib/__pycache__) by extensions ['ros']
[0.508s] Level 1:colcon.colcon_core.package_identification:_identify(lib/__pycache__) by extension 'ros'
[0.508s] Level 1:colcon.colcon_core.package_identification:_identify(lib/__pycache__) by extensions ['cmake', 'python']
[0.508s] Level 1:colcon.colcon_core.package_identification:_identify(lib/__pycache__) by extension 'cmake'
[0.508s] Level 1:colcon.colcon_core.package_identification:_identify(lib/__pycache__) by extension 'python'
[0.509s] Level 1:colcon.colcon_core.package_identification:_identify(lib/__pycache__) by extensions ['python_setup_py']
[0.509s] Level 1:colcon.colcon_core.package_identification:_identify(lib/__pycache__) by extension 'python_setup_py'
[0.509s] Level 1:colcon.colcon_core.package_identification:_identify(log) by extensions ['ignore', 'ignore_ament_install']
[0.509s] Level 1:colcon.colcon_core.package_identification:_identify(log) by extension 'ignore'
[0.509s] Level 1:colcon.colcon_core.package_identification:_identify(log) ignored
[0.509s] Level 1:colcon.colcon_core.package_identification:_identify(media) by extensions ['ignore', 'ignore_ament_install']
[0.509s] Level 1:colcon.colcon_core.package_identification:_identify(media) by extension 'ignore'
[0.509s] Level 1:colcon.colcon_core.package_identification:_identify(media) by extension 'ignore_ament_install'
[0.509s] Level 1:colcon.colcon_core.package_identification:_identify(media) by extensions ['colcon_pkg']
[0.509s] Level 1:colcon.colcon_core.package_identification:_identify(media) by extension 'colcon_pkg'
[0.509s] Level 1:colcon.colcon_core.package_identification:_identify(media) by extensions ['colcon_meta']
[0.509s] Level 1:colcon.colcon_core.package_identification:_identify(media) by extension 'colcon_meta'
[0.509s] Level 1:colcon.colcon_core.package_identification:_identify(media) by extensions ['ros']
[0.509s] Level 1:colcon.colcon_core.package_identification:_identify(media) by extension 'ros'
[0.509s] Level 1:colcon.colcon_core.package_identification:_identify(media) by extensions ['cmake', 'python']
[0.509s] Level 1:colcon.colcon_core.package_identification:_identify(media) by extension 'cmake'
[0.509s] Level 1:colcon.colcon_core.package_identification:_identify(media) by extension 'python'
[0.509s] Level 1:colcon.colcon_core.package_identification:_identify(media) by extensions ['python_setup_py']
[0.509s] Level 1:colcon.colcon_core.package_identification:_identify(media) by extension 'python_setup_py'
[0.509s] Level 1:colcon.colcon_core.package_identification:_identify(media/SAC_Dense) by extensions ['ignore', 'ignore_ament_install']
[0.509s] Level 1:colcon.colcon_core.package_identification:_identify(media/SAC_Dense) by extension 'ignore'
[0.509s] Level 1:colcon.colcon_core.package_identification:_identify(media/SAC_Dense) by extension 'ignore_ament_install'
[0.509s] Level 1:colcon.colcon_core.package_identification:_identify(media/SAC_Dense) by extensions ['colcon_pkg']
[0.509s] Level 1:colcon.colcon_core.package_identification:_identify(media/SAC_Dense) by extension 'colcon_pkg'
[0.509s] Level 1:colcon.colcon_core.package_identification:_identify(media/SAC_Dense) by extensions ['colcon_meta']
[0.509s] Level 1:colcon.colcon_core.package_identification:_identify(media/SAC_Dense) by extension 'colcon_meta'
[0.509s] Level 1:colcon.colcon_core.package_identification:_identify(media/SAC_Dense) by extensions ['ros']
[0.509s] Level 1:colcon.colcon_core.package_identification:_identify(media/SAC_Dense) by extension 'ros'
[0.509s] Level 1:colcon.colcon_core.package_identification:_identify(media/SAC_Dense) by extensions ['cmake', 'python']
[0.509s] Level 1:colcon.colcon_core.package_identification:_identify(media/SAC_Dense) by extension 'cmake'
[0.509s] Level 1:colcon.colcon_core.package_identification:_identify(media/SAC_Dense) by extension 'python'
[0.509s] Level 1:colcon.colcon_core.package_identification:_identify(media/SAC_Dense) by extensions ['python_setup_py']
[0.509s] Level 1:colcon.colcon_core.package_identification:_identify(media/SAC_Dense) by extension 'python_setup_py'
[0.510s] Level 1:colcon.colcon_core.package_identification:_identify(media/SAC_Dense_Hist) by extensions ['ignore', 'ignore_ament_install']
[0.510s] Level 1:colcon.colcon_core.package_identification:_identify(media/SAC_Dense_Hist) by extension 'ignore'
[0.510s] Level 1:colcon.colcon_core.package_identification:_identify(media/SAC_Dense_Hist) by extension 'ignore_ament_install'
[0.510s] Level 1:colcon.colcon_core.package_identification:_identify(media/SAC_Dense_Hist) by extensions ['colcon_pkg']
[0.510s] Level 1:colcon.colcon_core.package_identification:_identify(media/SAC_Dense_Hist) by extension 'colcon_pkg'
[0.510s] Level 1:colcon.colcon_core.package_identification:_identify(media/SAC_Dense_Hist) by extensions ['colcon_meta']
[0.510s] Level 1:colcon.colcon_core.package_identification:_identify(media/SAC_Dense_Hist) by extension 'colcon_meta'
[0.510s] Level 1:colcon.colcon_core.package_identification:_identify(media/SAC_Dense_Hist) by extensions ['ros']
[0.510s] Level 1:colcon.colcon_core.package_identification:_identify(media/SAC_Dense_Hist) by extension 'ros'
[0.510s] Level 1:colcon.colcon_core.package_identification:_identify(media/SAC_Dense_Hist) by extensions ['cmake', 'python']
[0.510s] Level 1:colcon.colcon_core.package_identification:_identify(media/SAC_Dense_Hist) by extension 'cmake'
[0.510s] Level 1:colcon.colcon_core.package_identification:_identify(media/SAC_Dense_Hist) by extension 'python'
[0.510s] Level 1:colcon.colcon_core.package_identification:_identify(media/SAC_Dense_Hist) by extensions ['python_setup_py']
[0.510s] Level 1:colcon.colcon_core.package_identification:_identify(media/SAC_Dense_Hist) by extension 'python_setup_py'
[0.510s] Level 1:colcon.colcon_core.package_identification:_identify(media/SAC_Penalized) by extensions ['ignore', 'ignore_ament_install']
[0.510s] Level 1:colcon.colcon_core.package_identification:_identify(media/SAC_Penalized) by extension 'ignore'
[0.510s] Level 1:colcon.colcon_core.package_identification:_identify(media/SAC_Penalized) by extension 'ignore_ament_install'
[0.510s] Level 1:colcon.colcon_core.package_identification:_identify(media/SAC_Penalized) by extensions ['colcon_pkg']
[0.510s] Level 1:colcon.colcon_core.package_identification:_identify(media/SAC_Penalized) by extension 'colcon_pkg'
[0.510s] Level 1:colcon.colcon_core.package_identification:_identify(media/SAC_Penalized) by extensions ['colcon_meta']
[0.510s] Level 1:colcon.colcon_core.package_identification:_identify(media/SAC_Penalized) by extension 'colcon_meta'
[0.510s] Level 1:colcon.colcon_core.package_identification:_identify(media/SAC_Penalized) by extensions ['ros']
[0.510s] Level 1:colcon.colcon_core.package_identification:_identify(media/SAC_Penalized) by extension 'ros'
[0.510s] Level 1:colcon.colcon_core.package_identification:_identify(media/SAC_Penalized) by extensions ['cmake', 'python']
[0.510s] Level 1:colcon.colcon_core.package_identification:_identify(media/SAC_Penalized) by extension 'cmake'
[0.510s] Level 1:colcon.colcon_core.package_identification:_identify(media/SAC_Penalized) by extension 'python'
[0.510s] Level 1:colcon.colcon_core.package_identification:_identify(media/SAC_Penalized) by extensions ['python_setup_py']
[0.510s] Level 1:colcon.colcon_core.package_identification:_identify(media/SAC_Penalized) by extension 'python_setup_py'
[0.510s] Level 1:colcon.colcon_core.package_identification:_identify(media/SAC_Sparse_HER) by extensions ['ignore', 'ignore_ament_install']
[0.510s] Level 1:colcon.colcon_core.package_identification:_identify(media/SAC_Sparse_HER) by extension 'ignore'
[0.510s] Level 1:colcon.colcon_core.package_identification:_identify(media/SAC_Sparse_HER) by extension 'ignore_ament_install'
[0.510s] Level 1:colcon.colcon_core.package_identification:_identify(media/SAC_Sparse_HER) by extensions ['colcon_pkg']
[0.510s] Level 1:colcon.colcon_core.package_identification:_identify(media/SAC_Sparse_HER) by extension 'colcon_pkg'
[0.511s] Level 1:colcon.colcon_core.package_identification:_identify(media/SAC_Sparse_HER) by extensions ['colcon_meta']
[0.511s] Level 1:colcon.colcon_core.package_identification:_identify(media/SAC_Sparse_HER) by extension 'colcon_meta'
[0.511s] Level 1:colcon.colcon_core.package_identification:_identify(media/SAC_Sparse_HER) by extensions ['ros']
[0.511s] Level 1:colcon.colcon_core.package_identification:_identify(media/SAC_Sparse_HER) by extension 'ros'
[0.511s] Level 1:colcon.colcon_core.package_identification:_identify(media/SAC_Sparse_HER) by extensions ['cmake', 'python']
[0.511s] Level 1:colcon.colcon_core.package_identification:_identify(media/SAC_Sparse_HER) by extension 'cmake'
[0.511s] Level 1:colcon.colcon_core.package_identification:_identify(media/SAC_Sparse_HER) by extension 'python'
[0.511s] Level 1:colcon.colcon_core.package_identification:_identify(media/SAC_Sparse_HER) by extensions ['python_setup_py']
[0.511s] Level 1:colcon.colcon_core.package_identification:_identify(media/SAC_Sparse_HER) by extension 'python_setup_py'
[0.511s] Level 1:colcon.colcon_core.package_identification:_identify(media/SAC_Sparse_HER_Hist) by extensions ['ignore', 'ignore_ament_install']
[0.511s] Level 1:colcon.colcon_core.package_identification:_identify(media/SAC_Sparse_HER_Hist) by extension 'ignore'
[0.511s] Level 1:colcon.colcon_core.package_identification:_identify(media/SAC_Sparse_HER_Hist) by extension 'ignore_ament_install'
[0.511s] Level 1:colcon.colcon_core.package_identification:_identify(media/SAC_Sparse_HER_Hist) by extensions ['colcon_pkg']
[0.511s] Level 1:colcon.colcon_core.package_identification:_identify(media/SAC_Sparse_HER_Hist) by extension 'colcon_pkg'
[0.511s] Level 1:colcon.colcon_core.package_identification:_identify(media/SAC_Sparse_HER_Hist) by extensions ['colcon_meta']
[0.511s] Level 1:colcon.colcon_core.package_identification:_identify(media/SAC_Sparse_HER_Hist) by extension 'colcon_meta'
[0.511s] Level 1:colcon.colcon_core.package_identification:_identify(media/SAC_Sparse_HER_Hist) by extensions ['ros']
[0.511s] Level 1:colcon.colcon_core.package_identification:_identify(media/SAC_Sparse_HER_Hist) by extension 'ros'
[0.511s] Level 1:colcon.colcon_core.package_identification:_identify(media/SAC_Sparse_HER_Hist) by extensions ['cmake', 'python']
[0.511s] Level 1:colcon.colcon_core.package_identification:_identify(media/SAC_Sparse_HER_Hist) by extension 'cmake'
[0.511s] Level 1:colcon.colcon_core.package_identification:_identify(media/SAC_Sparse_HER_Hist) by extension 'python'
[0.511s] Level 1:colcon.colcon_core.package_identification:_identify(media/SAC_Sparse_HER_Hist) by extensions ['python_setup_py']
[0.511s] Level 1:colcon.colcon_core.package_identification:_identify(media/SAC_Sparse_HER_Hist) by extension 'python_setup_py'
[0.511s] Level 1:colcon.colcon_core.package_discovery:discover_packages(recursive) using defaults
[0.511s] Level 1:colcon.colcon_core.package_discovery:discover_packages(ignore) discover
[0.511s] Level 1:colcon.colcon_core.package_discovery:discover_packages(ignore) using defaults
[0.511s] Level 1:colcon.colcon_core.package_discovery:discover_packages(path) discover
[0.511s] Level 1:colcon.colcon_core.package_discovery:discover_packages(path) using defaults
[0.536s] Level 1:colcon.colcon_core.package_discovery:discover_packages(prefix_path) check parameters
[0.536s] Level 1:colcon.colcon_core.package_discovery:discover_packages(prefix_path) discover
[0.538s] DEBUG:colcon.colcon_installed_package_information.package_discovery:Found 359 installed packages in /opt/ros/humble
[0.539s] Level 1:colcon.colcon_core.package_discovery:discover_packages(prefix_path) using defaults
[0.565s] INFO:colcon.colcon_core.executor:Executing jobs using 'parallel' executor
[0.566s] DEBUG:colcon.colcon_parallel_executor.executor.parallel:run_until_complete
[0.566s] DEBUG:colcon.colcon_parallel_executor.executor.parallel:closing loop
[0.566s] DEBUG:colcon.colcon_parallel_executor.executor.parallel:loop closed
[0.566s] DEBUG:colcon.colcon_parallel_executor.executor.parallel:run_until_complete finished with '0'
[0.566s] DEBUG:colcon.colcon_core.event_reactor:joining thread
[0.570s] INFO:colcon.colcon_core.plugin_system:Skipping extension 'colcon_notification.desktop_notification.terminal_notifier': Not used on non-Darwin systems
[0.570s] INFO:colcon.colcon_core.plugin_system:Skipping extension 'colcon_notification.desktop_notification.win32': Not used on non-Windows systems
[0.570s] INFO:colcon.colcon_notification.desktop_notification:Sending desktop notification using 'notify2'
[0.582s] DEBUG:colcon.colcon_core.event_reactor:joined thread
[0.586s] INFO:colcon.colcon_core.plugin_system:Skipping extension 'colcon_core.shell.bat': Not used on non-Windows systems
[0.586s] INFO:colcon.colcon_core.shell:Creating prefix script '/home/toris/rl_nav/install/local_setup.ps1'
[0.587s] INFO:colcon.colcon_core.shell:Creating prefix util module '/home/toris/rl_nav/install/_local_setup_util_ps1.py'
[0.589s] INFO:colcon.colcon_core.shell:Creating prefix chain script '/home/toris/rl_nav/install/setup.ps1'
[0.590s] INFO:colcon.colcon_core.shell:Creating prefix script '/home/toris/rl_nav/install/local_setup.sh'
[0.591s] INFO:colcon.colcon_core.shell:Creating prefix util module '/home/toris/rl_nav/install/_local_setup_util_sh.py'
[0.591s] INFO:colcon.colcon_core.shell:Creating prefix chain script '/home/toris/rl_nav/install/setup.sh'
[0.592s] INFO:colcon.colcon_core.shell:Creating prefix script '/home/toris/rl_nav/install/local_setup.bash'
[0.593s] INFO:colcon.colcon_core.shell:Creating prefix chain script '/home/toris/rl_nav/install/setup.bash'
[0.594s] INFO:colcon.colcon_core.shell:Creating prefix script '/home/toris/rl_nav/install/local_setup.zsh'
[0.594s] INFO:colcon.colcon_core.shell:Creating prefix chain script '/home/toris/rl_nav/install/setup.zsh'
